origin_month,occupation_group,target_month_1,target_month_2,target_month_3,y,label_available_at,valid_reason,month,target_low_support
2016-01,11-0000,2016-02,2016-03,2016-04,0.026550579956869564,,valid,2016-01,False
2016-01,13-0000,2016-02,2016-03,2016-04,0.029018928742351135,,valid,2016-01,False
2016-01,15-0000,2016-02,2016-03,2016-04,0.020791776721772803,,valid,2016-01,True
2016-01,17-0000,2016-02,2016-03,2016-04,0.029685406088037464,,valid,2016-01,True
2016-01,19-0000,2016-02,2016-03,2016-04,0.029911635287673866,,valid,2016-01,True
2016-01,21-0000,2016-02,2016-03,2016-04,0.025138284457940734,,valid,2016-01,True
2016-01,23-0000,2016-02,2016-03,2016-04,0.009569957043396967,,valid,2016-01,True
2016-01,25-0000,2016-02,2016-03,2016-04,0.017738824530715135,,valid,2016-01,False
2016-01,27-0000,2016-02,2016-03,2016-04,0.0398398134932341,,valid,2016-01,False
2016-01,29-0000,2016-02,2016-03,2016-04,0.014045210494375134,,valid,2016-01,False
2016-01,31-0000,2016-02,2016-03,2016-04,0.0486833476852197,,valid,2016-01,False
2016-01,33-0000,2016-02,2016-03,2016-04,0.0442101139920785,,valid,2016-01,False
2016-01,35-0000,2016-02,2016-03,2016-04,0.06845380700073704,,valid,2016-01,False
2016-01,37-0000,2016-02,2016-03,2016-04,0.08506408925708586,,valid,2016-01,False
2016-01,39-0000,2016-02,2016-03,2016-04,0.046374832620789896,,valid,2016-01,False
2016-01,41-0000,2016-02,2016-03,2016-04,0.0473138451059224,,valid,2016-01,False
2016-01,43-0000,2016-02,2016-03,2016-04,0.04851327856914354,,valid,2016-01,False
2016-01,45-0000,2016-02,2016-03,2016-04,0.11820612678684629,,valid,2016-01,False
2016-01,47-0000,2016-02,2016-03,2016-04,0.08680164605975448,,valid,2016-01,False
2016-01,49-0000,2016-02,2016-03,2016-04,0.046634482807595336,,valid,2016-01,False
2016-01,51-0000,2016-02,2016-03,2016-04,0.0590181446365139,,valid,2016-01,False
2016-01,53-0000,2016-02,2016-03,2016-04,0.0697234477528838,,valid,2016-01,False
2016-02,11-0000,2016-03,2016-04,2016-05,0.026110045788150533,,valid,2016-02,False
2016-02,13-0000,2016-03,2016-04,2016-05,0.025530739079056997,,valid,2016-02,False
2016-02,15-0000,2016-03,2016-04,2016-05,0.019011066261236734,,valid,2016-02,True
2016-02,17-0000,2016-03,2016-04,2016-05,0.02451833327867403,,valid,2016-02,True
2016-02,19-0000,2016-03,2016-04,2016-05,0.033372177003617,,valid,2016-02,True
2016-02,21-0000,2016-03,2016-04,2016-05,0.022066866150355264,,valid,2016-02,True
2016-02,23-0000,2016-03,2016-04,2016-05,0.010877223070751932,,valid,2016-02,True
2016-02,25-0000,2016-03,2016-04,2016-05,0.017131064158788133,,valid,2016-02,False
2016-02,27-0000,2016-03,2016-04,2016-05,0.03937153451833953,,valid,2016-02,False
2016-02,29-0000,2016-03,2016-04,2016-05,0.014378349097368034,,valid,2016-02,False
2016-02,31-0000,2016-03,2016-04,2016-05,0.049730317504094235,,valid,2016-02,False
2016-02,33-0000,2016-03,2016-04,2016-05,0.0420596704188507,,valid,2016-02,False
2016-02,35-0000,2016-03,2016-04,2016-05,0.06568630088284687,,valid,2016-02,False
2016-02,37-0000,2016-03,2016-04,2016-05,0.0734285877045327,,valid,2016-02,False
2016-02,39-0000,2016-03,2016-04,2016-05,0.0426526018146153,,valid,2016-02,False
2016-02,41-0000,2016-03,2016-04,2016-05,0.049276066009343866,,valid,2016-02,False
2016-02,43-0000,2016-03,2016-04,2016-05,0.042728494374860565,,valid,2016-02,False
2016-02,45-0000,2016-03,2016-04,2016-05,0.10387004770441399,,valid,2016-02,False
2016-02,47-0000,2016-03,2016-04,2016-05,0.07530511275907753,,valid,2016-02,False
2016-02,49-0000,2016-03,2016-04,2016-05,0.044935590198643766,,valid,2016-02,False
2016-02,51-0000,2016-03,2016-04,2016-05,0.059490318879759696,,valid,2016-02,False
2016-02,53-0000,2016-03,2016-04,2016-05,0.06737526079178734,,valid,2016-02,False
2016-03,11-0000,2016-04,2016-05,2016-06,0.025671011127845065,,valid,2016-03,False
2016-03,13-0000,2016-04,2016-05,2016-06,0.0256954789971881,,valid,2016-03,False
2016-03,15-0000,2016-04,2016-05,2016-06,0.0184405918477575,,valid,2016-03,True
2016-03,17-0000,2016-04,2016-05,2016-06,0.024509102485168466,,valid,2016-03,True
2016-03,19-0000,2016-04,2016-05,2016-06,0.029371522912940134,,valid,2016-03,True
2016-03,21-0000,2016-04,2016-05,2016-06,0.02160771723867923,,valid,2016-03,True
2016-03,23-0000,2016-04,2016-05,2016-06,0.0062567465681174,,valid,2016-03,True
2016-03,25-0000,2016-04,2016-05,2016-06,0.029808627546369603,,valid,2016-03,False
2016-03,27-0000,2016-04,2016-05,2016-06,0.04025925486286593,,valid,2016-03,False
2016-03,29-0000,2016-04,2016-05,2016-06,0.012893911451719633,,valid,2016-03,False
2016-03,31-0000,2016-04,2016-05,2016-06,0.047165767949207765,,valid,2016-03,False
2016-03,33-0000,2016-04,2016-05,2016-06,0.03986507770971957,,valid,2016-03,False
2016-03,35-0000,2016-04,2016-05,2016-06,0.0640872098595473,,valid,2016-03,False
2016-03,37-0000,2016-04,2016-05,2016-06,0.0642036317584011,,valid,2016-03,False
2016-03,39-0000,2016-04,2016-05,2016-06,0.044368075715932896,,valid,2016-03,False
2016-03,41-0000,2016-04,2016-05,2016-06,0.05084223530596623,,valid,2016-03,False
2016-03,43-0000,2016-04,2016-05,2016-06,0.039157592579187966,,valid,2016-03,False
2016-03,45-0000,2016-04,2016-05,2016-06,0.09714196558530756,,valid,2016-03,False
2016-03,47-0000,2016-04,2016-05,2016-06,0.061506426628425204,,valid,2016-03,False
2016-03,49-0000,2016-04,2016-05,2016-06,0.042512672577875,,valid,2016-03,False
2016-03,51-0000,2016-04,2016-05,2016-06,0.0559912893825715,,valid,2016-03,False
2016-03,53-0000,2016-04,2016-05,2016-06,0.0666982535275743,,valid,2016-03,False
2016-04,11-0000,2016-05,2016-06,2016-07,0.024082583723666368,,valid,2016-04,False
2016-04,13-0000,2016-05,2016-06,2016-07,0.028355447654621765,,valid,2016-04,False
2016-04,15-0000,2016-05,2016-06,2016-07,0.0216791968965539,,valid,2016-04,True
2016-04,17-0000,2016-05,2016-06,2016-07,0.022861510395377597,,valid,2016-04,True
2016-04,19-0000,2016-05,2016-06,2016-07,0.026663605473605065,,valid,2016-04,True
2016-04,21-0000,2016-05,2016-06,2016-07,0.0270338152882348,,valid,2016-04,True
2016-04,23-0000,2016-05,2016-06,2016-07,0.0075990080558398,,valid,2016-04,True
2016-04,25-0000,2016-05,2016-06,2016-07,0.04541319250970236,,valid,2016-04,False
2016-04,27-0000,2016-05,2016-06,2016-07,0.04244585748130953,,valid,2016-04,False
2016-04,29-0000,2016-05,2016-06,2016-07,0.014293595769589567,,valid,2016-04,False
2016-04,31-0000,2016-05,2016-06,2016-07,0.04763750945394297,,valid,2016-04,False
2016-04,33-0000,2016-05,2016-06,2016-07,0.03415382303567113,,valid,2016-04,False
2016-04,35-0000,2016-05,2016-06,2016-07,0.06662172771961412,,valid,2016-04,False
2016-04,37-0000,2016-05,2016-06,2016-07,0.05956358701577224,,valid,2016-04,False
2016-04,39-0000,2016-05,2016-06,2016-07,0.048990466925430194,,valid,2016-04,False
2016-04,41-0000,2016-05,2016-06,2016-07,0.0496743547024098,,valid,2016-04,False
2016-04,43-0000,2016-05,2016-06,2016-07,0.03812858632484623,,valid,2016-04,False
2016-04,45-0000,2016-05,2016-06,2016-07,0.08919496491221278,,valid,2016-04,False
2016-04,47-0000,2016-05,2016-06,2016-07,0.0563236058666107,,valid,2016-04,False
2016-04,49-0000,2016-05,2016-06,2016-07,0.0416256744666014,,valid,2016-04,False
2016-04,51-0000,2016-05,2016-06,2016-07,0.05653314561980557,,valid,2016-04,False
2016-04,53-0000,2016-05,2016-06,2016-07,0.06882749953931662,,valid,2016-04,False
2016-05,11-0000,2016-06,2016-07,2016-08,0.023748628924519833,,valid,2016-05,False
2016-05,13-0000,2016-06,2016-07,2016-08,0.031465322247391334,,valid,2016-05,False
2016-05,15-0000,2016-06,2016-07,2016-08,0.024373287307623333,,valid,2016-05,False
2016-05,17-0000,2016-06,2016-07,2016-08,0.021977298514442065,,valid,2016-05,True
2016-05,19-0000,2016-06,2016-07,2016-08,0.021003426413611966,,valid,2016-05,True
2016-05,21-0000,2016-06,2016-07,2016-08,0.0311931197230111,,valid,2016-05,True
2016-05,23-0000,2016-06,2016-07,2016-08,0.008631416937736834,,valid,2016-05,True
2016-05,25-0000,2016-06,2016-07,2016-08,0.060687729399311136,,valid,2016-05,False
2016-05,27-0000,2016-06,2016-07,2016-08,0.05212013094632634,,valid,2016-05,False
2016-05,29-0000,2016-06,2016-07,2016-08,0.01597722511822317,,valid,2016-05,False
2016-05,31-0000,2016-06,2016-07,2016-08,0.05011485572368977,,valid,2016-05,False
2016-05,33-0000,2016-06,2016-07,2016-08,0.0331364558820018,,valid,2016-05,False
2016-05,35-0000,2016-06,2016-07,2016-08,0.06873160156527007,,valid,2016-05,False
2016-05,37-0000,2016-06,2016-07,2016-08,0.0587397560784031,,valid,2016-05,False
2016-05,39-0000,2016-06,2016-07,2016-08,0.04890609177086943,,valid,2016-05,False
2016-05,41-0000,2016-06,2016-07,2016-08,0.04888974798359927,,valid,2016-05,False
2016-05,43-0000,2016-06,2016-07,2016-08,0.03891937749080383,,valid,2016-05,False
2016-05,45-0000,2016-06,2016-07,2016-08,0.0780051606782296,,valid,2016-05,False
2016-05,47-0000,2016-06,2016-07,2016-08,0.0561994147254686,,valid,2016-05,False
2016-05,49-0000,2016-06,2016-07,2016-08,0.039788960523599565,,valid,2016-05,False
2016-05,51-0000,2016-06,2016-07,2016-08,0.05380922061224297,,valid,2016-05,False
2016-05,53-0000,2016-06,2016-07,2016-08,0.07213367269722493,,valid,2016-05,False
2016-06,11-0000,2016-07,2016-08,2016-09,0.025905560030433702,,valid,2016-06,False
2016-06,13-0000,2016-07,2016-08,2016-09,0.031232916359145897,,valid,2016-06,False
2016-06,15-0000,2016-07,2016-08,2016-09,0.0272302867026256,,valid,2016-06,False
2016-06,17-0000,2016-07,2016-08,2016-09,0.018362283609610466,,valid,2016-06,True
2016-06,19-0000,2016-07,2016-08,2016-09,0.016266798167721266,,valid,2016-06,True
2016-06,21-0000,2016-07,2016-08,2016-09,0.03250595926981754,,valid,2016-06,False
2016-06,23-0000,2016-07,2016-08,2016-09,0.0137336595822452,,valid,2016-06,True
2016-06,25-0000,2016-07,2016-08,2016-09,0.05191642605932654,,valid,2016-06,False
2016-06,27-0000,2016-07,2016-08,2016-09,0.05439354893627737,,valid,2016-06,False
2016-06,29-0000,2016-07,2016-08,2016-09,0.0172917324169581,,valid,2016-06,False
2016-06,31-0000,2016-07,2016-08,2016-09,0.05395395725333863,,valid,2016-06,False
2016-06,33-0000,2016-07,2016-08,2016-09,0.03475146687203864,,valid,2016-06,False
2016-06,35-0000,2016-07,2016-08,2016-09,0.06867974992554757,,valid,2016-06,False
2016-06,37-0000,2016-07,2016-08,2016-09,0.0583845376244915,,valid,2016-06,False
2016-06,39-0000,2016-07,2016-08,2016-09,0.0494513009828506,,valid,2016-06,False
2016-06,41-0000,2016-07,2016-08,2016-09,0.05005565517095426,,valid,2016-06,False
2016-06,43-0000,2016-07,2016-08,2016-09,0.0388771941226218,,valid,2016-06,False
2016-06,45-0000,2016-07,2016-08,2016-09,0.0719130061473144,,valid,2016-06,False
2016-06,47-0000,2016-07,2016-08,2016-09,0.057675360603086805,,valid,2016-06,False
2016-06,49-0000,2016-07,2016-08,2016-09,0.03596905330198757,,valid,2016-06,False
2016-06,51-0000,2016-07,2016-08,2016-09,0.05875558275716793,,valid,2016-06,False
2016-06,53-0000,2016-07,2016-08,2016-09,0.0704734922857669,,valid,2016-06,False
2016-07,11-0000,2016-08,2016-09,2016-10,0.02648743571090423,,valid,2016-07,False
2016-07,13-0000,2016-08,2016-09,2016-10,0.031123321621616466,,valid,2016-07,False
2016-07,15-0000,2016-08,2016-09,2016-10,0.028782508634089033,,valid,2016-07,False
2016-07,17-0000,2016-08,2016-09,2016-10,0.020936309558448163,,valid,2016-07,True
2016-07,19-0000,2016-08,2016-09,2016-10,0.011530494326699501,,valid,2016-07,True
2016-07,21-0000,2016-08,2016-09,2016-10,0.028950439027936897,,valid,2016-07,True
2016-07,23-0000,2016-08,2016-09,2016-10,0.017075337977177366,,valid,2016-07,True
2016-07,25-0000,2016-08,2016-09,2016-10,0.038774799469159266,,valid,2016-07,False
2016-07,27-0000,2016-08,2016-09,2016-10,0.0573344493931472,,valid,2016-07,False
2016-07,29-0000,2016-08,2016-09,2016-10,0.0167916502376504,,valid,2016-07,False
2016-07,31-0000,2016-08,2016-09,2016-10,0.05896125892132326,,valid,2016-07,False
2016-07,33-0000,2016-08,2016-09,2016-10,0.038253287115728396,,valid,2016-07,False
2016-07,35-0000,2016-08,2016-09,2016-10,0.06897536950665063,,valid,2016-07,False
2016-07,37-0000,2016-08,2016-09,2016-10,0.061658478222778,,valid,2016-07,False
2016-07,39-0000,2016-08,2016-09,2016-10,0.050043339301422934,,valid,2016-07,False
2016-07,41-0000,2016-08,2016-09,2016-10,0.04857078328692027,,valid,2016-07,False
2016-07,43-0000,2016-08,2016-09,2016-10,0.03774879830009977,,valid,2016-07,False
2016-07,45-0000,2016-08,2016-09,2016-10,0.07059778148222833,,valid,2016-07,False
2016-07,47-0000,2016-08,2016-09,2016-10,0.06410256714260844,,valid,2016-07,False
2016-07,49-0000,2016-08,2016-09,2016-10,0.0352906982390835,,valid,2016-07,False
2016-07,51-0000,2016-08,2016-09,2016-10,0.057789724151155936,,valid,2016-07,False
2016-07,53-0000,2016-08,2016-09,2016-10,0.06466771583290747,,valid,2016-07,False
2016-08,11-0000,2016-09,2016-10,2016-11,0.02609791683665663,,valid,2016-08,False
2016-08,13-0000,2016-09,2016-10,2016-11,0.028806337008991465,,valid,2016-08,False
2016-08,15-0000,2016-09,2016-10,2016-11,0.03120056715904357,,valid,2016-08,False
2016-08,17-0000,2016-09,2016-10,2016-11,0.0212145884058054,,valid,2016-08,True
2016-08,19-0000,2016-09,2016-10,2016-11,0.010259298575730966,,valid,2016-08,True
2016-08,21-0000,2016-09,2016-10,2016-11,0.023309807869225235,,valid,2016-08,True
2016-08,23-0000,2016-09,2016-10,2016-11,0.0178730939380834,,valid,2016-08,True
2016-08,25-0000,2016-09,2016-10,2016-11,0.0241976592970751,,valid,2016-08,False
2016-08,27-0000,2016-09,2016-10,2016-11,0.054663276535457495,,valid,2016-08,False
2016-08,29-0000,2016-09,2016-10,2016-11,0.015549521981874601,,valid,2016-08,False
2016-08,31-0000,2016-09,2016-10,2016-11,0.0592198077632978,,valid,2016-08,False
2016-08,33-0000,2016-09,2016-10,2016-11,0.036915537808968994,,valid,2016-08,False
2016-08,35-0000,2016-09,2016-10,2016-11,0.0692384947071093,,valid,2016-08,False
2016-08,37-0000,2016-09,2016-10,2016-11,0.0637068051705402,,valid,2016-08,False
2016-08,39-0000,2016-09,2016-10,2016-11,0.0497841698292233,,valid,2016-08,False
2016-08,41-0000,2016-09,2016-10,2016-11,0.0479087042176457,,valid,2016-08,False
2016-08,43-0000,2016-09,2016-10,2016-11,0.03688905535312143,,valid,2016-08,False
2016-08,45-0000,2016-09,2016-10,2016-11,0.09493262495932715,,valid,2016-08,False
2016-08,47-0000,2016-09,2016-10,2016-11,0.06614471750953156,,valid,2016-08,False
2016-08,49-0000,2016-09,2016-10,2016-11,0.03329768169989696,,valid,2016-08,False
2016-08,51-0000,2016-09,2016-10,2016-11,0.057733230635385636,,valid,2016-08,False
2016-08,53-0000,2016-09,2016-10,2016-11,0.06127891898644173,,valid,2016-08,False
2016-09,11-0000,2016-10,2016-11,2016-12,0.02372843956270987,,valid,2016-09,False
2016-09,13-0000,2016-10,2016-11,2016-12,0.0286213553768517,,valid,2016-09,False
2016-09,15-0000,2016-10,2016-11,2016-12,0.031957725831231,,valid,2016-09,False
2016-09,17-0000,2016-10,2016-11,2016-12,0.023129303032376102,,valid,2016-09,True
2016-09,19-0000,2016-10,2016-11,2016-12,0.022185646904068365,,valid,2016-09,True
2016-09,21-0000,2016-10,2016-11,2016-12,0.021864414986799502,,valid,2016-09,True
2016-09,23-0000,2016-10,2016-11,2016-12,0.015652213493293,,valid,2016-09,True
2016-09,25-0000,2016-10,2016-11,2016-12,0.0201395831248139,,valid,2016-09,False
2016-09,27-0000,2016-10,2016-11,2016-12,0.0524675158470344,,valid,2016-09,False
2016-09,29-0000,2016-10,2016-11,2016-12,0.012924327880620368,,valid,2016-09,False
2016-09,31-0000,2016-10,2016-11,2016-12,0.05587564613646336,,valid,2016-09,False
2016-09,33-0000,2016-10,2016-11,2016-12,0.0327520509604673,,valid,2016-09,False
2016-09,35-0000,2016-10,2016-11,2016-12,0.0665016471801214,,valid,2016-09,False
2016-09,37-0000,2016-10,2016-11,2016-12,0.06715635256422893,,valid,2016-09,False
2016-09,39-0000,2016-10,2016-11,2016-12,0.047128058254806836,,valid,2016-09,False
2016-09,41-0000,2016-10,2016-11,2016-12,0.046009515020110636,,valid,2016-09,False
2016-09,43-0000,2016-10,2016-11,2016-12,0.03676918890294547,,valid,2016-09,False
2016-09,45-0000,2016-10,2016-11,2016-12,0.11721831128616943,,valid,2016-09,False
2016-09,47-0000,2016-10,2016-11,2016-12,0.0750426946583711,,valid,2016-09,False
2016-09,49-0000,2016-10,2016-11,2016-12,0.0332794542711077,,valid,2016-09,False
2016-09,51-0000,2016-10,2016-11,2016-12,0.055399143287593634,,valid,2016-09,False
2016-09,53-0000,2016-10,2016-11,2016-12,0.06132705507767477,,valid,2016-09,False
2016-10,11-0000,2016-11,2016-12,2017-01,0.02367326523212923,,valid,2016-10,False
2016-10,13-0000,2016-11,2016-12,2017-01,0.029465858344125403,,valid,2016-10,False
2016-10,15-0000,2016-11,2016-12,2017-01,0.030135925714277232,,valid,2016-10,False
2016-10,17-0000,2016-11,2016-12,2017-01,0.023159027769836235,,valid,2016-10,True
2016-10,19-0000,2016-11,2016-12,2017-01,0.026018310817620464,,valid,2016-10,True
2016-10,21-0000,2016-11,2016-12,2017-01,0.020396167572373298,,valid,2016-10,True
2016-10,23-0000,2016-11,2016-12,2017-01,0.0173121990310347,,valid,2016-10,True
2016-10,25-0000,2016-11,2016-12,2017-01,0.01835455924919927,,valid,2016-10,False
2016-10,27-0000,2016-11,2016-12,2017-01,0.05265611030037326,,valid,2016-10,False
2016-10,29-0000,2016-11,2016-12,2017-01,0.011465999728998567,,valid,2016-10,False
2016-10,31-0000,2016-11,2016-12,2017-01,0.050156165978868704,,valid,2016-10,False
2016-10,33-0000,2016-11,2016-12,2017-01,0.028800643680493464,,valid,2016-10,False
2016-10,35-0000,2016-11,2016-12,2017-01,0.06697655695041127,,valid,2016-10,False
2016-10,37-0000,2016-11,2016-12,2017-01,0.075975223872114,,valid,2016-10,False
2016-10,39-0000,2016-11,2016-12,2017-01,0.04486507997316643,,valid,2016-10,False
2016-10,41-0000,2016-11,2016-12,2017-01,0.0485587411865164,,valid,2016-10,False
2016-10,43-0000,2016-11,2016-12,2017-01,0.03835580582581904,,valid,2016-10,False
2016-10,45-0000,2016-11,2016-12,2017-01,0.14376698113918765,,valid,2016-10,False
2016-10,47-0000,2016-11,2016-12,2017-01,0.08450990584931327,,valid,2016-10,False
2016-10,49-0000,2016-11,2016-12,2017-01,0.032618649963091,,valid,2016-10,False
2016-10,51-0000,2016-11,2016-12,2017-01,0.0585072366686308,,valid,2016-10,False
2016-10,53-0000,2016-11,2016-12,2017-01,0.06584255783669778,,valid,2016-10,False
2016-11,11-0000,2016-12,2017-01,2017-02,0.0236297095621661,,valid,2016-11,False
2016-11,13-0000,2016-12,2017-01,2017-02,0.0297250352130685,,valid,2016-11,False
2016-11,15-0000,2016-12,2017-01,2017-02,0.027922892666025396,,valid,2016-11,False
2016-11,17-0000,2016-12,2017-01,2017-02,0.022902457410835898,,valid,2016-11,True
2016-11,19-0000,2016-12,2017-01,2017-02,0.02756639408142497,,valid,2016-11,True
2016-11,21-0000,2016-12,2017-01,2017-02,0.01839895293861017,,valid,2016-11,True
2016-11,23-0000,2016-12,2017-01,2017-02,0.017271184586953467,,valid,2016-11,True
2016-11,25-0000,2016-12,2017-01,2017-02,0.0183772054671293,,valid,2016-11,False
2016-11,27-0000,2016-12,2017-01,2017-02,0.0435648669206354,,valid,2016-11,False
2016-11,29-0000,2016-12,2017-01,2017-02,0.011260026383965,,valid,2016-11,False
2016-11,31-0000,2016-12,2017-01,2017-02,0.05127548884589606,,valid,2016-11,False
2016-11,33-0000,2016-12,2017-01,2017-02,0.033937601859999035,,valid,2016-11,False
2016-11,35-0000,2016-12,2017-01,2017-02,0.0663292710707381,,valid,2016-11,False
2016-11,37-0000,2016-12,2017-01,2017-02,0.0852037609364432,,valid,2016-11,False
2016-11,39-0000,2016-12,2017-01,2017-02,0.047605474522415064,,valid,2016-11,False
2016-11,41-0000,2016-12,2017-01,2017-02,0.0473674082995768,,valid,2016-11,False
2016-11,43-0000,2016-12,2017-01,2017-02,0.04176774174620496,,valid,2016-11,False
2016-11,45-0000,2016-12,2017-01,2017-02,0.13169915566596857,,valid,2016-11,False
2016-11,47-0000,2016-12,2017-01,2017-02,0.09352196216386867,,valid,2016-11,False
2016-11,49-0000,2016-12,2017-01,2017-02,0.036411369359585936,,valid,2016-11,False
2016-11,51-0000,2016-12,2017-01,2017-02,0.0611733755063155,,valid,2016-11,False
2016-11,53-0000,2016-12,2017-01,2017-02,0.07019148132059026,,valid,2016-11,False
2016-12,11-0000,2017-01,2017-02,2017-03,0.022898734256051632,,valid,2016-12,False
2016-12,13-0000,2017-01,2017-02,2017-03,0.0304377532258033,,valid,2016-12,False
2016-12,15-0000,2017-01,2017-02,2017-03,0.024016236032976965,,valid,2016-12,False
2016-12,17-0000,2017-01,2017-02,2017-03,0.022536197365843964,,valid,2016-12,True
2016-12,19-0000,2017-01,2017-02,2017-03,0.021529098066093235,,valid,2016-12,True
2016-12,21-0000,2017-01,2017-02,2017-03,0.013811980909184333,,valid,2016-12,True
2016-12,23-0000,2017-01,2017-02,2017-03,0.016085771059502332,,valid,2016-12,True
2016-12,25-0000,2017-01,2017-02,2017-03,0.0184908527772933,,valid,2016-12,False
2016-12,27-0000,2017-01,2017-02,2017-03,0.0402468930208832,,valid,2016-12,False
2016-12,29-0000,2017-01,2017-02,2017-03,0.010901690910179132,,valid,2016-12,False
2016-12,31-0000,2017-01,2017-02,2017-03,0.05110400125865163,,valid,2016-12,False
2016-12,33-0000,2017-01,2017-02,2017-03,0.038616590972804433,,valid,2016-12,False
2016-12,35-0000,2017-01,2017-02,2017-03,0.06732746349832293,,valid,2016-12,False
2016-12,37-0000,2017-01,2017-02,2017-03,0.08657855237142242,,valid,2016-12,False
2016-12,39-0000,2017-01,2017-02,2017-03,0.04790510274809364,,valid,2016-12,False
2016-12,41-0000,2017-01,2017-02,2017-03,0.04492835069037513,,valid,2016-12,False
2016-12,43-0000,2017-01,2017-02,2017-03,0.042887817368326565,,valid,2016-12,False
2016-12,45-0000,2017-01,2017-02,2017-03,0.11226573241726183,,valid,2016-12,False
2016-12,47-0000,2017-01,2017-02,2017-03,0.09734534079686134,,valid,2016-12,False
2016-12,49-0000,2017-01,2017-02,2017-03,0.037832041940501666,,valid,2016-12,False
2016-12,51-0000,2017-01,2017-02,2017-03,0.05972040207878263,,valid,2016-12,False
2016-12,53-0000,2017-01,2017-02,2017-03,0.07135183061818577,,valid,2016-12,False
2017-01,11-0000,2017-02,2017-03,2017-04,0.020570549922538567,,valid,2017-01,False
2017-01,13-0000,2017-02,2017-03,2017-04,0.030599697485040166,,valid,2017-01,False
2017-01,15-0000,2017-02,2017-03,2017-04,0.023310252136632733,,valid,2017-01,False
2017-01,17-0000,2017-02,2017-03,2017-04,0.021467552491205102,,valid,2017-01,True
2017-01,19-0000,2017-02,2017-03,2017-04,0.020761796248153632,,valid,2017-01,True
2017-01,21-0000,2017-02,2017-03,2017-04,0.010726712448172833,,valid,2017-01,True
2017-01,23-0000,2017-02,2017-03,2017-04,0.012095352529309334,,valid,2017-01,True
2017-01,25-0000,2017-02,2017-03,2017-04,0.0179996981185922,,valid,2017-01,False
2017-01,27-0000,2017-02,2017-03,2017-04,0.0367868532420187,,valid,2017-01,False
2017-01,29-0000,2017-02,2017-03,2017-04,0.0107039332135594,,valid,2017-01,False
2017-01,31-0000,2017-02,2017-03,2017-04,0.05207592221741883,,valid,2017-01,False
2017-01,33-0000,2017-02,2017-03,2017-04,0.03959995184882343,,valid,2017-01,False
2017-01,35-0000,2017-02,2017-03,2017-04,0.06316705061129978,,valid,2017-01,False
2017-01,37-0000,2017-02,2017-03,2017-04,0.07598194067517804,,valid,2017-01,False
2017-01,39-0000,2017-02,2017-03,2017-04,0.04776015524856783,,valid,2017-01,False
2017-01,41-0000,2017-02,2017-03,2017-04,0.041586930745004996,,valid,2017-01,False
2017-01,43-0000,2017-02,2017-03,2017-04,0.03913219213304147,,valid,2017-01,False
2017-01,45-0000,2017-02,2017-03,2017-04,0.09111014908565303,,valid,2017-01,False
2017-01,47-0000,2017-02,2017-03,2017-04,0.089658495154813,,valid,2017-01,False
2017-01,49-0000,2017-02,2017-03,2017-04,0.0349882074427655,,valid,2017-01,False
2017-01,51-0000,2017-02,2017-03,2017-04,0.05403363957584877,,valid,2017-01,False
2017-01,53-0000,2017-02,2017-03,2017-04,0.06678579331849714,,valid,2017-01,False
2017-02,11-0000,2017-03,2017-04,2017-05,0.0171389632511263,,valid,2017-02,False
2017-02,13-0000,2017-03,2017-04,2017-05,0.030373797464844133,,valid,2017-02,False
2017-02,15-0000,2017-03,2017-04,2017-05,0.0208392830968427,,valid,2017-02,True
2017-02,17-0000,2017-03,2017-04,2017-05,0.02391749773754807,,valid,2017-02,True
2017-02,19-0000,2017-03,2017-04,2017-05,0.026176905993308835,,valid,2017-02,True
2017-02,21-0000,2017-03,2017-04,2017-05,0.012130001016480166,,valid,2017-02,True
2017-02,23-0000,2017-03,2017-04,2017-05,0.0107635108387288,,valid,2017-02,True
2017-02,25-0000,2017-03,2017-04,2017-05,0.0170041858639607,,valid,2017-02,False
2017-02,27-0000,2017-03,2017-04,2017-05,0.04295949093321507,,valid,2017-02,False
2017-02,29-0000,2017-03,2017-04,2017-05,0.0113447952521203,,valid,2017-02,False
2017-02,31-0000,2017-03,2017-04,2017-05,0.04796366820490306,,valid,2017-02,False
2017-02,33-0000,2017-03,2017-04,2017-05,0.03681955797823803,,valid,2017-02,False
2017-02,35-0000,2017-03,2017-04,2017-05,0.06316918423562806,,valid,2017-02,False
2017-02,37-0000,2017-03,2017-04,2017-05,0.06391511442566597,,valid,2017-02,False
2017-02,39-0000,2017-03,2017-04,2017-05,0.0451514607750976,,valid,2017-02,False
2017-02,41-0000,2017-03,2017-04,2017-05,0.042387592243435135,,valid,2017-02,False
2017-02,43-0000,2017-03,2017-04,2017-05,0.035633633732597404,,valid,2017-02,False
2017-02,45-0000,2017-03,2017-04,2017-05,0.0825788646986101,,valid,2017-02,False
2017-02,47-0000,2017-03,2017-04,2017-05,0.07942650224352243,,valid,2017-02,False
2017-02,49-0000,2017-03,2017-04,2017-05,0.035020383595835834,,valid,2017-02,False
2017-02,51-0000,2017-03,2017-04,2017-05,0.04928365386387581,,valid,2017-02,False
2017-02,53-0000,2017-03,2017-04,2017-05,0.060507977724358335,,valid,2017-02,False
2017-03,11-0000,2017-04,2017-05,2017-06,0.015245750340159866,,valid,2017-03,False
2017-03,13-0000,2017-04,2017-05,2017-06,0.0277845544734717,,valid,2017-03,False
2017-03,15-0000,2017-04,2017-05,2017-06,0.021088341719179237,,valid,2017-03,True
2017-03,17-0000,2017-04,2017-05,2017-06,0.025773623777947497,,valid,2017-03,True
2017-03,19-0000,2017-04,2017-05,2017-06,0.029836910362716,,valid,2017-03,True
2017-03,21-0000,2017-04,2017-05,2017-06,0.012393247403778666,,valid,2017-03,True
2017-03,23-0000,2017-04,2017-05,2017-06,0.008588414781498667,,valid,2017-03,True
2017-03,25-0000,2017-04,2017-05,2017-06,0.0249396533933209,,valid,2017-03,False
2017-03,27-0000,2017-04,2017-05,2017-06,0.044863930983289536,,valid,2017-03,False
2017-03,29-0000,2017-04,2017-05,2017-06,0.012188547651823234,,valid,2017-03,False
2017-03,31-0000,2017-04,2017-05,2017-06,0.0471019554371122,,valid,2017-03,False
2017-03,33-0000,2017-04,2017-05,2017-06,0.032204636132364704,,valid,2017-03,False
2017-03,35-0000,2017-04,2017-05,2017-06,0.0670390133765048,,valid,2017-03,False
2017-03,37-0000,2017-04,2017-05,2017-06,0.0545205388906699,,valid,2017-03,False
2017-03,39-0000,2017-04,2017-05,2017-06,0.045691580200766,,valid,2017-03,False
2017-03,41-0000,2017-04,2017-05,2017-06,0.04542930665751816,,valid,2017-03,False
2017-03,43-0000,2017-04,2017-05,2017-06,0.0337564962010019,,valid,2017-03,False
2017-03,45-0000,2017-04,2017-05,2017-06,0.07354889650805234,,valid,2017-03,False
2017-03,47-0000,2017-04,2017-05,2017-06,0.06489618376082903,,valid,2017-03,False
2017-03,49-0000,2017-04,2017-05,2017-06,0.03574152997730253,,valid,2017-03,False
2017-03,51-0000,2017-04,2017-05,2017-06,0.04929080657464604,,valid,2017-03,False
2017-03,53-0000,2017-04,2017-05,2017-06,0.058421571831284304,,valid,2017-03,False
2017-04,11-0000,2017-05,2017-06,2017-07,0.015474484124380933,,valid,2017-04,False
2017-04,13-0000,2017-05,2017-06,2017-07,0.02349901649883197,,valid,2017-04,False
2017-04,15-0000,2017-05,2017-06,2017-07,0.019320066322551368,,valid,2017-04,True
2017-04,17-0000,2017-05,2017-06,2017-07,0.0261644996646293,,valid,2017-04,True
2017-04,19-0000,2017-05,2017-06,2017-07,0.029208869979726066,,valid,2017-04,True
2017-04,21-0000,2017-05,2017-06,2017-07,0.016329919841898334,,valid,2017-04,True
2017-04,23-0000,2017-05,2017-06,2017-07,0.008777739770471102,,valid,2017-04,True
2017-04,25-0000,2017-05,2017-06,2017-07,0.040035451509039865,,valid,2017-04,False
2017-04,27-0000,2017-05,2017-06,2017-07,0.04700732429283794,,valid,2017-04,False
2017-04,29-0000,2017-05,2017-06,2017-07,0.0150344943735544,,valid,2017-04,False
2017-04,31-0000,2017-05,2017-06,2017-07,0.04828736887826873,,valid,2017-04,False
2017-04,33-0000,2017-05,2017-06,2017-07,0.029867099253328932,,valid,2017-04,False
2017-04,35-0000,2017-05,2017-06,2017-07,0.0693182771053933,,valid,2017-04,False
2017-04,37-0000,2017-05,2017-06,2017-07,0.05055914651518973,,valid,2017-04,False
2017-04,39-0000,2017-05,2017-06,2017-07,0.04612026460182803,,valid,2017-04,False
2017-04,41-0000,2017-05,2017-06,2017-07,0.0452546694058841,,valid,2017-04,False
2017-04,43-0000,2017-05,2017-06,2017-07,0.035406692393699,,valid,2017-04,False
2017-04,45-0000,2017-05,2017-06,2017-07,0.06980727762849087,,valid,2017-04,False
2017-04,47-0000,2017-05,2017-06,2017-07,0.06089043640793717,,valid,2017-04,False
2017-04,49-0000,2017-05,2017-06,2017-07,0.0355402491384117,,valid,2017-04,False
2017-04,51-0000,2017-05,2017-06,2017-07,0.05043720896534876,,valid,2017-04,False
2017-04,53-0000,2017-05,2017-06,2017-07,0.05994386679056354,,valid,2017-04,False
2017-05,11-0000,2017-06,2017-07,2017-08,0.018280407703790334,,valid,2017-05,False
2017-05,13-0000,2017-06,2017-07,2017-08,0.024537811506319434,,valid,2017-05,False
2017-05,15-0000,2017-06,2017-07,2017-08,0.0224937533004633,,valid,2017-05,True
2017-05,17-0000,2017-06,2017-07,2017-08,0.025077219834768533,,valid,2017-05,True
2017-05,19-0000,2017-06,2017-07,2017-08,0.026089036956782732,,valid,2017-05,True
2017-05,21-0000,2017-06,2017-07,2017-08,0.018854523787851633,,valid,2017-05,True
2017-05,23-0000,2017-06,2017-07,2017-08,0.008128525480316867,,valid,2017-05,True
2017-05,25-0000,2017-06,2017-07,2017-08,0.054900419359023296,,valid,2017-05,False
2017-05,27-0000,2017-06,2017-07,2017-08,0.04326000427337564,,valid,2017-05,False
2017-05,29-0000,2017-06,2017-07,2017-08,0.015333497503906399,,valid,2017-05,False
2017-05,31-0000,2017-06,2017-07,2017-08,0.052095292509985826,,valid,2017-05,False
2017-05,33-0000,2017-06,2017-07,2017-08,0.0267123587551768,,valid,2017-05,False
2017-05,35-0000,2017-06,2017-07,2017-08,0.06783246283268886,,valid,2017-05,False
2017-05,37-0000,2017-06,2017-07,2017-08,0.051133637898943235,,valid,2017-05,False
2017-05,39-0000,2017-06,2017-07,2017-08,0.0467390624219961,,valid,2017-05,False
2017-05,41-0000,2017-06,2017-07,2017-08,0.04443177506190236,,valid,2017-05,False
2017-05,43-0000,2017-06,2017-07,2017-08,0.03608600599781467,,valid,2017-05,False
2017-05,45-0000,2017-06,2017-07,2017-08,0.068232145112278,,valid,2017-05,True
2017-05,47-0000,2017-06,2017-07,2017-08,0.0600649216553756,,valid,2017-05,False
2017-05,49-0000,2017-06,2017-07,2017-08,0.03338700293727003,,valid,2017-05,False
2017-05,51-0000,2017-06,2017-07,2017-08,0.05470006154085663,,valid,2017-05,False
2017-05,53-0000,2017-06,2017-07,2017-08,0.060188925500088565,,valid,2017-05,False
2017-06,11-0000,2017-07,2017-08,2017-09,0.021229065938936198,,valid,2017-06,False
2017-06,13-0000,2017-07,2017-08,2017-09,0.027349069689899266,,valid,2017-06,False
2017-06,15-0000,2017-07,2017-08,2017-09,0.026463052654770298,,valid,2017-06,False
2017-06,17-0000,2017-07,2017-08,2017-09,0.024818693235026768,,valid,2017-06,True
2017-06,19-0000,2017-07,2017-08,2017-09,0.0269452056277972,,valid,2017-06,True
2017-06,21-0000,2017-07,2017-08,2017-09,0.02374755847699267,,valid,2017-06,True
2017-06,23-0000,2017-07,2017-08,2017-09,0.013043369794057333,,valid,2017-06,True
2017-06,25-0000,2017-07,2017-08,2017-09,0.048580899867061635,,valid,2017-06,False
2017-06,27-0000,2017-07,2017-08,2017-09,0.040217305245081963,,valid,2017-06,False
2017-06,29-0000,2017-07,2017-08,2017-09,0.015483294869064334,,valid,2017-06,False
2017-06,31-0000,2017-07,2017-08,2017-09,0.05560033587858623,,valid,2017-06,False
2017-06,33-0000,2017-07,2017-08,2017-09,0.0288810370944954,,valid,2017-06,False
2017-06,35-0000,2017-07,2017-08,2017-09,0.059820283571784504,,valid,2017-06,False
2017-06,37-0000,2017-07,2017-08,2017-09,0.05227268319346756,,valid,2017-06,False
2017-06,39-0000,2017-07,2017-08,2017-09,0.046387409014285265,,valid,2017-06,False
2017-06,41-0000,2017-07,2017-08,2017-09,0.0409334547352827,,valid,2017-06,False
2017-06,43-0000,2017-07,2017-08,2017-09,0.03805505820637143,,valid,2017-06,False
2017-06,45-0000,2017-07,2017-08,2017-09,0.07188879520371273,,valid,2017-06,True
2017-06,47-0000,2017-07,2017-08,2017-09,0.0614119705967727,,valid,2017-06,False
2017-06,49-0000,2017-07,2017-08,2017-09,0.031165533288554936,,valid,2017-06,False
2017-06,51-0000,2017-07,2017-08,2017-09,0.05247083848734783,,valid,2017-06,False
2017-06,53-0000,2017-07,2017-08,2017-09,0.056326352819918206,,valid,2017-06,False
2017-07,11-0000,2017-08,2017-09,2017-10,0.02117810844417953,,valid,2017-07,False
2017-07,13-0000,2017-08,2017-09,2017-10,0.029529827376027603,,valid,2017-07,False
2017-07,15-0000,2017-08,2017-09,2017-10,0.027776463878163033,,valid,2017-07,False
2017-07,17-0000,2017-08,2017-09,2017-10,0.0269737687764481,,valid,2017-07,False
2017-07,19-0000,2017-08,2017-09,2017-10,0.029451548130810534,,valid,2017-07,True
2017-07,21-0000,2017-08,2017-09,2017-10,0.0256226165039773,,valid,2017-07,True
2017-07,23-0000,2017-08,2017-09,2017-10,0.015971171976126665,,valid,2017-07,True
2017-07,25-0000,2017-08,2017-09,2017-10,0.0326258577389607,,valid,2017-07,False
2017-07,27-0000,2017-08,2017-09,2017-10,0.03737348728233714,,valid,2017-07,False
2017-07,29-0000,2017-08,2017-09,2017-10,0.0150412276237808,,valid,2017-07,False
2017-07,31-0000,2017-08,2017-09,2017-10,0.057497779600004933,,valid,2017-07,False
2017-07,33-0000,2017-08,2017-09,2017-10,0.030600052192580333,,valid,2017-07,False
2017-07,35-0000,2017-08,2017-09,2017-10,0.057616535482354105,,valid,2017-07,False
2017-07,37-0000,2017-08,2017-09,2017-10,0.053468854660545066,,valid,2017-07,False
2017-07,39-0000,2017-08,2017-09,2017-10,0.0454142879197977,,valid,2017-07,False
2017-07,41-0000,2017-08,2017-09,2017-10,0.0404711207549214,,valid,2017-07,False
2017-07,43-0000,2017-08,2017-09,2017-10,0.037464048414475266,,valid,2017-07,False
2017-07,45-0000,2017-08,2017-09,2017-10,0.06373504884925457,,valid,2017-07,True
2017-07,47-0000,2017-08,2017-09,2017-10,0.05951324678623054,,valid,2017-07,False
2017-07,49-0000,2017-08,2017-09,2017-10,0.031362896486959134,,valid,2017-07,False
2017-07,51-0000,2017-08,2017-09,2017-10,0.047085076997166,,valid,2017-07,False
2017-07,53-0000,2017-08,2017-09,2017-10,0.05313529992156137,,valid,2017-07,False
2017-08,11-0000,2017-09,2017-10,2017-11,0.0194054543090826,,valid,2017-08,False
2017-08,13-0000,2017-09,2017-10,2017-11,0.028529812692989834,,valid,2017-08,False
2017-08,15-0000,2017-09,2017-10,2017-11,0.02712385898781097,,valid,2017-08,False
2017-08,17-0000,2017-09,2017-10,2017-11,0.0273761446017964,,valid,2017-08,True
2017-08,19-0000,2017-09,2017-10,2017-11,0.0240114902514989,,valid,2017-08,True
2017-08,21-0000,2017-09,2017-10,2017-11,0.0222395461186924,,valid,2017-08,True
2017-08,23-0000,2017-09,2017-10,2017-11,0.0202783445992378,,valid,2017-08,True
2017-08,25-0000,2017-09,2017-10,2017-11,0.018608642507951603,,valid,2017-08,False
2017-08,27-0000,2017-09,2017-10,2017-11,0.0359624865791089,,valid,2017-08,False
2017-08,29-0000,2017-09,2017-10,2017-11,0.015911198928918766,,valid,2017-08,False
2017-08,31-0000,2017-09,2017-10,2017-11,0.05134846981367807,,valid,2017-08,False
2017-08,33-0000,2017-09,2017-10,2017-11,0.033451462300252435,,valid,2017-08,False
2017-08,35-0000,2017-09,2017-10,2017-11,0.05649705110243067,,valid,2017-08,False
2017-08,37-0000,2017-09,2017-10,2017-11,0.0520655540308985,,valid,2017-08,False
2017-08,39-0000,2017-09,2017-10,2017-11,0.04427660052839807,,valid,2017-08,False
2017-08,41-0000,2017-09,2017-10,2017-11,0.03974544974626654,,valid,2017-08,False
2017-08,43-0000,2017-09,2017-10,2017-11,0.036492670319392434,,valid,2017-08,False
2017-08,45-0000,2017-09,2017-10,2017-11,0.06934200729668577,,valid,2017-08,True
2017-08,47-0000,2017-09,2017-10,2017-11,0.0579426321062629,,valid,2017-08,False
2017-08,49-0000,2017-09,2017-10,2017-11,0.03044892599396297,,valid,2017-08,False
2017-08,51-0000,2017-09,2017-10,2017-11,0.03826409650851174,,valid,2017-08,False
2017-08,53-0000,2017-09,2017-10,2017-11,0.0545182397367131,,valid,2017-08,False
2017-09,11-0000,2017-10,2017-11,2017-12,0.017298955642750264,,valid,2017-09,False
2017-09,13-0000,2017-10,2017-11,2017-12,0.026089542690608602,,valid,2017-09,False
2017-09,15-0000,2017-10,2017-11,2017-12,0.0234641450608034,,valid,2017-09,False
2017-09,17-0000,2017-10,2017-11,2017-12,0.023471355185847236,,valid,2017-09,True
2017-09,19-0000,2017-10,2017-11,2017-12,0.0194319775644109,,valid,2017-09,True
2017-09,21-0000,2017-10,2017-11,2017-12,0.021120533393588534,,valid,2017-09,True
2017-09,23-0000,2017-10,2017-11,2017-12,0.0202431300194279,,valid,2017-09,True
2017-09,25-0000,2017-10,2017-11,2017-12,0.016874862674974036,,valid,2017-09,False
2017-09,27-0000,2017-10,2017-11,2017-12,0.03740934428132477,,valid,2017-09,False
2017-09,29-0000,2017-10,2017-11,2017-12,0.017360402814761835,,valid,2017-09,False
2017-09,31-0000,2017-10,2017-11,2017-12,0.04809646549208907,,valid,2017-09,False
2017-09,33-0000,2017-10,2017-11,2017-12,0.03348558492909567,,valid,2017-09,False
2017-09,35-0000,2017-10,2017-11,2017-12,0.0610483278027929,,valid,2017-09,False
2017-09,37-0000,2017-10,2017-11,2017-12,0.056335411648703,,valid,2017-09,False
2017-09,39-0000,2017-10,2017-11,2017-12,0.041026229802526494,,valid,2017-09,False
2017-09,41-0000,2017-10,2017-11,2017-12,0.0399645533122175,,valid,2017-09,False
2017-09,43-0000,2017-10,2017-11,2017-12,0.0336508991157028,,valid,2017-09,False
2017-09,45-0000,2017-10,2017-11,2017-12,0.09176769053035616,,valid,2017-09,True
2017-09,47-0000,2017-10,2017-11,2017-12,0.06173625838381904,,valid,2017-09,False
2017-09,49-0000,2017-10,2017-11,2017-12,0.0303817798312039,,valid,2017-09,False
2017-09,51-0000,2017-10,2017-11,2017-12,0.03675752866981117,,valid,2017-09,False
2017-09,53-0000,2017-10,2017-11,2017-12,0.05627384312215733,,valid,2017-09,False
2017-10,11-0000,2017-11,2017-12,2018-01,0.017184029500333698,,valid,2017-10,False
2017-10,13-0000,2017-11,2017-12,2018-01,0.02595116531881317,,valid,2017-10,False
2017-10,15-0000,2017-11,2017-12,2018-01,0.023015122846998498,,valid,2017-10,False
2017-10,17-0000,2017-11,2017-12,2018-01,0.02123152852124117,,valid,2017-10,True
2017-10,19-0000,2017-11,2017-12,2018-01,0.017359307288550067,,valid,2017-10,True
2017-10,21-0000,2017-11,2017-12,2018-01,0.020836333805662466,,valid,2017-10,True
2017-10,23-0000,2017-11,2017-12,2018-01,0.0222728851933108,,valid,2017-10,True
2017-10,25-0000,2017-11,2017-12,2018-01,0.020203457579072766,,valid,2017-10,False
2017-10,27-0000,2017-11,2017-12,2018-01,0.0365532498081541,,valid,2017-10,False
2017-10,29-0000,2017-11,2017-12,2018-01,0.0159068048463982,,valid,2017-10,False
2017-10,31-0000,2017-11,2017-12,2018-01,0.04492006774173263,,valid,2017-10,False
2017-10,33-0000,2017-11,2017-12,2018-01,0.0352348087010126,,valid,2017-10,False
2017-10,35-0000,2017-11,2017-12,2018-01,0.06549781792662136,,valid,2017-10,False
2017-10,37-0000,2017-11,2017-12,2018-01,0.06409797365734048,,valid,2017-10,False
2017-10,39-0000,2017-11,2017-12,2018-01,0.042076644767685405,,valid,2017-10,False
2017-10,41-0000,2017-11,2017-12,2018-01,0.04195930736820227,,valid,2017-10,False
2017-10,43-0000,2017-11,2017-12,2018-01,0.03405778189485567,,valid,2017-10,False
2017-10,45-0000,2017-11,2017-12,2018-01,0.11930776880209516,,valid,2017-10,False
2017-10,47-0000,2017-11,2017-12,2018-01,0.06937980561481147,,valid,2017-10,False
2017-10,49-0000,2017-11,2017-12,2018-01,0.0312946788062239,,valid,2017-10,False
2017-10,51-0000,2017-11,2017-12,2018-01,0.04017945245080983,,valid,2017-10,False
2017-10,53-0000,2017-11,2017-12,2018-01,0.06155859769059393,,valid,2017-10,False
2017-11,11-0000,2017-12,2018-01,2018-02,0.01771555643115987,,valid,2017-11,False
2017-11,13-0000,2017-12,2018-01,2018-02,0.025538542078580365,,valid,2017-11,False
2017-11,15-0000,2017-12,2018-01,2018-02,0.023576559225241767,,valid,2017-11,False
2017-11,17-0000,2017-12,2018-01,2018-02,0.01866699617523077,,valid,2017-11,True
2017-11,19-0000,2017-12,2018-01,2018-02,0.020475790475428097,,valid,2017-11,True
2017-11,21-0000,2017-12,2018-01,2018-02,0.0226611007627559,,valid,2017-11,True
2017-11,23-0000,2017-12,2018-01,2018-02,0.017931556296812166,,valid,2017-11,True
2017-11,25-0000,2017-12,2018-01,2018-02,0.021823996310503566,,valid,2017-11,False
2017-11,27-0000,2017-12,2018-01,2018-02,0.037023901096662266,,valid,2017-11,False
2017-11,29-0000,2017-12,2018-01,2018-02,0.014182003970840767,,valid,2017-11,False
2017-11,31-0000,2017-12,2018-01,2018-02,0.04441411693652386,,valid,2017-11,False
2017-11,33-0000,2017-12,2018-01,2018-02,0.0321879526104481,,valid,2017-11,False
2017-11,35-0000,2017-12,2018-01,2018-02,0.06846727437234197,,valid,2017-11,False
2017-11,37-0000,2017-12,2018-01,2018-02,0.0711955764810262,,valid,2017-11,False
2017-11,39-0000,2017-12,2018-01,2018-02,0.03989591394721223,,valid,2017-11,False
2017-11,41-0000,2017-12,2018-01,2018-02,0.0433915113135711,,valid,2017-11,False
2017-11,43-0000,2017-12,2018-01,2018-02,0.036463148615491034,,valid,2017-11,False
2017-11,45-0000,2017-12,2018-01,2018-02,0.1367294818427949,,valid,2017-11,False
2017-11,47-0000,2017-12,2018-01,2018-02,0.07917385611110257,,valid,2017-11,False
2017-11,49-0000,2017-12,2018-01,2018-02,0.029586106098159166,,valid,2017-11,False
2017-11,51-0000,2017-12,2018-01,2018-02,0.04408718725977293,,valid,2017-11,False
2017-11,53-0000,2017-12,2018-01,2018-02,0.06180461348195467,,valid,2017-11,False
2017-12,11-0000,2018-01,2018-02,2018-03,0.0177114701772965,,valid,2017-12,False
2017-12,13-0000,2018-01,2018-02,2018-03,0.024726018206426933,,valid,2017-12,False
2017-12,15-0000,2018-01,2018-02,2018-03,0.021360493071517633,,valid,2017-12,True
2017-12,17-0000,2018-01,2018-02,2018-03,0.018746789587112067,,valid,2017-12,True
2017-12,19-0000,2018-01,2018-02,2018-03,0.0194226188818675,,valid,2017-12,True
2017-12,21-0000,2018-01,2018-02,2018-03,0.021521915996104132,,valid,2017-12,True
2017-12,23-0000,2018-01,2018-02,2018-03,0.01592140545359243,,valid,2017-12,True
2017-12,25-0000,2018-01,2018-02,2018-03,0.023572489883012134,,valid,2017-12,False
2017-12,27-0000,2018-01,2018-02,2018-03,0.03795282500414513,,valid,2017-12,False
2017-12,29-0000,2018-01,2018-02,2018-03,0.014303354477121466,,valid,2017-12,False
2017-12,31-0000,2018-01,2018-02,2018-03,0.04136146791577447,,valid,2017-12,False
2017-12,33-0000,2018-01,2018-02,2018-03,0.03014979509079167,,valid,2017-12,False
2017-12,35-0000,2018-01,2018-02,2018-03,0.06887541462719284,,valid,2017-12,False
2017-12,37-0000,2018-01,2018-02,2018-03,0.0708378343192901,,valid,2017-12,False
2017-12,39-0000,2018-01,2018-02,2018-03,0.04170821787524263,,valid,2017-12,False
2017-12,41-0000,2018-01,2018-02,2018-03,0.04587803812815647,,valid,2017-12,False
2017-12,43-0000,2018-01,2018-02,2018-03,0.03721055383490016,,valid,2017-12,False
2017-12,45-0000,2018-01,2018-02,2018-03,0.12717878972532745,,valid,2017-12,False
2017-12,47-0000,2018-01,2018-02,2018-03,0.08276802813458596,,valid,2017-12,False
2017-12,49-0000,2018-01,2018-02,2018-03,0.028864257155924267,,valid,2017-12,False
2017-12,51-0000,2018-01,2018-02,2018-03,0.0445577254891209,,valid,2017-12,False
2017-12,53-0000,2018-01,2018-02,2018-03,0.06250435429900353,,valid,2017-12,False
2018-01,11-0000,2018-02,2018-03,2018-04,0.01683713243584217,,valid,2018-01,False
2018-01,13-0000,2018-02,2018-03,2018-04,0.023367898097910466,,valid,2018-01,False
2018-01,15-0000,2018-02,2018-03,2018-04,0.0192471919448656,,valid,2018-01,True
2018-01,17-0000,2018-02,2018-03,2018-04,0.016829416803188533,,valid,2018-01,True
2018-01,19-0000,2018-02,2018-03,2018-04,0.020536320680038935,,valid,2018-01,True
2018-01,21-0000,2018-02,2018-03,2018-04,0.0203864570241101,,valid,2018-01,True
2018-01,23-0000,2018-02,2018-03,2018-04,0.0160175909463494,,valid,2018-01,True
2018-01,25-0000,2018-02,2018-03,2018-04,0.0220585847223881,,valid,2018-01,False
2018-01,27-0000,2018-02,2018-03,2018-04,0.0317185998678157,,valid,2018-01,False
2018-01,29-0000,2018-02,2018-03,2018-04,0.013797099466502533,,valid,2018-01,False
2018-01,31-0000,2018-02,2018-03,2018-04,0.037786869350254604,,valid,2018-01,False
2018-01,33-0000,2018-02,2018-03,2018-04,0.024879140458192565,,valid,2018-01,False
2018-01,35-0000,2018-02,2018-03,2018-04,0.0634805047010724,,valid,2018-01,False
2018-01,37-0000,2018-02,2018-03,2018-04,0.06362519253076424,,valid,2018-01,False
2018-01,39-0000,2018-02,2018-03,2018-04,0.03773701820448363,,valid,2018-01,False
2018-01,41-0000,2018-02,2018-03,2018-04,0.04392948021617183,,valid,2018-01,False
2018-01,43-0000,2018-02,2018-03,2018-04,0.034860322693435135,,valid,2018-01,False
2018-01,45-0000,2018-02,2018-03,2018-04,0.1215188100155473,,valid,2018-01,False
2018-01,47-0000,2018-02,2018-03,2018-04,0.08081925770894437,,valid,2018-01,False
2018-01,49-0000,2018-02,2018-03,2018-04,0.027002753133472068,,valid,2018-01,False
2018-01,51-0000,2018-02,2018-03,2018-04,0.04404484887046326,,valid,2018-01,False
2018-01,53-0000,2018-02,2018-03,2018-04,0.05412709805505034,,valid,2018-01,False
2018-02,11-0000,2018-03,2018-04,2018-05,0.0150516328201582,,valid,2018-02,False
2018-02,13-0000,2018-03,2018-04,2018-05,0.023602611563567733,,valid,2018-02,False
2018-02,15-0000,2018-03,2018-04,2018-05,0.017352105219894068,,valid,2018-02,True
2018-02,17-0000,2018-03,2018-04,2018-05,0.016943743522339298,,valid,2018-02,True
2018-02,19-0000,2018-03,2018-04,2018-05,0.021558858339869497,,valid,2018-02,True
2018-02,21-0000,2018-03,2018-04,2018-05,0.0193367298740774,,valid,2018-02,True
2018-02,23-0000,2018-03,2018-04,2018-05,0.020851130112648834,,valid,2018-02,True
2018-02,25-0000,2018-03,2018-04,2018-05,0.01989880715696023,,valid,2018-02,False
2018-02,27-0000,2018-03,2018-04,2018-05,0.0273111549597244,,valid,2018-02,False
2018-02,29-0000,2018-03,2018-04,2018-05,0.013025214474945401,,valid,2018-02,False
2018-02,31-0000,2018-03,2018-04,2018-05,0.037433551522653,,valid,2018-02,False
2018-02,33-0000,2018-03,2018-04,2018-05,0.024865250047176,,valid,2018-02,False
2018-02,35-0000,2018-03,2018-04,2018-05,0.057432811650488164,,valid,2018-02,False
2018-02,37-0000,2018-03,2018-04,2018-05,0.054122617614143435,,valid,2018-02,False
2018-02,39-0000,2018-03,2018-04,2018-05,0.03996381520524963,,valid,2018-02,False
2018-02,41-0000,2018-03,2018-04,2018-05,0.04277133478809386,,valid,2018-02,False
2018-02,43-0000,2018-03,2018-04,2018-05,0.03166285050675093,,valid,2018-02,False
2018-02,45-0000,2018-03,2018-04,2018-05,0.10635172879183617,,valid,2018-02,False
2018-02,47-0000,2018-03,2018-04,2018-05,0.07003253077542927,,valid,2018-02,False
2018-02,49-0000,2018-03,2018-04,2018-05,0.026347991625809735,,valid,2018-02,False
2018-02,51-0000,2018-03,2018-04,2018-05,0.043658423792667135,,valid,2018-02,False
2018-02,53-0000,2018-03,2018-04,2018-05,0.04997402835760909,,valid,2018-02,False
2018-03,11-0000,2018-04,2018-05,2018-06,0.015344272063432265,,valid,2018-03,False
2018-03,13-0000,2018-04,2018-05,2018-06,0.024835336794322104,,valid,2018-03,False
2018-03,15-0000,2018-04,2018-05,2018-06,0.018647217285250234,,valid,2018-03,False
2018-03,17-0000,2018-04,2018-05,2018-06,0.015063599752872733,,valid,2018-03,True
2018-03,19-0000,2018-04,2018-05,2018-06,0.025881534568945,,valid,2018-03,True
2018-03,21-0000,2018-04,2018-05,2018-06,0.024925839464914935,,valid,2018-03,True
2018-03,23-0000,2018-04,2018-05,2018-06,0.020504525201910335,,valid,2018-03,True
2018-03,25-0000,2018-04,2018-05,2018-06,0.03132129017998373,,valid,2018-03,False
2018-03,27-0000,2018-04,2018-05,2018-06,0.022474993662566802,,valid,2018-03,False
2018-03,29-0000,2018-04,2018-05,2018-06,0.0115434597147311,,valid,2018-03,False
2018-03,31-0000,2018-04,2018-05,2018-06,0.03728193303984597,,valid,2018-03,False
2018-03,33-0000,2018-04,2018-05,2018-06,0.028067470470462135,,valid,2018-03,False
2018-03,35-0000,2018-04,2018-05,2018-06,0.05763932325922963,,valid,2018-03,False
2018-03,37-0000,2018-04,2018-05,2018-06,0.04977065594592526,,valid,2018-03,False
2018-03,39-0000,2018-04,2018-05,2018-06,0.0407195972617922,,valid,2018-03,False
2018-03,41-0000,2018-04,2018-05,2018-06,0.04218847230174586,,valid,2018-03,False
2018-03,43-0000,2018-04,2018-05,2018-06,0.030505335462668065,,valid,2018-03,False
2018-03,45-0000,2018-04,2018-05,2018-06,0.09545194189054362,,valid,2018-03,False
2018-03,47-0000,2018-04,2018-05,2018-06,0.06186303428978477,,valid,2018-03,False
2018-03,49-0000,2018-04,2018-05,2018-06,0.026751691916047534,,valid,2018-03,False
2018-03,51-0000,2018-04,2018-05,2018-06,0.04218834333180283,,valid,2018-03,False
2018-03,53-0000,2018-04,2018-05,2018-06,0.0487486187677455,,valid,2018-03,False
2018-04,11-0000,2018-05,2018-06,2018-07,0.0161225896188613,,valid,2018-04,False
2018-04,13-0000,2018-05,2018-06,2018-07,0.025882403048197302,,valid,2018-04,False
2018-04,15-0000,2018-05,2018-06,2018-07,0.018642440612404367,,valid,2018-04,True
2018-04,17-0000,2018-05,2018-06,2018-07,0.013059428517456098,,valid,2018-04,True
2018-04,19-0000,2018-05,2018-06,2018-07,0.021827065966003267,,valid,2018-04,True
2018-04,21-0000,2018-05,2018-06,2018-07,0.02703685946609,,valid,2018-04,True
2018-04,23-0000,2018-05,2018-06,2018-07,0.016213391566594803,,valid,2018-04,True
2018-04,25-0000,2018-05,2018-06,2018-07,0.046199945002282194,,valid,2018-04,False
2018-04,27-0000,2018-05,2018-06,2018-07,0.024319757046055466,,valid,2018-04,False
2018-04,29-0000,2018-05,2018-06,2018-07,0.011722660937683566,,valid,2018-04,False
2018-04,31-0000,2018-05,2018-06,2018-07,0.04146786525876183,,valid,2018-04,False
2018-04,33-0000,2018-05,2018-06,2018-07,0.029492901397680734,,valid,2018-04,False
2018-04,35-0000,2018-05,2018-06,2018-07,0.05978641873535223,,valid,2018-04,False
2018-04,37-0000,2018-05,2018-06,2018-07,0.0503909516478219,,valid,2018-04,False
2018-04,39-0000,2018-05,2018-06,2018-07,0.04495644313975697,,valid,2018-04,False
2018-04,41-0000,2018-05,2018-06,2018-07,0.04193252788792153,,valid,2018-04,False
2018-04,43-0000,2018-05,2018-06,2018-07,0.03389385191305153,,valid,2018-04,False
2018-04,45-0000,2018-05,2018-06,2018-07,0.08003286291382514,,valid,2018-04,False
2018-04,47-0000,2018-05,2018-06,2018-07,0.05032751686019287,,valid,2018-04,False
2018-04,49-0000,2018-05,2018-06,2018-07,0.026136412765936867,,valid,2018-04,False
2018-04,51-0000,2018-05,2018-06,2018-07,0.04143443454913423,,valid,2018-04,False
2018-04,53-0000,2018-05,2018-06,2018-07,0.0493046658773518,,valid,2018-04,False
2018-05,11-0000,2018-06,2018-07,2018-08,0.017677099510880066,,valid,2018-05,False
2018-05,13-0000,2018-06,2018-07,2018-08,0.0276002178282768,,valid,2018-05,False
2018-05,15-0000,2018-06,2018-07,2018-08,0.020196253140016867,,valid,2018-05,True
2018-05,17-0000,2018-06,2018-07,2018-08,0.011949127337970168,,valid,2018-05,True
2018-05,19-0000,2018-06,2018-07,2018-08,0.02320787943120793,,valid,2018-05,True
2018-05,21-0000,2018-06,2018-07,2018-08,0.028437130173007533,,valid,2018-05,True
2018-05,23-0000,2018-06,2018-07,2018-08,0.014528798513488166,,valid,2018-05,True
2018-05,25-0000,2018-06,2018-07,2018-08,0.05883668183393917,,valid,2018-05,False
2018-05,27-0000,2018-06,2018-07,2018-08,0.029022017495578565,,valid,2018-05,False
2018-05,29-0000,2018-06,2018-07,2018-08,0.0138771242171953,,valid,2018-05,False
2018-05,31-0000,2018-06,2018-07,2018-08,0.042688004310623834,,valid,2018-05,False
2018-05,33-0000,2018-06,2018-07,2018-08,0.025687510766492335,,valid,2018-05,True
2018-05,35-0000,2018-06,2018-07,2018-08,0.06420764360099586,,valid,2018-05,False
2018-05,37-0000,2018-06,2018-07,2018-08,0.051994161330525396,,valid,2018-05,False
2018-05,39-0000,2018-06,2018-07,2018-08,0.04485080912295103,,valid,2018-05,False
2018-05,41-0000,2018-06,2018-07,2018-08,0.03989992587728446,,valid,2018-05,False
2018-05,43-0000,2018-06,2018-07,2018-08,0.0367967963977798,,valid,2018-05,False
2018-05,45-0000,2018-06,2018-07,2018-08,0.07775781847917403,,valid,2018-05,False
2018-05,47-0000,2018-06,2018-07,2018-08,0.046246674021938695,,valid,2018-05,False
2018-05,49-0000,2018-06,2018-07,2018-08,0.025741813357497968,,valid,2018-05,False
2018-05,51-0000,2018-06,2018-07,2018-08,0.039479458534292196,,valid,2018-05,False
2018-05,53-0000,2018-06,2018-07,2018-08,0.051013619634621865,,valid,2018-05,False
2018-06,11-0000,2018-07,2018-08,2018-09,0.018007748927964033,,valid,2018-06,False
2018-06,13-0000,2018-07,2018-08,2018-09,0.027536575897897833,,valid,2018-06,False
2018-06,15-0000,2018-07,2018-08,2018-09,0.0200159167904817,,valid,2018-06,True
2018-06,17-0000,2018-07,2018-08,2018-09,0.013845573650909,,valid,2018-06,True
2018-06,19-0000,2018-07,2018-08,2018-09,0.019433648438708033,,valid,2018-06,True
2018-06,21-0000,2018-07,2018-08,2018-09,0.02302751683661543,,valid,2018-06,True
2018-06,23-0000,2018-07,2018-08,2018-09,0.012828001949224566,,valid,2018-06,True
2018-06,25-0000,2018-07,2018-08,2018-09,0.048028530968429205,,valid,2018-06,False
2018-06,27-0000,2018-07,2018-08,2018-09,0.031009459135797297,,valid,2018-06,False
2018-06,29-0000,2018-07,2018-08,2018-09,0.015388209181508865,,valid,2018-06,False
2018-06,31-0000,2018-07,2018-08,2018-09,0.0438121705702041,,valid,2018-06,False
2018-06,33-0000,2018-07,2018-08,2018-09,0.019340861219497834,,valid,2018-06,True
2018-06,35-0000,2018-07,2018-08,2018-09,0.060771196019858094,,valid,2018-06,False
2018-06,37-0000,2018-07,2018-08,2018-09,0.0502038794132471,,valid,2018-06,False
2018-06,39-0000,2018-07,2018-08,2018-09,0.044928544087787736,,valid,2018-06,False
2018-06,41-0000,2018-07,2018-08,2018-09,0.03884449158596947,,valid,2018-06,False
2018-06,43-0000,2018-07,2018-08,2018-09,0.03652122146610007,,valid,2018-06,False
2018-06,45-0000,2018-07,2018-08,2018-09,0.06237589495960837,,valid,2018-06,True
2018-06,47-0000,2018-07,2018-08,2018-09,0.043675177449879234,,valid,2018-06,False
2018-06,49-0000,2018-07,2018-08,2018-09,0.021589700816175266,,valid,2018-06,False
2018-06,51-0000,2018-07,2018-08,2018-09,0.039719881178687265,,valid,2018-06,False
2018-06,53-0000,2018-07,2018-08,2018-09,0.050096598025660834,,valid,2018-06,False
2018-07,11-0000,2018-08,2018-09,2018-10,0.0189548439821343,,valid,2018-07,False
2018-07,13-0000,2018-08,2018-09,2018-10,0.0264774013421521,,valid,2018-07,False
2018-07,15-0000,2018-08,2018-09,2018-10,0.019513241688276367,,valid,2018-07,True
2018-07,17-0000,2018-08,2018-09,2018-10,0.01806950070643107,,valid,2018-07,True
2018-07,19-0000,2018-08,2018-09,2018-10,0.023006486233627402,,valid,2018-07,True
2018-07,21-0000,2018-08,2018-09,2018-10,0.0224178395152279,,valid,2018-07,True
2018-07,23-0000,2018-08,2018-09,2018-10,0.011423784766838599,,valid,2018-07,True
2018-07,25-0000,2018-08,2018-09,2018-10,0.03310603271388927,,valid,2018-07,False
2018-07,27-0000,2018-08,2018-09,2018-10,0.0333280394586998,,valid,2018-07,False
2018-07,29-0000,2018-08,2018-09,2018-10,0.015112636916991001,,valid,2018-07,False
2018-07,31-0000,2018-08,2018-09,2018-10,0.04350715730021933,,valid,2018-07,False
2018-07,33-0000,2018-08,2018-09,2018-10,0.01766965707585597,,valid,2018-07,True
2018-07,35-0000,2018-08,2018-09,2018-10,0.058963176045607725,,valid,2018-07,False
2018-07,37-0000,2018-08,2018-09,2018-10,0.04678324751421006,,valid,2018-07,False
2018-07,39-0000,2018-08,2018-09,2018-10,0.041204729356034066,,valid,2018-07,False
2018-07,41-0000,2018-08,2018-09,2018-10,0.03775479481470263,,valid,2018-07,False
2018-07,43-0000,2018-08,2018-09,2018-10,0.0344606584518845,,valid,2018-07,False
2018-07,45-0000,2018-08,2018-09,2018-10,0.0559027212818485,,valid,2018-07,True
2018-07,47-0000,2018-08,2018-09,2018-10,0.044814401812108905,,valid,2018-07,False
2018-07,49-0000,2018-08,2018-09,2018-10,0.019715000956765098,,valid,2018-07,True
2018-07,51-0000,2018-08,2018-09,2018-10,0.0409639238717557,,valid,2018-07,False
2018-07,53-0000,2018-08,2018-09,2018-10,0.05055398012607914,,valid,2018-07,False
2018-08,11-0000,2018-09,2018-10,2018-11,0.019912762477684233,,valid,2018-08,False
2018-08,13-0000,2018-09,2018-10,2018-11,0.0247254825036461,,valid,2018-08,False
2018-08,15-0000,2018-09,2018-10,2018-11,0.01806804545924717,,valid,2018-08,True
2018-08,17-0000,2018-09,2018-10,2018-11,0.0210415541147187,,valid,2018-08,True
2018-08,19-0000,2018-09,2018-10,2018-11,0.0199722564417892,,valid,2018-08,True
2018-08,21-0000,2018-09,2018-10,2018-11,0.023535071240505634,,valid,2018-08,True
2018-08,23-0000,2018-09,2018-10,2018-11,0.009707609844557766,,valid,2018-08,True
2018-08,25-0000,2018-09,2018-10,2018-11,0.0224369858088473,,valid,2018-08,False
2018-08,27-0000,2018-09,2018-10,2018-11,0.030219325283259397,,valid,2018-08,False
2018-08,29-0000,2018-09,2018-10,2018-11,0.014167279685078799,,valid,2018-08,False
2018-08,31-0000,2018-09,2018-10,2018-11,0.04336666325272396,,valid,2018-08,False
2018-08,33-0000,2018-09,2018-10,2018-11,0.0235207198896938,,valid,2018-08,True
2018-08,35-0000,2018-09,2018-10,2018-11,0.052172915079187566,,valid,2018-08,False
2018-08,37-0000,2018-09,2018-10,2018-11,0.0458657464558568,,valid,2018-08,False
2018-08,39-0000,2018-09,2018-10,2018-11,0.03872408810076953,,valid,2018-08,False
2018-08,41-0000,2018-09,2018-10,2018-11,0.03838129444788437,,valid,2018-08,False
2018-08,43-0000,2018-09,2018-10,2018-11,0.0322816854215612,,valid,2018-08,False
2018-08,45-0000,2018-09,2018-10,2018-11,0.0637297444232873,,valid,2018-08,True
2018-08,47-0000,2018-09,2018-10,2018-11,0.04607324924112444,,valid,2018-08,False
2018-08,49-0000,2018-09,2018-10,2018-11,0.021422120878671333,,valid,2018-08,True
2018-08,51-0000,2018-09,2018-10,2018-11,0.03989222225726274,,valid,2018-08,False
2018-08,53-0000,2018-09,2018-10,2018-11,0.04593853384205696,,valid,2018-08,False
2018-09,11-0000,2018-10,2018-11,2018-12,0.0205868296372895,,valid,2018-09,False
2018-09,13-0000,2018-10,2018-11,2018-12,0.0243622831254726,,valid,2018-09,False
2018-09,15-0000,2018-10,2018-11,2018-12,0.018211649005406765,,valid,2018-09,True
2018-09,17-0000,2018-10,2018-11,2018-12,0.024262066170990068,,valid,2018-09,True
2018-09,19-0000,2018-10,2018-11,2018-12,0.0164332018056841,,valid,2018-09,True
2018-09,21-0000,2018-10,2018-11,2018-12,0.021254277963548732,,valid,2018-09,True
2018-09,23-0000,2018-10,2018-11,2018-12,0.011998248069751733,,valid,2018-09,True
2018-09,25-0000,2018-10,2018-11,2018-12,0.021035471914443202,,valid,2018-09,False
2018-09,27-0000,2018-10,2018-11,2018-12,0.03115985362117583,,valid,2018-09,False
2018-09,29-0000,2018-10,2018-11,2018-12,0.0147336089552047,,valid,2018-09,False
2018-09,31-0000,2018-10,2018-11,2018-12,0.040245416012643635,,valid,2018-09,False
2018-09,33-0000,2018-10,2018-11,2018-12,0.0319780673891019,,valid,2018-09,True
2018-09,35-0000,2018-10,2018-11,2018-12,0.0532207326170628,,valid,2018-09,False
2018-09,37-0000,2018-10,2018-11,2018-12,0.05063460695498757,,valid,2018-09,False
2018-09,39-0000,2018-10,2018-11,2018-12,0.035827798504603964,,valid,2018-09,False
2018-09,41-0000,2018-10,2018-11,2018-12,0.0368004477298805,,valid,2018-09,False
2018-09,43-0000,2018-10,2018-11,2018-12,0.03327674667211603,,valid,2018-09,False
2018-09,45-0000,2018-10,2018-11,2018-12,0.08752910152841648,,valid,2018-09,True
2018-09,47-0000,2018-10,2018-11,2018-12,0.05045908570359694,,valid,2018-09,False
2018-09,49-0000,2018-10,2018-11,2018-12,0.02652071079203573,,valid,2018-09,True
2018-09,51-0000,2018-10,2018-11,2018-12,0.03837493802716487,,valid,2018-09,False
2018-09,53-0000,2018-10,2018-11,2018-12,0.04517398041719206,,valid,2018-09,False
2018-10,11-0000,2018-11,2018-12,2019-01,0.022801405967647834,,valid,2018-10,False
2018-10,13-0000,2018-11,2018-12,2019-01,0.026035125904304537,,valid,2018-10,False
2018-10,15-0000,2018-11,2018-12,2019-01,0.0208317097838427,,valid,2018-10,True
2018-10,17-0000,2018-11,2018-12,2019-01,0.028632389501456867,,valid,2018-10,True
2018-10,19-0000,2018-11,2018-12,2019-01,0.014620369374567834,,valid,2018-10,True
2018-10,21-0000,2018-11,2018-12,2019-01,0.0199024640804616,,valid,2018-10,True
2018-10,23-0000,2018-11,2018-12,2019-01,0.013855939521602,,valid,2018-10,True
2018-10,25-0000,2018-11,2018-12,2019-01,0.021935991051833734,,valid,2018-10,False
2018-10,27-0000,2018-11,2018-12,2019-01,0.03486616714948893,,valid,2018-10,False
2018-10,29-0000,2018-11,2018-12,2019-01,0.018038741585072068,,valid,2018-10,False
2018-10,31-0000,2018-11,2018-12,2019-01,0.03926426405365364,,valid,2018-10,False
2018-10,33-0000,2018-11,2018-12,2019-01,0.03735705498776334,,valid,2018-10,False
2018-10,35-0000,2018-11,2018-12,2019-01,0.05481909363145557,,valid,2018-10,False
2018-10,37-0000,2018-11,2018-12,2019-01,0.060873690765117,,valid,2018-10,False
2018-10,39-0000,2018-11,2018-12,2019-01,0.038109348162009,,valid,2018-10,False
2018-10,41-0000,2018-11,2018-12,2019-01,0.03983225506042631,,valid,2018-10,False
2018-10,43-0000,2018-11,2018-12,2019-01,0.03439341997568451,,valid,2018-10,False
2018-10,45-0000,2018-11,2018-12,2019-01,0.13404721697238278,,valid,2018-10,False
2018-10,47-0000,2018-11,2018-12,2019-01,0.06060426165353141,,valid,2018-10,False
2018-10,49-0000,2018-11,2018-12,2019-01,0.029560428181880764,,valid,2018-10,False
2018-10,51-0000,2018-11,2018-12,2019-01,0.0381646315737831,,valid,2018-10,False
2018-10,53-0000,2018-11,2018-12,2019-01,0.04808378517642853,,valid,2018-10,False
2018-11,11-0000,2018-12,2019-01,2019-02,0.023674244205785566,,valid,2018-11,False
2018-11,13-0000,2018-12,2019-01,2019-02,0.0252058111712625,,valid,2018-11,False
2018-11,15-0000,2018-12,2019-01,2019-02,0.0220869415051735,,valid,2018-11,True
2018-11,17-0000,2018-12,2019-01,2019-02,0.026605698206477235,,valid,2018-11,True
2018-11,19-0000,2018-12,2019-01,2019-02,0.014616674651489433,,valid,2018-11,True
2018-11,21-0000,2018-12,2019-01,2019-02,0.016234407036350398,,valid,2018-11,True
2018-11,23-0000,2018-12,2019-01,2019-02,0.015655408549522933,,valid,2018-11,True
2018-11,25-0000,2018-12,2019-01,2019-02,0.021347913274539266,,valid,2018-11,False
2018-11,27-0000,2018-12,2019-01,2019-02,0.03497948633261897,,valid,2018-11,True
2018-11,29-0000,2018-12,2019-01,2019-02,0.019260998364277866,,valid,2018-11,False
2018-11,31-0000,2018-12,2019-01,2019-02,0.035809512874512936,,valid,2018-11,False
2018-11,33-0000,2018-12,2019-01,2019-02,0.042534479198341635,,valid,2018-11,False
2018-11,35-0000,2018-12,2019-01,2019-02,0.05932932463773719,,valid,2018-11,False
2018-11,37-0000,2018-12,2019-01,2019-02,0.071682227103,,valid,2018-11,False
2018-11,39-0000,2018-12,2019-01,2019-02,0.0393022134172693,,valid,2018-11,False
2018-11,41-0000,2018-12,2019-01,2019-02,0.04419547085758516,,valid,2018-11,False
2018-11,43-0000,2018-12,2019-01,2019-02,0.033923763804555064,,valid,2018-11,False
2018-11,45-0000,2018-12,2019-01,2019-02,0.14956027435401903,,valid,2018-11,False
2018-11,47-0000,2018-12,2019-01,2019-02,0.06809016984013413,,valid,2018-11,False
2018-11,49-0000,2018-12,2019-01,2019-02,0.03109936043824797,,valid,2018-11,False
2018-11,51-0000,2018-12,2019-01,2019-02,0.0398886040868924,,valid,2018-11,False
2018-11,53-0000,2018-12,2019-01,2019-02,0.0528738904181145,,valid,2018-11,False
2018-12,11-0000,2019-01,2019-02,2019-03,0.022438807590882636,,valid,2018-12,False
2018-12,13-0000,2019-01,2019-02,2019-03,0.024852890798472433,,valid,2018-12,False
2018-12,15-0000,2019-01,2019-02,2019-03,0.0213603236909984,,valid,2018-12,False
2018-12,17-0000,2019-01,2019-02,2019-03,0.02284750471976223,,valid,2018-12,True
2018-12,19-0000,2019-01,2019-02,2019-03,0.01579040372991417,,valid,2018-12,True
2018-12,21-0000,2019-01,2019-02,2019-03,0.018803813813865,,valid,2018-12,True
2018-12,23-0000,2019-01,2019-02,2019-03,0.0170918055105687,,valid,2018-12,True
2018-12,25-0000,2019-01,2019-02,2019-03,0.020222770943588635,,valid,2018-12,False
2018-12,27-0000,2019-01,2019-02,2019-03,0.039667542176992,,valid,2018-12,True
2018-12,29-0000,2019-01,2019-02,2019-03,0.0180897846639008,,valid,2018-12,False
2018-12,31-0000,2019-01,2019-02,2019-03,0.0378558352423295,,valid,2018-12,False
2018-12,33-0000,2019-01,2019-02,2019-03,0.041127501262171,,valid,2018-12,False
2018-12,35-0000,2019-01,2019-02,2019-03,0.06064155697297646,,valid,2018-12,False
2018-12,37-0000,2019-01,2019-02,2019-03,0.07446437654245823,,valid,2018-12,False
2018-12,39-0000,2019-01,2019-02,2019-03,0.04024435303864827,,valid,2018-12,False
2018-12,41-0000,2019-01,2019-02,2019-03,0.047635089832032,,valid,2018-12,False
2018-12,43-0000,2019-01,2019-02,2019-03,0.03361793322091353,,valid,2018-12,False
2018-12,45-0000,2019-01,2019-02,2019-03,0.16370637902991547,,valid,2018-12,False
2018-12,47-0000,2019-01,2019-02,2019-03,0.06638526064416683,,valid,2018-12,False
2018-12,49-0000,2019-01,2019-02,2019-03,0.0289205871953359,,valid,2018-12,False
2018-12,51-0000,2019-01,2019-02,2019-03,0.04211996472323957,,valid,2018-12,False
2018-12,53-0000,2019-01,2019-02,2019-03,0.0543700430345573,,valid,2018-12,False
2019-01,11-0000,2019-02,2019-03,2019-04,0.0170412042467958,,valid,2019-01,False
2019-01,13-0000,2019-02,2019-03,2019-04,0.022345994120981098,,valid,2019-01,False
2019-01,15-0000,2019-02,2019-03,2019-04,0.021310166516754003,,valid,2019-01,False
2019-01,17-0000,2019-02,2019-03,2019-04,0.0171572028258564,,valid,2019-01,True
2019-01,19-0000,2019-02,2019-03,2019-04,0.011255696055671,,valid,2019-01,True
2019-01,21-0000,2019-02,2019-03,2019-04,0.018572967296807633,,valid,2019-01,True
2019-01,23-0000,2019-02,2019-03,2019-04,0.0152761734133814,,valid,2019-01,True
2019-01,25-0000,2019-02,2019-03,2019-04,0.017096361118479734,,valid,2019-01,False
2019-01,27-0000,2019-02,2019-03,2019-04,0.0375447597807158,,valid,2019-01,True
2019-01,29-0000,2019-02,2019-03,2019-04,0.015334412635795899,,valid,2019-01,False
2019-01,31-0000,2019-02,2019-03,2019-04,0.03369403547791277,,valid,2019-01,False
2019-01,33-0000,2019-02,2019-03,2019-04,0.037137818911734635,,valid,2019-01,False
2019-01,35-0000,2019-02,2019-03,2019-04,0.05643743512765296,,valid,2019-01,False
2019-01,37-0000,2019-02,2019-03,2019-04,0.06478712840378627,,valid,2019-01,False
2019-01,39-0000,2019-02,2019-03,2019-04,0.038429856095623334,,valid,2019-01,False
2019-01,41-0000,2019-02,2019-03,2019-04,0.045763803283105566,,valid,2019-01,False
2019-01,43-0000,2019-02,2019-03,2019-04,0.031230188796565667,,valid,2019-01,False
2019-01,45-0000,2019-02,2019-03,2019-04,0.13397246511569508,,valid,2019-01,False
2019-01,47-0000,2019-02,2019-03,2019-04,0.05811315444673623,,valid,2019-01,False
2019-01,49-0000,2019-02,2019-03,2019-04,0.029148449462543597,,valid,2019-01,False
2019-01,51-0000,2019-02,2019-03,2019-04,0.039468669445027464,,valid,2019-01,False
2019-01,53-0000,2019-02,2019-03,2019-04,0.05054446461687347,,valid,2019-01,False
2019-02,11-0000,2019-03,2019-04,2019-05,0.014458080614651534,,valid,2019-02,False
2019-02,13-0000,2019-03,2019-04,2019-05,0.019844155293548434,,valid,2019-02,False
2019-02,15-0000,2019-03,2019-04,2019-05,0.017423916663351535,,valid,2019-02,True
2019-02,17-0000,2019-03,2019-04,2019-05,0.0194115563855481,,valid,2019-02,True
2019-02,19-0000,2019-03,2019-04,2019-05,0.012595514663566967,,valid,2019-02,True
2019-02,21-0000,2019-03,2019-04,2019-05,0.022581421606832398,,valid,2019-02,True
2019-02,23-0000,2019-03,2019-04,2019-05,0.012078702834736632,,valid,2019-02,True
2019-02,25-0000,2019-03,2019-04,2019-05,0.0159649842391637,,valid,2019-02,False
2019-02,27-0000,2019-03,2019-04,2019-05,0.040149029625958295,,valid,2019-02,False
2019-02,29-0000,2019-03,2019-04,2019-05,0.013140637766559235,,valid,2019-02,False
2019-02,31-0000,2019-03,2019-04,2019-05,0.03359971830557423,,valid,2019-02,False
2019-02,33-0000,2019-03,2019-04,2019-05,0.02770065705867013,,valid,2019-02,True
2019-02,35-0000,2019-03,2019-04,2019-05,0.055100365615057066,,valid,2019-02,False
2019-02,37-0000,2019-03,2019-04,2019-05,0.05171529101554163,,valid,2019-02,False
2019-02,39-0000,2019-03,2019-04,2019-05,0.03939135558428777,,valid,2019-02,False
2019-02,41-0000,2019-03,2019-04,2019-05,0.04094733769173247,,valid,2019-02,False
2019-02,43-0000,2019-03,2019-04,2019-05,0.03247035754670873,,valid,2019-02,False
2019-02,45-0000,2019-03,2019-04,2019-05,0.10750289014264174,,valid,2019-02,True
2019-02,47-0000,2019-03,2019-04,2019-05,0.048101194753070335,,valid,2019-02,False
2019-02,49-0000,2019-03,2019-04,2019-05,0.02813348998657057,,valid,2019-02,False
2019-02,51-0000,2019-03,2019-04,2019-05,0.03605083320865613,,valid,2019-02,False
2019-02,53-0000,2019-03,2019-04,2019-05,0.050391766334778404,,valid,2019-02,False
2019-03,11-0000,2019-04,2019-05,2019-06,0.014512888163435001,,valid,2019-03,False
2019-03,13-0000,2019-04,2019-05,2019-06,0.020561933134940234,,valid,2019-03,False
2019-03,15-0000,2019-04,2019-05,2019-06,0.017545499651757664,,valid,2019-03,True
2019-03,17-0000,2019-04,2019-05,2019-06,0.018774193236223966,,valid,2019-03,True
2019-03,19-0000,2019-04,2019-05,2019-06,0.013086313462111499,,valid,2019-03,True
2019-03,21-0000,2019-04,2019-05,2019-06,0.022358338128581134,,valid,2019-03,True
2019-03,23-0000,2019-04,2019-05,2019-06,0.0081443783746067,,valid,2019-03,True
2019-03,25-0000,2019-04,2019-05,2019-06,0.028124665632790067,,valid,2019-03,False
2019-03,27-0000,2019-04,2019-05,2019-06,0.038776442190365135,,valid,2019-03,False
2019-03,29-0000,2019-04,2019-05,2019-06,0.013055526623885467,,valid,2019-03,False
2019-03,31-0000,2019-04,2019-05,2019-06,0.03311711250520983,,valid,2019-03,False
2019-03,33-0000,2019-04,2019-05,2019-06,0.022398871036201567,,valid,2019-03,True
2019-03,35-0000,2019-04,2019-05,2019-06,0.055948077333635104,,valid,2019-03,False
2019-03,37-0000,2019-04,2019-05,2019-06,0.041468206074054166,,valid,2019-03,False
2019-03,39-0000,2019-04,2019-05,2019-06,0.0368075628930747,,valid,2019-03,False
2019-03,41-0000,2019-04,2019-05,2019-06,0.0367081529862908,,valid,2019-03,False
2019-03,43-0000,2019-04,2019-05,2019-06,0.034473543972814,,valid,2019-03,False
2019-03,45-0000,2019-04,2019-05,2019-06,0.08064432595709807,,valid,2019-03,True
2019-03,47-0000,2019-04,2019-05,2019-06,0.0443777130296344,,valid,2019-03,False
2019-03,49-0000,2019-04,2019-05,2019-06,0.029469925970384434,,valid,2019-03,False
2019-03,51-0000,2019-04,2019-05,2019-06,0.03387015060961187,,valid,2019-03,False
2019-03,53-0000,2019-04,2019-05,2019-06,0.0513439169191817,,valid,2019-03,False
2019-04,11-0000,2019-05,2019-06,2019-07,0.016559607319109666,,valid,2019-04,False
2019-04,13-0000,2019-05,2019-06,2019-07,0.0210438659387564,,valid,2019-04,False
2019-04,15-0000,2019-05,2019-06,2019-07,0.013946571026834434,,valid,2019-04,True
2019-04,17-0000,2019-05,2019-06,2019-07,0.015576591212078099,,valid,2019-04,True
2019-04,19-0000,2019-05,2019-06,2019-07,0.0163324927428284,,valid,2019-04,True
2019-04,21-0000,2019-05,2019-06,2019-07,0.020489453966220667,,valid,2019-04,True
2019-04,23-0000,2019-05,2019-06,2019-07,0.0071256170709208,,valid,2019-04,True
2019-04,25-0000,2019-05,2019-06,2019-07,0.04841244890498966,,valid,2019-04,False
2019-04,27-0000,2019-05,2019-06,2019-07,0.0373160553703068,,valid,2019-04,False
2019-04,29-0000,2019-05,2019-06,2019-07,0.013912440868742432,,valid,2019-04,False
2019-04,31-0000,2019-05,2019-06,2019-07,0.03486424747674267,,valid,2019-04,False
2019-04,33-0000,2019-05,2019-06,2019-07,0.02272844311354383,,valid,2019-04,True
2019-04,35-0000,2019-05,2019-06,2019-07,0.0617549065987319,,valid,2019-04,False
2019-04,37-0000,2019-05,2019-06,2019-07,0.0413733418354038,,valid,2019-04,False
2019-04,39-0000,2019-05,2019-06,2019-07,0.033889677630167335,,valid,2019-04,False
2019-04,41-0000,2019-05,2019-06,2019-07,0.0340435439218448,,valid,2019-04,False
2019-04,43-0000,2019-05,2019-06,2019-07,0.03763661444256797,,valid,2019-04,False
2019-04,45-0000,2019-05,2019-06,2019-07,0.06229111827912857,,valid,2019-04,True
2019-04,47-0000,2019-05,2019-06,2019-07,0.042883297028269596,,valid,2019-04,False
2019-04,49-0000,2019-05,2019-06,2019-07,0.0320491994837104,,valid,2019-04,False
2019-04,51-0000,2019-05,2019-06,2019-07,0.0354137867705974,,valid,2019-04,False
2019-04,53-0000,2019-05,2019-06,2019-07,0.05362446369364884,,valid,2019-04,False
2019-05,11-0000,2019-06,2019-07,2019-08,0.016620907682943598,,valid,2019-05,False
2019-05,13-0000,2019-06,2019-07,2019-08,0.0237765560088522,,valid,2019-05,False
2019-05,15-0000,2019-06,2019-07,2019-08,0.014859536369796533,,valid,2019-05,True
2019-05,17-0000,2019-06,2019-07,2019-08,0.0106461845138954,,valid,2019-05,True
2019-05,19-0000,2019-06,2019-07,2019-08,0.021014456510068336,,valid,2019-05,True
2019-05,21-0000,2019-06,2019-07,2019-08,0.01903136523574987,,valid,2019-05,True
2019-05,23-0000,2019-06,2019-07,2019-08,0.007474862770929299,,valid,2019-05,True
2019-05,25-0000,2019-06,2019-07,2019-08,0.05935729535440226,,valid,2019-05,False
2019-05,27-0000,2019-06,2019-07,2019-08,0.03825697142516323,,valid,2019-05,False
2019-05,29-0000,2019-06,2019-07,2019-08,0.014334851181484733,,valid,2019-05,False
2019-05,31-0000,2019-06,2019-07,2019-08,0.0373812380408087,,valid,2019-05,False
2019-05,33-0000,2019-06,2019-07,2019-08,0.022566010700727602,,valid,2019-05,True
2019-05,35-0000,2019-06,2019-07,2019-08,0.06277824152944973,,valid,2019-05,False
2019-05,37-0000,2019-06,2019-07,2019-08,0.03989977865602107,,valid,2019-05,False
2019-05,39-0000,2019-06,2019-07,2019-08,0.035256630569805235,,valid,2019-05,False
2019-05,41-0000,2019-06,2019-07,2019-08,0.03478337148116383,,valid,2019-05,False
2019-05,43-0000,2019-06,2019-07,2019-08,0.0382818743766781,,valid,2019-05,False
2019-05,45-0000,2019-06,2019-07,2019-08,0.05535878560676353,,valid,2019-05,True
2019-05,47-0000,2019-06,2019-07,2019-08,0.04579003170071563,,valid,2019-05,False
2019-05,49-0000,2019-06,2019-07,2019-08,0.030981760297269432,,valid,2019-05,False
2019-05,51-0000,2019-06,2019-07,2019-08,0.0389629969966076,,valid,2019-05,False
2019-05,53-0000,2019-06,2019-07,2019-08,0.0548950596477893,,valid,2019-05,False
2019-06,11-0000,2019-07,2019-08,2019-09,0.0142088159628588,,valid,2019-06,False
2019-06,13-0000,2019-07,2019-08,2019-09,0.023112914045415902,,valid,2019-06,False
2019-06,15-0000,2019-07,2019-08,2019-09,0.0168057976805733,,valid,2019-06,True
2019-06,17-0000,2019-07,2019-08,2019-09,0.009914613575290632,,valid,2019-06,True
2019-06,19-0000,2019-07,2019-08,2019-09,0.0246010909692983,,valid,2019-06,True
2019-06,21-0000,2019-07,2019-08,2019-09,0.020095337339203167,,valid,2019-06,True
2019-06,23-0000,2019-07,2019-08,2019-09,0.008240698985812667,,valid,2019-06,True
2019-06,25-0000,2019-07,2019-08,2019-09,0.04940784859684393,,valid,2019-06,False
2019-06,27-0000,2019-07,2019-08,2019-09,0.038054910319331635,,valid,2019-06,False
2019-06,29-0000,2019-07,2019-08,2019-09,0.0135133880840196,,valid,2019-06,False
2019-06,31-0000,2019-07,2019-08,2019-09,0.036679203893887465,,valid,2019-06,False
2019-06,33-0000,2019-07,2019-08,2019-09,0.023283514569466503,,valid,2019-06,True
2019-06,35-0000,2019-07,2019-08,2019-09,0.05708391176238293,,valid,2019-06,False
2019-06,37-0000,2019-07,2019-08,2019-09,0.0394276110158874,,valid,2019-06,False
2019-06,39-0000,2019-07,2019-08,2019-09,0.038580012905525665,,valid,2019-06,False
2019-06,41-0000,2019-07,2019-08,2019-09,0.03548872317312193,,valid,2019-06,False
2019-06,43-0000,2019-07,2019-08,2019-09,0.035564247413003,,valid,2019-06,False
2019-06,45-0000,2019-07,2019-08,2019-09,0.04745165838787987,,valid,2019-06,True
2019-06,47-0000,2019-07,2019-08,2019-09,0.04324635704726024,,valid,2019-06,False
2019-06,49-0000,2019-07,2019-08,2019-09,0.02763828285098083,,valid,2019-06,False
2019-06,51-0000,2019-07,2019-08,2019-09,0.04191688749933727,,valid,2019-06,False
2019-06,53-0000,2019-07,2019-08,2019-09,0.051786105671182435,,valid,2019-06,False
2019-07,11-0000,2019-08,2019-09,2019-10,0.013416219362954099,,valid,2019-07,False
2019-07,13-0000,2019-08,2019-09,2019-10,0.022998688447459933,,valid,2019-07,False
2019-07,15-0000,2019-08,2019-09,2019-10,0.01987949980605633,,valid,2019-07,True
2019-07,17-0000,2019-08,2019-09,2019-10,0.013931287040196734,,valid,2019-07,True
2019-07,19-0000,2019-08,2019-09,2019-10,0.024232883963231634,,valid,2019-07,True
2019-07,21-0000,2019-08,2019-09,2019-10,0.022245531535916633,,valid,2019-07,True
2019-07,23-0000,2019-08,2019-09,2019-10,0.009734060834542733,,valid,2019-07,True
2019-07,25-0000,2019-08,2019-09,2019-10,0.03093696652475403,,valid,2019-07,False
2019-07,27-0000,2019-08,2019-09,2019-10,0.03639161449381364,,valid,2019-07,False
2019-07,29-0000,2019-08,2019-09,2019-10,0.012069941609110102,,valid,2019-07,False
2019-07,31-0000,2019-08,2019-09,2019-10,0.0353892972031577,,valid,2019-07,False
2019-07,33-0000,2019-08,2019-09,2019-10,0.024987715403924304,,valid,2019-07,True
2019-07,35-0000,2019-08,2019-09,2019-10,0.05261262082953277,,valid,2019-07,False
2019-07,37-0000,2019-08,2019-09,2019-10,0.041786500363131064,,valid,2019-07,False
2019-07,39-0000,2019-08,2019-09,2019-10,0.0416201954493816,,valid,2019-07,False
2019-07,41-0000,2019-08,2019-09,2019-10,0.03623663539627523,,valid,2019-07,False
2019-07,43-0000,2019-08,2019-09,2019-10,0.032140404910391565,,valid,2019-07,False
2019-07,45-0000,2019-08,2019-09,2019-10,0.04762871211304267,,valid,2019-07,True
2019-07,47-0000,2019-08,2019-09,2019-10,0.043144372525268294,,valid,2019-07,False
2019-07,49-0000,2019-08,2019-09,2019-10,0.020381819809837397,,valid,2019-07,False
2019-07,51-0000,2019-08,2019-09,2019-10,0.0427746884654818,,valid,2019-07,False
2019-07,53-0000,2019-08,2019-09,2019-10,0.04811773808018933,,valid,2019-07,False
2019-08,11-0000,2019-09,2019-10,2019-11,0.0127809500697195,,valid,2019-08,False
2019-08,13-0000,2019-09,2019-10,2019-11,0.022411276425183566,,valid,2019-08,False
2019-08,15-0000,2019-09,2019-10,2019-11,0.022242119102832834,,valid,2019-08,False
2019-08,17-0000,2019-09,2019-10,2019-11,0.017508571429632764,,valid,2019-08,True
2019-08,19-0000,2019-09,2019-10,2019-11,0.021856043094178965,,valid,2019-08,True
2019-08,21-0000,2019-09,2019-10,2019-11,0.022515552622666402,,valid,2019-08,True
2019-08,23-0000,2019-09,2019-10,2019-11,0.011099728369042466,,valid,2019-08,True
2019-08,25-0000,2019-09,2019-10,2019-11,0.021188161752698234,,valid,2019-08,False
2019-08,27-0000,2019-09,2019-10,2019-11,0.031389745035878165,,valid,2019-08,False
2019-08,29-0000,2019-09,2019-10,2019-11,0.012257994553353635,,valid,2019-08,False
2019-08,31-0000,2019-09,2019-10,2019-11,0.032482057964923636,,valid,2019-08,False
2019-08,33-0000,2019-09,2019-10,2019-11,0.03015436121184137,,valid,2019-08,True
2019-08,35-0000,2019-09,2019-10,2019-11,0.04906717373166456,,valid,2019-08,False
2019-08,37-0000,2019-09,2019-10,2019-11,0.0465198117284271,,valid,2019-08,False
2019-08,39-0000,2019-09,2019-10,2019-11,0.0393020672870233,,valid,2019-08,False
2019-08,41-0000,2019-09,2019-10,2019-11,0.034365685625533694,,valid,2019-08,False
2019-08,43-0000,2019-09,2019-10,2019-11,0.0293745622275767,,valid,2019-08,False
2019-08,45-0000,2019-09,2019-10,2019-11,0.07020196898652883,,valid,2019-08,True
2019-08,47-0000,2019-09,2019-10,2019-11,0.0444890759706476,,valid,2019-08,False
2019-08,49-0000,2019-09,2019-10,2019-11,0.016564137731441865,,valid,2019-08,False
2019-08,51-0000,2019-09,2019-10,2019-11,0.042266165189625636,,valid,2019-08,False
2019-08,53-0000,2019-09,2019-10,2019-11,0.04384743003603733,,valid,2019-08,False
2019-09,11-0000,2019-10,2019-11,2019-12,0.015197299555020199,,valid,2019-09,False
2019-09,13-0000,2019-10,2019-11,2019-12,0.022078263935373165,,valid,2019-09,False
2019-09,15-0000,2019-10,2019-11,2019-12,0.02201649568096713,,valid,2019-09,False
2019-09,17-0000,2019-10,2019-11,2019-12,0.017157548764375297,,valid,2019-09,True
2019-09,19-0000,2019-10,2019-11,2019-12,0.0177561659311463,,valid,2019-09,True
2019-09,21-0000,2019-10,2019-11,2019-12,0.020557652705180368,,valid,2019-09,True
2019-09,23-0000,2019-10,2019-11,2019-12,0.009079187647784266,,valid,2019-09,True
2019-09,25-0000,2019-10,2019-11,2019-12,0.02051915166366597,,valid,2019-09,False
2019-09,27-0000,2019-10,2019-11,2019-12,0.025011981630593965,,valid,2019-09,False
2019-09,29-0000,2019-10,2019-11,2019-12,0.011556943821578633,,valid,2019-09,False
2019-09,31-0000,2019-10,2019-11,2019-12,0.0336297787096881,,valid,2019-09,False
2019-09,33-0000,2019-10,2019-11,2019-12,0.030404868000084267,,valid,2019-09,False
2019-09,35-0000,2019-10,2019-11,2019-12,0.05002697337209044,,valid,2019-09,False
2019-09,37-0000,2019-10,2019-11,2019-12,0.05253175058228187,,valid,2019-09,False
2019-09,39-0000,2019-10,2019-11,2019-12,0.03898958142822747,,valid,2019-09,False
2019-09,41-0000,2019-10,2019-11,2019-12,0.0335256573884507,,valid,2019-09,False
2019-09,43-0000,2019-10,2019-11,2019-12,0.028904574896867,,valid,2019-09,False
2019-09,45-0000,2019-10,2019-11,2019-12,0.08677124422577383,,valid,2019-09,True
2019-09,47-0000,2019-10,2019-11,2019-12,0.053452150564635065,,valid,2019-09,False
2019-09,49-0000,2019-10,2019-11,2019-12,0.0160205811603812,,valid,2019-09,False
2019-09,51-0000,2019-10,2019-11,2019-12,0.04278189609501396,,valid,2019-09,False
2019-09,53-0000,2019-10,2019-11,2019-12,0.04301401625490744,,valid,2019-09,False
2019-10,11-0000,2019-11,2019-12,2020-01,0.017927106436412498,,valid,2019-10,False
2019-10,13-0000,2019-11,2019-12,2020-01,0.023426755649671668,,valid,2019-10,False
2019-10,15-0000,2019-11,2019-12,2020-01,0.024774572738510133,,valid,2019-10,False
2019-10,17-0000,2019-11,2019-12,2020-01,0.016688333958266768,,valid,2019-10,True
2019-10,19-0000,2019-11,2019-12,2020-01,0.0219002747817051,,valid,2019-10,True
2019-10,21-0000,2019-11,2019-12,2020-01,0.019384878842387834,,valid,2019-10,True
2019-10,23-0000,2019-11,2019-12,2020-01,0.0102187163280945,,valid,2019-10,True
2019-10,25-0000,2019-11,2019-12,2020-01,0.0206092593838039,,valid,2019-10,False
2019-10,27-0000,2019-11,2019-12,2020-01,0.0266578353316476,,valid,2019-10,False
2019-10,29-0000,2019-11,2019-12,2020-01,0.0126018959905791,,valid,2019-10,False
2019-10,31-0000,2019-11,2019-12,2020-01,0.0340571510749403,,valid,2019-10,False
2019-10,33-0000,2019-11,2019-12,2020-01,0.02737801142195793,,valid,2019-10,False
2019-10,35-0000,2019-11,2019-12,2020-01,0.05150265552247683,,valid,2019-10,False
2019-10,37-0000,2019-11,2019-12,2020-01,0.057268114773079574,,valid,2019-10,False
2019-10,39-0000,2019-11,2019-12,2020-01,0.037255547254066164,,valid,2019-10,False
2019-10,41-0000,2019-11,2019-12,2020-01,0.0371504954315705,,valid,2019-10,False
2019-10,43-0000,2019-11,2019-12,2020-01,0.03134928992186593,,valid,2019-10,False
2019-10,45-0000,2019-11,2019-12,2020-01,0.12671404994644667,,valid,2019-10,False
2019-10,47-0000,2019-11,2019-12,2020-01,0.06088977131573886,,valid,2019-10,False
2019-10,49-0000,2019-11,2019-12,2020-01,0.0206619221800993,,valid,2019-10,False
2019-10,51-0000,2019-11,2019-12,2020-01,0.04438211510143477,,valid,2019-10,False
2019-10,53-0000,2019-11,2019-12,2020-01,0.04484009380296423,,valid,2019-10,False
2019-11,11-0000,2019-12,2020-01,2020-02,0.019145852416558598,,valid,2019-11,False
2019-11,13-0000,2019-12,2020-01,2020-02,0.02305522587594183,,valid,2019-11,False
2019-11,15-0000,2019-12,2020-01,2020-02,0.0255366377445579,,valid,2019-11,False
2019-11,17-0000,2019-12,2020-01,2020-02,0.015216869028172599,,valid,2019-11,True
2019-11,19-0000,2019-12,2020-01,2020-02,0.021805008398605368,,valid,2019-11,True
2019-11,21-0000,2019-12,2020-01,2020-02,0.0135608591208643,,valid,2019-11,True
2019-11,23-0000,2019-12,2020-01,2020-02,0.009170223185167367,,valid,2019-11,True
2019-11,25-0000,2019-12,2020-01,2020-02,0.019667542928107035,,valid,2019-11,False
2019-11,27-0000,2019-12,2020-01,2020-02,0.030800793651780702,,valid,2019-11,False
2019-11,29-0000,2019-12,2020-01,2020-02,0.012603848186518834,,valid,2019-11,False
2019-11,31-0000,2019-12,2020-01,2020-02,0.0330269108876756,,valid,2019-11,False
2019-11,33-0000,2019-12,2020-01,2020-02,0.024906589547055935,,valid,2019-11,False
2019-11,35-0000,2019-12,2020-01,2020-02,0.055123622378197464,,valid,2019-11,False
2019-11,37-0000,2019-12,2020-01,2020-02,0.0644136163989515,,valid,2019-11,False
2019-11,39-0000,2019-12,2020-01,2020-02,0.03388897971744413,,valid,2019-11,False
2019-11,41-0000,2019-12,2020-01,2020-02,0.040341997068341635,,valid,2019-11,False
2019-11,43-0000,2019-12,2020-01,2020-02,0.03275479032676763,,valid,2019-11,False
2019-11,45-0000,2019-12,2020-01,2020-02,0.13471784342918247,,valid,2019-11,False
2019-11,47-0000,2019-12,2020-01,2020-02,0.0676134653419412,,valid,2019-11,False
2019-11,49-0000,2019-12,2020-01,2020-02,0.023567532055953234,,valid,2019-11,False
2019-11,51-0000,2019-12,2020-01,2020-02,0.049008275270779604,,valid,2019-11,False
2019-11,53-0000,2019-12,2020-01,2020-02,0.04822790398623117,,valid,2019-11,False
2019-12,11-0000,2020-01,2020-02,2020-03,0.0205713555998471,,valid,2019-12,False
2019-12,13-0000,2020-01,2020-02,2020-03,0.022902256584957398,,valid,2019-12,False
2019-12,15-0000,2020-01,2020-02,2020-03,0.026445195122757965,,valid,2019-12,False
2019-12,17-0000,2020-01,2020-02,2020-03,0.020468683062727533,,valid,2019-12,True
2019-12,19-0000,2020-01,2020-02,2020-03,0.030335959493455997,,valid,2019-12,True
2019-12,21-0000,2020-01,2020-02,2020-03,0.014310863593225169,,valid,2019-12,True
2019-12,23-0000,2020-01,2020-02,2020-03,0.015509659746855498,,valid,2019-12,True
2019-12,25-0000,2020-01,2020-02,2020-03,0.0226759614120359,,valid,2019-12,False
2019-12,27-0000,2020-01,2020-02,2020-03,0.03850317688443027,,valid,2019-12,False
2019-12,29-0000,2020-01,2020-02,2020-03,0.014609153456130999,,valid,2019-12,False
2019-12,31-0000,2020-01,2020-02,2020-03,0.028303780581567167,,valid,2019-12,False
2019-12,33-0000,2020-01,2020-02,2020-03,0.023624861420364435,,valid,2019-12,True
2019-12,35-0000,2020-01,2020-02,2020-03,0.06893012232866137,,valid,2019-12,False
2019-12,37-0000,2020-01,2020-02,2020-03,0.07194443398244584,,valid,2019-12,False
2019-12,39-0000,2020-01,2020-02,2020-03,0.043459039001619494,,valid,2019-12,False
2019-12,41-0000,2020-01,2020-02,2020-03,0.04394170638066874,,valid,2019-12,False
2019-12,43-0000,2020-01,2020-02,2020-03,0.0353348252276832,,valid,2019-12,False
2019-12,45-0000,2020-01,2020-02,2020-03,0.13596360146535497,,valid,2019-12,False
2019-12,47-0000,2020-01,2020-02,2020-03,0.0747066999561271,,valid,2019-12,False
2019-12,49-0000,2020-01,2020-02,2020-03,0.026334117888286133,,valid,2019-12,False
2019-12,51-0000,2020-01,2020-02,2020-03,0.05220215894825003,,valid,2019-12,False
2019-12,53-0000,2020-01,2020-02,2020-03,0.05813539225290787,,valid,2019-12,False
2020-01,11-0000,2020-02,2020-03,2020-04,0.0340436568103014,,valid,2020-01,False
2020-01,13-0000,2020-02,2020-03,2020-04,0.0345907463621482,,valid,2020-01,False
2020-01,15-0000,2020-02,2020-03,2020-04,0.030567301375275097,,valid,2020-01,False
2020-01,17-0000,2020-02,2020-03,2020-04,0.03224925354461187,,valid,2020-01,True
2020-01,19-0000,2020-02,2020-03,2020-04,0.03969455939040817,,valid,2020-01,True
2020-01,21-0000,2020-02,2020-03,2020-04,0.024030569862977604,,valid,2020-01,True
2020-01,23-0000,2020-02,2020-03,2020-04,0.023272664405962165,,valid,2020-01,True
2020-01,25-0000,2020-02,2020-03,2020-04,0.06274524415833373,,valid,2020-01,False
2020-01,27-0000,2020-02,2020-03,2020-04,0.08955885396150076,,valid,2020-01,False
2020-01,29-0000,2020-02,2020-03,2020-04,0.032641537638334266,,valid,2020-01,False
2020-01,31-0000,2020-02,2020-03,2020-04,0.058474952249913094,,valid,2020-01,False
2020-01,33-0000,2020-02,2020-03,2020-04,0.047359982594840234,,valid,2020-01,True
2020-01,35-0000,2020-02,2020-03,2020-04,0.18916794170031684,,valid,2020-01,False
2020-01,37-0000,2020-02,2020-03,2020-04,0.1227791553932011,,valid,2020-01,False
2020-01,39-0000,2020-02,2020-03,2020-04,0.16377036395959185,,valid,2020-01,False
2020-01,41-0000,2020-02,2020-03,2020-04,0.08604966964871913,,valid,2020-01,False
2020-01,43-0000,2020-02,2020-03,2020-04,0.06574963659941607,,valid,2020-01,False
2020-01,45-0000,2020-02,2020-03,2020-04,0.12139480856840046,,valid,2020-01,False
2020-01,47-0000,2020-02,2020-03,2020-04,0.11537053467360953,,valid,2020-01,False
2020-01,49-0000,2020-02,2020-03,2020-04,0.0603426011772266,,valid,2020-01,False
2020-01,51-0000,2020-02,2020-03,2020-04,0.09802486667140864,,valid,2020-01,False
2020-01,53-0000,2020-02,2020-03,2020-04,0.10237960198779879,,valid,2020-01,False
2020-02,11-0000,2020-03,2020-04,2020-05,0.045778458357459036,,valid,2020-02,False
2020-02,13-0000,2020-03,2020-04,2020-05,0.0441402132886067,,valid,2020-02,False
2020-02,15-0000,2020-03,2020-04,2020-05,0.0348186036919339,,valid,2020-02,False
2020-02,17-0000,2020-03,2020-04,2020-05,0.043203820533947064,,valid,2020-02,True
2020-02,19-0000,2020-03,2020-04,2020-05,0.046433292379821765,,valid,2020-02,True
2020-02,21-0000,2020-03,2020-04,2020-05,0.035711500461026134,,valid,2020-02,True
2020-02,23-0000,2020-03,2020-04,2020-05,0.03806952058204804,,valid,2020-02,True
2020-02,25-0000,2020-03,2020-04,2020-05,0.09579992522213555,,valid,2020-02,False
2020-02,27-0000,2020-03,2020-04,2020-05,0.13711508285196802,,valid,2020-02,False
2020-02,29-0000,2020-03,2020-04,2020-05,0.047656547585587995,,valid,2020-02,False
2020-02,31-0000,2020-03,2020-04,2020-05,0.09225401568301027,,valid,2020-02,False
2020-02,33-0000,2020-03,2020-04,2020-05,0.06997606894857761,,valid,2020-02,True
2020-02,35-0000,2020-03,2020-04,2020-05,0.2921147865900941,,valid,2020-02,False
2020-02,37-0000,2020-03,2020-04,2020-05,0.1541609678521375,,valid,2020-02,False
2020-02,39-0000,2020-03,2020-04,2020-05,0.2655035425340817,,valid,2020-02,False
2020-02,41-0000,2020-03,2020-04,2020-05,0.1261685174490639,,valid,2020-02,False
2020-02,43-0000,2020-03,2020-04,2020-05,0.0941653935163706,,valid,2020-02,False
2020-02,45-0000,2020-03,2020-04,2020-05,0.10450927930790123,,valid,2020-02,False
2020-02,47-0000,2020-03,2020-04,2020-05,0.14280691644082052,,valid,2020-02,False
2020-02,49-0000,2020-03,2020-04,2020-05,0.0890744417253615,,valid,2020-02,False
2020-02,51-0000,2020-03,2020-04,2020-05,0.13152737877483625,,valid,2020-02,False
2020-02,53-0000,2020-03,2020-04,2020-05,0.14488534804932204,,valid,2020-02,False
2020-03,11-0000,2020-04,2020-05,2020-06,0.0537675764219119,,valid,2020-03,False
2020-03,13-0000,2020-04,2020-05,2020-06,0.053730621927654265,,valid,2020-03,False
2020-03,15-0000,2020-04,2020-05,2020-06,0.04099516034668547,,valid,2020-03,False
2020-03,17-0000,2020-04,2020-05,2020-06,0.054447937973147696,,valid,2020-03,False
2020-03,19-0000,2020-04,2020-05,2020-06,0.055073833564541506,,valid,2020-03,True
2020-03,21-0000,2020-04,2020-05,2020-06,0.0468120612582447,,valid,2020-03,False
2020-03,23-0000,2020-04,2020-05,2020-06,0.044595963312858,,valid,2020-03,True
2020-03,25-0000,2020-04,2020-05,2020-06,0.12285406625791717,,valid,2020-03,False
2020-03,27-0000,2020-04,2020-05,2020-06,0.18707485198400484,,valid,2020-03,False
2020-03,29-0000,2020-04,2020-05,2020-06,0.05630515039283057,,valid,2020-03,False
2020-03,31-0000,2020-04,2020-05,2020-06,0.11596477290953894,,valid,2020-03,False
2020-03,33-0000,2020-04,2020-05,2020-06,0.08703108055781532,,valid,2020-03,False
2020-03,35-0000,2020-04,2020-05,2020-06,0.3570226304494688,,valid,2020-03,False
2020-03,37-0000,2020-04,2020-05,2020-06,0.16957963244171292,,valid,2020-03,False
2020-03,39-0000,2020-04,2020-05,2020-06,0.3374825406414345,,valid,2020-03,False
2020-03,41-0000,2020-04,2020-05,2020-06,0.15574476345475277,,valid,2020-03,False
2020-03,43-0000,2020-04,2020-05,2020-06,0.11703741936471569,,valid,2020-03,False
2020-03,45-0000,2020-04,2020-05,2020-06,0.09396161120838546,,valid,2020-03,True
2020-03,47-0000,2020-04,2020-05,2020-06,0.15293309648289902,,valid,2020-03,False
2020-03,49-0000,2020-04,2020-05,2020-06,0.11218109555775467,,valid,2020-03,False
2020-03,51-0000,2020-04,2020-05,2020-06,0.14965015589313238,,valid,2020-03,False
2020-03,53-0000,2020-04,2020-05,2020-06,0.1698665773456961,,valid,2020-03,False
2020-04,11-0000,2020-05,2020-06,2020-07,0.049287568453229465,,valid,2020-04,False
2020-04,13-0000,2020-05,2020-06,2020-07,0.051536421814414236,,valid,2020-04,False
2020-04,15-0000,2020-05,2020-06,2020-07,0.041343910680534036,,valid,2020-04,False
2020-04,17-0000,2020-05,2020-06,2020-07,0.04948118972524476,,valid,2020-04,False
2020-04,19-0000,2020-05,2020-06,2020-07,0.0543069326245856,,valid,2020-04,True
2020-04,21-0000,2020-05,2020-06,2020-07,0.04834697233687437,,valid,2020-04,False
2020-04,23-0000,2020-05,2020-06,2020-07,0.04151021311973583,,valid,2020-04,True
2020-04,25-0000,2020-05,2020-06,2020-07,0.12416193130109665,,valid,2020-04,False
2020-04,27-0000,2020-05,2020-06,2020-07,0.17632556944453892,,valid,2020-04,False
2020-04,29-0000,2020-05,2020-06,2020-07,0.0462791218912637,,valid,2020-04,False
2020-04,31-0000,2020-05,2020-06,2020-07,0.10685340453512215,,valid,2020-04,False
2020-04,33-0000,2020-05,2020-06,2020-07,0.07522689901120197,,valid,2020-04,False
2020-04,35-0000,2020-05,2020-06,2020-07,0.303854819939055,,valid,2020-04,False
2020-04,37-0000,2020-05,2020-06,2020-07,0.1338480602954882,,valid,2020-04,False
2020-04,39-0000,2020-05,2020-06,2020-07,0.2658733583222031,,valid,2020-04,False
2020-04,41-0000,2020-05,2020-06,2020-07,0.13437414862995092,,valid,2020-04,False
2020-04,43-0000,2020-05,2020-06,2020-07,0.10654370370140272,,valid,2020-04,False
2020-04,45-0000,2020-05,2020-06,2020-07,0.0769608834308154,,valid,2020-04,True
2020-04,47-0000,2020-05,2020-06,2020-07,0.1234334363464492,,valid,2020-04,False
2020-04,49-0000,2020-05,2020-06,2020-07,0.09480885794894556,,valid,2020-04,False
2020-04,51-0000,2020-05,2020-06,2020-07,0.1243615182058737,,valid,2020-04,False
2020-04,53-0000,2020-05,2020-06,2020-07,0.16042569591242414,,valid,2020-04,False
2020-05,11-0000,2020-06,2020-07,2020-08,0.046149155175720165,,valid,2020-05,False
2020-05,13-0000,2020-06,2020-07,2020-08,0.05276373959985736,,valid,2020-05,False
2020-05,15-0000,2020-06,2020-07,2020-08,0.04371612991809373,,valid,2020-05,False
2020-05,17-0000,2020-06,2020-07,2020-08,0.046186296768084,,valid,2020-05,False
2020-05,19-0000,2020-06,2020-07,2020-08,0.05337835852920161,,valid,2020-05,True
2020-05,21-0000,2020-06,2020-07,2020-08,0.04673891464153663,,valid,2020-05,False
2020-05,23-0000,2020-06,2020-07,2020-08,0.036645792066576865,,valid,2020-05,True
2020-05,25-0000,2020-06,2020-07,2020-08,0.11891865515885969,,valid,2020-05,False
2020-05,27-0000,2020-06,2020-07,2020-08,0.15826614043351525,,valid,2020-05,False
2020-05,29-0000,2020-06,2020-07,2020-08,0.03750272434410983,,valid,2020-05,False
2020-05,31-0000,2020-06,2020-07,2020-08,0.09326354102583263,,valid,2020-05,False
2020-05,33-0000,2020-06,2020-07,2020-08,0.05772768629632833,,valid,2020-05,False
2020-05,35-0000,2020-06,2020-07,2020-08,0.25521113130409473,,valid,2020-05,False
2020-05,37-0000,2020-06,2020-07,2020-08,0.11139845612190542,,valid,2020-05,False
2020-05,39-0000,2020-06,2020-07,2020-08,0.19996715998806813,,valid,2020-05,False
2020-05,41-0000,2020-06,2020-07,2020-08,0.1085067535670307,,valid,2020-05,False
2020-05,43-0000,2020-06,2020-07,2020-08,0.09000585539618579,,valid,2020-05,False
2020-05,45-0000,2020-06,2020-07,2020-08,0.0726984915791184,,valid,2020-05,True
2020-05,47-0000,2020-06,2020-07,2020-08,0.10060091544556045,,valid,2020-05,False
2020-05,49-0000,2020-06,2020-07,2020-08,0.08100090152197491,,valid,2020-05,False
2020-05,51-0000,2020-06,2020-07,2020-08,0.10577940677697484,,valid,2020-05,False
2020-05,53-0000,2020-06,2020-07,2020-08,0.139594179855113,,valid,2020-05,False
2020-06,11-0000,2020-07,2020-08,2020-09,0.04481294536908026,,valid,2020-06,False
2020-06,13-0000,2020-07,2020-08,2020-09,0.05473794850889874,,valid,2020-06,False
2020-06,15-0000,2020-07,2020-08,2020-09,0.04098974402065527,,valid,2020-06,False
2020-06,17-0000,2020-07,2020-08,2020-09,0.037276633088066696,,valid,2020-06,False
2020-06,19-0000,2020-07,2020-08,2020-09,0.045259749899824335,,valid,2020-06,True
2020-06,21-0000,2020-07,2020-08,2020-09,0.03838476718662403,,valid,2020-06,True
2020-06,23-0000,2020-07,2020-08,2020-09,0.029506117331782402,,valid,2020-06,True
2020-06,25-0000,2020-07,2020-08,2020-09,0.10079429627393822,,valid,2020-06,False
2020-06,27-0000,2020-07,2020-08,2020-09,0.12315283749879176,,valid,2020-06,False
2020-06,29-0000,2020-07,2020-08,2020-09,0.032309041590513767,,valid,2020-06,False
2020-06,31-0000,2020-07,2020-08,2020-09,0.08585475979786976,,valid,2020-06,False
2020-06,33-0000,2020-07,2020-08,2020-09,0.04751373086033317,,valid,2020-06,False
2020-06,35-0000,2020-07,2020-08,2020-09,0.21866163672251618,,valid,2020-06,False
2020-06,37-0000,2020-07,2020-08,2020-09,0.10263295623375807,,valid,2020-06,False
2020-06,39-0000,2020-07,2020-08,2020-09,0.15735757979050688,,valid,2020-06,False
2020-06,41-0000,2020-07,2020-08,2020-09,0.09395085544650446,,valid,2020-06,False
2020-06,43-0000,2020-07,2020-08,2020-09,0.0787727580578986,,valid,2020-06,False
2020-06,45-0000,2020-07,2020-08,2020-09,0.06728924528531806,,valid,2020-06,True
2020-06,47-0000,2020-07,2020-08,2020-09,0.08904019251789884,,valid,2020-06,False
2020-06,49-0000,2020-07,2020-08,2020-09,0.06664312847862096,,valid,2020-06,False
2020-06,51-0000,2020-07,2020-08,2020-09,0.09697828955650584,,valid,2020-06,False
2020-06,53-0000,2020-07,2020-08,2020-09,0.12651825690428123,,valid,2020-06,False
2020-07,11-0000,2020-08,2020-09,2020-10,0.04113016250732147,,valid,2020-07,False
2020-07,13-0000,2020-08,2020-09,2020-10,0.053924840417134835,,valid,2020-07,False
2020-07,15-0000,2020-08,2020-09,2020-10,0.035696036886004597,,valid,2020-07,False
2020-07,17-0000,2020-08,2020-09,2020-10,0.033656218446655534,,valid,2020-07,False
2020-07,19-0000,2020-08,2020-09,2020-10,0.04095486510176997,,valid,2020-07,True
2020-07,21-0000,2020-08,2020-09,2020-10,0.027683191220993303,,valid,2020-07,True
2020-07,23-0000,2020-08,2020-09,2020-10,0.026932721715697164,,valid,2020-07,True
2020-07,25-0000,2020-08,2020-09,2020-10,0.06613417542516783,,valid,2020-07,False
2020-07,27-0000,2020-08,2020-09,2020-10,0.09763009123250836,,valid,2020-07,False
2020-07,29-0000,2020-08,2020-09,2020-10,0.0260172575410624,,valid,2020-07,False
2020-07,31-0000,2020-08,2020-09,2020-10,0.07557178215223663,,valid,2020-07,False
2020-07,33-0000,2020-08,2020-09,2020-10,0.04285600379299096,,valid,2020-07,False
2020-07,35-0000,2020-08,2020-09,2020-10,0.18472832244558002,,valid,2020-07,False
2020-07,37-0000,2020-08,2020-09,2020-10,0.09350634092312367,,valid,2020-07,False
2020-07,39-0000,2020-08,2020-09,2020-10,0.1332621163647666,,valid,2020-07,False
2020-07,41-0000,2020-08,2020-09,2020-10,0.08119710075923493,,valid,2020-07,False
2020-07,43-0000,2020-08,2020-09,2020-10,0.06702304415227207,,valid,2020-07,False
2020-07,45-0000,2020-08,2020-09,2020-10,0.0629352938388207,,valid,2020-07,True
2020-07,47-0000,2020-08,2020-09,2020-10,0.08050782416084074,,valid,2020-07,False
2020-07,49-0000,2020-08,2020-09,2020-10,0.05631231008121166,,valid,2020-07,False
2020-07,51-0000,2020-08,2020-09,2020-10,0.08095943455782886,,valid,2020-07,False
2020-07,53-0000,2020-08,2020-09,2020-10,0.10942282259414339,,valid,2020-07,False
2020-08,11-0000,2020-09,2020-10,2020-11,0.039144558619297797,,valid,2020-08,False
2020-08,13-0000,2020-09,2020-10,2020-11,0.0508118320156914,,valid,2020-08,False
2020-08,15-0000,2020-09,2020-10,2020-11,0.028965696606000863,,valid,2020-08,False
2020-08,17-0000,2020-09,2020-10,2020-11,0.03283680754932273,,valid,2020-08,False
2020-08,19-0000,2020-09,2020-10,2020-11,0.04252459731765363,,valid,2020-08,True
2020-08,21-0000,2020-09,2020-10,2020-11,0.0238445086155456,,valid,2020-08,True
2020-08,23-0000,2020-09,2020-10,2020-11,0.018749774618585967,,valid,2020-08,True
2020-08,25-0000,2020-09,2020-10,2020-11,0.04497630991080533,,valid,2020-08,False
2020-08,27-0000,2020-09,2020-10,2020-11,0.08945648864919024,,valid,2020-08,False
2020-08,29-0000,2020-09,2020-10,2020-11,0.021819019940511164,,valid,2020-08,False
2020-08,31-0000,2020-09,2020-10,2020-11,0.06741925512095936,,valid,2020-08,False
2020-08,33-0000,2020-09,2020-10,2020-11,0.04455155193904187,,valid,2020-08,False
2020-08,35-0000,2020-09,2020-10,2020-11,0.15916940600266302,,valid,2020-08,False
2020-08,37-0000,2020-09,2020-10,2020-11,0.0916658661739856,,valid,2020-08,False
2020-08,39-0000,2020-09,2020-10,2020-11,0.12028720367029117,,valid,2020-08,False
2020-08,41-0000,2020-09,2020-10,2020-11,0.07365699229515146,,valid,2020-08,False
2020-08,43-0000,2020-09,2020-10,2020-11,0.0633405049724493,,valid,2020-08,False
2020-08,45-0000,2020-09,2020-10,2020-11,0.07284413438304803,,valid,2020-08,True
2020-08,47-0000,2020-09,2020-10,2020-11,0.07852727634277144,,valid,2020-08,False
2020-08,49-0000,2020-09,2020-10,2020-11,0.05151338715492163,,valid,2020-08,False
2020-08,51-0000,2020-09,2020-10,2020-11,0.07076192871027599,,valid,2020-08,False
2020-08,53-0000,2020-09,2020-10,2020-11,0.09959073107123523,,valid,2020-08,False
2020-09,11-0000,2020-10,2020-11,2020-12,0.03562693441193173,,valid,2020-09,False
2020-09,13-0000,2020-10,2020-11,2020-12,0.046420635742330435,,valid,2020-09,False
2020-09,15-0000,2020-10,2020-11,2020-12,0.027733662270233068,,valid,2020-09,False
2020-09,17-0000,2020-10,2020-11,2020-12,0.030223636788552832,,valid,2020-09,True
2020-09,19-0000,2020-10,2020-11,2020-12,0.038008030783172934,,valid,2020-09,True
2020-09,21-0000,2020-10,2020-11,2020-12,0.023172450540873135,,valid,2020-09,True
2020-09,23-0000,2020-10,2020-11,2020-12,0.019379468253139367,,valid,2020-09,True
2020-09,25-0000,2020-10,2020-11,2020-12,0.03790994879362113,,valid,2020-09,False
2020-09,27-0000,2020-10,2020-11,2020-12,0.0853802655333374,,valid,2020-09,False
2020-09,29-0000,2020-10,2020-11,2020-12,0.019593834731270868,,valid,2020-09,False
2020-09,31-0000,2020-10,2020-11,2020-12,0.0658110244046365,,valid,2020-09,False
2020-09,33-0000,2020-10,2020-11,2020-12,0.04328810646368967,,valid,2020-09,False
2020-09,35-0000,2020-10,2020-11,2020-12,0.1572793781947954,,valid,2020-09,False
2020-09,37-0000,2020-10,2020-11,2020-12,0.09363032299660619,,valid,2020-09,False
2020-09,39-0000,2020-10,2020-11,2020-12,0.10844579428740249,,valid,2020-09,False
2020-09,41-0000,2020-10,2020-11,2020-12,0.06141208264041553,,valid,2020-09,False
2020-09,43-0000,2020-10,2020-11,2020-12,0.05975539597919596,,valid,2020-09,False
2020-09,45-0000,2020-10,2020-11,2020-12,0.10335182884793837,,valid,2020-09,True
2020-09,47-0000,2020-10,2020-11,2020-12,0.09087033996905057,,valid,2020-09,False
2020-09,49-0000,2020-10,2020-11,2020-12,0.052417518950980534,,valid,2020-09,False
2020-09,51-0000,2020-10,2020-11,2020-12,0.06438028212245094,,valid,2020-09,False
2020-09,53-0000,2020-10,2020-11,2020-12,0.09344169543754254,,valid,2020-09,False
2020-10,11-0000,2020-11,2020-12,2021-01,0.03510861207591057,,valid,2020-10,False
2020-10,13-0000,2020-11,2020-12,2021-01,0.043275120315384163,,valid,2020-10,False
2020-10,15-0000,2020-11,2020-12,2021-01,0.02638630239723867,,valid,2020-10,False
2020-10,17-0000,2020-11,2020-12,2021-01,0.03180354189819737,,valid,2020-10,True
2020-10,19-0000,2020-11,2020-12,2021-01,0.03779434752685183,,valid,2020-10,True
2020-10,21-0000,2020-11,2020-12,2021-01,0.026050237973338202,,valid,2020-10,True
2020-10,23-0000,2020-11,2020-12,2021-01,0.022523303723950335,,valid,2020-10,True
2020-10,25-0000,2020-11,2020-12,2021-01,0.038237882520756133,,valid,2020-10,False
2020-10,27-0000,2020-11,2020-12,2021-01,0.09168511235700331,,valid,2020-10,False
2020-10,29-0000,2020-11,2020-12,2021-01,0.0200234431822344,,valid,2020-10,False
2020-10,31-0000,2020-11,2020-12,2021-01,0.06766828649448448,,valid,2020-10,False
2020-10,33-0000,2020-11,2020-12,2021-01,0.041847104126305,,valid,2020-10,False
2020-10,35-0000,2020-11,2020-12,2021-01,0.1597268469039541,,valid,2020-10,False
2020-10,37-0000,2020-11,2020-12,2021-01,0.1000927537821475,,valid,2020-10,False
2020-10,39-0000,2020-11,2020-12,2021-01,0.11993648450582493,,valid,2020-10,False
2020-10,41-0000,2020-11,2020-12,2021-01,0.06041474128511196,,valid,2020-10,False
2020-10,43-0000,2020-11,2020-12,2021-01,0.05850094559053957,,valid,2020-10,False
2020-10,45-0000,2020-11,2020-12,2021-01,0.12517371663004676,,valid,2020-10,False
2020-10,47-0000,2020-11,2020-12,2021-01,0.10260443022961259,,valid,2020-10,False
2020-10,49-0000,2020-11,2020-12,2021-01,0.05915074458630929,,valid,2020-10,False
2020-10,51-0000,2020-11,2020-12,2021-01,0.06497677569798116,,valid,2020-10,False
2020-10,53-0000,2020-11,2020-12,2021-01,0.09073450306243219,,valid,2020-10,False
2020-11,11-0000,2020-12,2021-01,2021-02,0.03415385513489983,,valid,2020-11,False
2020-11,13-0000,2020-12,2021-01,2021-02,0.0416079235165677,,valid,2020-11,False
2020-11,15-0000,2020-12,2021-01,2021-02,0.02631507504593743,,valid,2020-11,False
2020-11,17-0000,2020-12,2021-01,2021-02,0.03054257684212883,,valid,2020-11,True
2020-11,19-0000,2020-12,2021-01,2021-02,0.03496868442619597,,valid,2020-11,True
2020-11,21-0000,2020-12,2021-01,2021-02,0.028065981151068897,,valid,2020-11,True
2020-11,23-0000,2020-12,2021-01,2021-02,0.028248103997981066,,valid,2020-11,True
2020-11,25-0000,2020-12,2021-01,2021-02,0.03623673833883803,,valid,2020-11,False
2020-11,27-0000,2020-12,2021-01,2021-02,0.0847515181504014,,valid,2020-11,False
2020-11,29-0000,2020-12,2021-01,2021-02,0.018708282217340333,,valid,2020-11,False
2020-11,31-0000,2020-12,2021-01,2021-02,0.07043667893721407,,valid,2020-11,False
2020-11,33-0000,2020-12,2021-01,2021-02,0.040261510866061966,,valid,2020-11,False
2020-11,35-0000,2020-12,2021-01,2021-02,0.1570114993473937,,valid,2020-11,False
2020-11,37-0000,2020-12,2021-01,2021-02,0.10835857410489942,,valid,2020-11,False
2020-11,39-0000,2020-12,2021-01,2021-02,0.1271811614360616,,valid,2020-11,False
2020-11,41-0000,2020-12,2021-01,2021-02,0.061622312563902805,,valid,2020-11,False
2020-11,43-0000,2020-12,2021-01,2021-02,0.059208104000925375,,valid,2020-11,False
2020-11,45-0000,2020-12,2021-01,2021-02,0.13232870632838722,,valid,2020-11,False
2020-11,47-0000,2020-12,2021-01,2021-02,0.1161903077524795,,valid,2020-11,False
2020-11,49-0000,2020-12,2021-01,2021-02,0.05900785961884953,,valid,2020-11,False
2020-11,51-0000,2020-12,2021-01,2021-02,0.0661194814712469,,valid,2020-11,False
2020-11,53-0000,2020-12,2021-01,2021-02,0.09269711101062487,,valid,2020-11,False
2020-12,11-0000,2021-01,2021-02,2021-03,0.0352737784955908,,valid,2020-12,False
2020-12,13-0000,2021-01,2021-02,2021-03,0.037791590382705034,,valid,2020-12,False
2020-12,15-0000,2021-01,2021-02,2021-03,0.022537655029729334,,valid,2020-12,False
2020-12,17-0000,2021-01,2021-02,2021-03,0.03133334678805946,,valid,2020-12,False
2020-12,19-0000,2021-01,2021-02,2021-03,0.03785009759098163,,valid,2020-12,True
2020-12,21-0000,2021-01,2021-02,2021-03,0.025746611354035536,,valid,2020-12,True
2020-12,23-0000,2021-01,2021-02,2021-03,0.028693984507146764,,valid,2020-12,True
2020-12,25-0000,2021-01,2021-02,2021-03,0.03342718281732373,,valid,2020-12,False
2020-12,27-0000,2021-01,2021-02,2021-03,0.08620965935538194,,valid,2020-12,False
2020-12,29-0000,2021-01,2021-02,2021-03,0.0180744963990906,,valid,2020-12,False
2020-12,31-0000,2021-01,2021-02,2021-03,0.07027218224857677,,valid,2020-12,False
2020-12,33-0000,2021-01,2021-02,2021-03,0.045157205717014,,valid,2020-12,False
2020-12,35-0000,2021-01,2021-02,2021-03,0.14727317286552946,,valid,2020-12,False
2020-12,37-0000,2021-01,2021-02,2021-03,0.10656366552327394,,valid,2020-12,False
2020-12,39-0000,2021-01,2021-02,2021-03,0.11862291217684744,,valid,2020-12,False
2020-12,41-0000,2021-01,2021-02,2021-03,0.06530298767619507,,valid,2020-12,False
2020-12,43-0000,2021-01,2021-02,2021-03,0.05881878730636067,,valid,2020-12,False
2020-12,45-0000,2021-01,2021-02,2021-03,0.11426036579582294,,valid,2020-12,False
2020-12,47-0000,2021-01,2021-02,2021-03,0.10907838088662057,,valid,2020-12,False
2020-12,49-0000,2021-01,2021-02,2021-03,0.05386516332260236,,valid,2020-12,False
2020-12,51-0000,2021-01,2021-02,2021-03,0.06856011174635529,,valid,2020-12,False
2020-12,53-0000,2021-01,2021-02,2021-03,0.09576007384672197,,valid,2020-12,False
2021-01,11-0000,2021-02,2021-03,2021-04,0.03390868712156223,,valid,2021-01,False
2021-01,13-0000,2021-02,2021-03,2021-04,0.03377962470617057,,valid,2021-01,False
2021-01,15-0000,2021-02,2021-03,2021-04,0.022960957742117535,,valid,2021-01,False
2021-01,17-0000,2021-02,2021-03,2021-04,0.03133091626179647,,valid,2021-01,False
2021-01,19-0000,2021-02,2021-03,2021-04,0.038434123478883135,,valid,2021-01,True
2021-01,21-0000,2021-02,2021-03,2021-04,0.0235577979193479,,valid,2021-01,True
2021-01,23-0000,2021-02,2021-03,2021-04,0.02991945227972657,,valid,2021-01,True
2021-01,25-0000,2021-02,2021-03,2021-04,0.029334721875035302,,valid,2021-01,False
2021-01,27-0000,2021-02,2021-03,2021-04,0.07896837091894114,,valid,2021-01,False
2021-01,29-0000,2021-02,2021-03,2021-04,0.017523239529031898,,valid,2021-01,False
2021-01,31-0000,2021-02,2021-03,2021-04,0.06272870853024494,,valid,2021-01,False
2021-01,33-0000,2021-02,2021-03,2021-04,0.04745000267912114,,valid,2021-01,False
2021-01,35-0000,2021-02,2021-03,2021-04,0.12761672461239637,,valid,2021-01,False
2021-01,37-0000,2021-02,2021-03,2021-04,0.09794037259888784,,valid,2021-01,False
2021-01,39-0000,2021-02,2021-03,2021-04,0.1050358147197636,,valid,2021-01,False
2021-01,41-0000,2021-02,2021-03,2021-04,0.0644453440943107,,valid,2021-01,False
2021-01,43-0000,2021-02,2021-03,2021-04,0.056688266641900666,,valid,2021-01,False
2021-01,45-0000,2021-02,2021-03,2021-04,0.10820911121187547,,valid,2021-01,False
2021-01,47-0000,2021-02,2021-03,2021-04,0.10437453658120514,,valid,2021-01,False
2021-01,49-0000,2021-02,2021-03,2021-04,0.04635498322420726,,valid,2021-01,False
2021-01,51-0000,2021-02,2021-03,2021-04,0.07043202306251643,,valid,2021-01,False
2021-01,53-0000,2021-02,2021-03,2021-04,0.0945883187608882,,valid,2021-01,False
2021-02,11-0000,2021-03,2021-04,2021-05,0.03257114243414887,,valid,2021-02,False
2021-02,13-0000,2021-03,2021-04,2021-05,0.030792263953829297,,valid,2021-02,False
2021-02,15-0000,2021-03,2021-04,2021-05,0.023150784240116535,,valid,2021-02,False
2021-02,17-0000,2021-03,2021-04,2021-05,0.030510722165749734,,valid,2021-02,True
2021-02,19-0000,2021-03,2021-04,2021-05,0.03903200619438884,,valid,2021-02,True
2021-02,21-0000,2021-03,2021-04,2021-05,0.0217850535769144,,valid,2021-02,True
2021-02,23-0000,2021-03,2021-04,2021-05,0.025625409553616797,,valid,2021-02,True
2021-02,25-0000,2021-03,2021-04,2021-05,0.0270402193966372,,valid,2021-02,False
2021-02,27-0000,2021-03,2021-04,2021-05,0.07917336373881363,,valid,2021-02,False
2021-02,29-0000,2021-03,2021-04,2021-05,0.017794883541738363,,valid,2021-02,False
2021-02,31-0000,2021-03,2021-04,2021-05,0.057910279474339604,,valid,2021-02,False
2021-02,33-0000,2021-03,2021-04,2021-05,0.05183170266177417,,valid,2021-02,False
2021-02,35-0000,2021-03,2021-04,2021-05,0.11526831756610746,,valid,2021-02,False
2021-02,37-0000,2021-03,2021-04,2021-05,0.08204813654151417,,valid,2021-02,False
2021-02,39-0000,2021-03,2021-04,2021-05,0.09567510537775344,,valid,2021-02,False
2021-02,41-0000,2021-03,2021-04,2021-05,0.06428150360951553,,valid,2021-02,False
2021-02,43-0000,2021-03,2021-04,2021-05,0.054786903899173234,,valid,2021-02,False
2021-02,45-0000,2021-03,2021-04,2021-05,0.09646027443094957,,valid,2021-02,False
2021-02,47-0000,2021-03,2021-04,2021-05,0.09145272980514717,,valid,2021-02,False
2021-02,49-0000,2021-03,2021-04,2021-05,0.04238311776247497,,valid,2021-02,False
2021-02,51-0000,2021-03,2021-04,2021-05,0.0687150553074094,,valid,2021-02,False
2021-02,53-0000,2021-03,2021-04,2021-05,0.0924786743917677,,valid,2021-02,False
2021-03,11-0000,2021-04,2021-05,2021-06,0.0314245370227157,,valid,2021-03,False
2021-03,13-0000,2021-04,2021-05,2021-06,0.029383083087279337,,valid,2021-03,False
2021-03,15-0000,2021-04,2021-05,2021-06,0.0242092918222785,,valid,2021-03,False
2021-03,17-0000,2021-04,2021-05,2021-06,0.032392947931785404,,valid,2021-03,True
2021-03,19-0000,2021-04,2021-05,2021-06,0.04559583779512307,,valid,2021-03,True
2021-03,21-0000,2021-04,2021-05,2021-06,0.025329768661739468,,valid,2021-03,True
2021-03,23-0000,2021-04,2021-05,2021-06,0.027962675420615663,,valid,2021-03,True
2021-03,25-0000,2021-04,2021-05,2021-06,0.035134638064037965,,valid,2021-03,False
2021-03,27-0000,2021-04,2021-05,2021-06,0.08236668770964424,,valid,2021-03,False
2021-03,29-0000,2021-04,2021-05,2021-06,0.017874511551448733,,valid,2021-03,False
2021-03,31-0000,2021-04,2021-05,2021-06,0.0558098284980901,,valid,2021-03,False
2021-03,33-0000,2021-04,2021-05,2021-06,0.04836062099236103,,valid,2021-03,False
2021-03,35-0000,2021-04,2021-05,2021-06,0.10476039942436015,,valid,2021-03,False
2021-03,37-0000,2021-04,2021-05,2021-06,0.07162794990854866,,valid,2021-03,False
2021-03,39-0000,2021-04,2021-05,2021-06,0.09466348802827713,,valid,2021-03,False
2021-03,41-0000,2021-04,2021-05,2021-06,0.0632990786238048,,valid,2021-03,False
2021-03,43-0000,2021-04,2021-05,2021-06,0.055815315882237974,,valid,2021-03,False
2021-03,45-0000,2021-04,2021-05,2021-06,0.0940666325095163,,valid,2021-03,False
2021-03,47-0000,2021-04,2021-05,2021-06,0.08876849575077807,,valid,2021-03,False
2021-03,49-0000,2021-04,2021-05,2021-06,0.042017722532558165,,valid,2021-03,False
2021-03,51-0000,2021-04,2021-05,2021-06,0.0677239236155107,,valid,2021-03,False
2021-03,53-0000,2021-04,2021-05,2021-06,0.08891956680443801,,valid,2021-03,False
2021-04,11-0000,2021-05,2021-06,2021-07,0.0296296400715064,,valid,2021-04,False
2021-04,13-0000,2021-05,2021-06,2021-07,0.027900262053899602,,valid,2021-04,False
2021-04,15-0000,2021-05,2021-06,2021-07,0.020695352077619467,,valid,2021-04,False
2021-04,17-0000,2021-05,2021-06,2021-07,0.030445028199821634,,valid,2021-04,True
2021-04,19-0000,2021-05,2021-06,2021-07,0.03961022851208157,,valid,2021-04,True
2021-04,21-0000,2021-05,2021-06,2021-07,0.031322921066584734,,valid,2021-04,True
2021-04,23-0000,2021-05,2021-06,2021-07,0.025595411321398365,,valid,2021-04,True
2021-04,25-0000,2021-05,2021-06,2021-07,0.05022553632643131,,valid,2021-04,False
2021-04,27-0000,2021-05,2021-06,2021-07,0.08227312860914417,,valid,2021-04,False
2021-04,29-0000,2021-05,2021-06,2021-07,0.017883627731823167,,valid,2021-04,False
2021-04,31-0000,2021-05,2021-06,2021-07,0.060555055223360736,,valid,2021-04,False
2021-04,33-0000,2021-05,2021-06,2021-07,0.0450096971486967,,valid,2021-04,False
2021-04,35-0000,2021-05,2021-06,2021-07,0.10162482757698114,,valid,2021-04,False
2021-04,37-0000,2021-05,2021-06,2021-07,0.06817276173209834,,valid,2021-04,False
2021-04,39-0000,2021-05,2021-06,2021-07,0.08709567611965056,,valid,2021-04,False
2021-04,41-0000,2021-05,2021-06,2021-07,0.06225281559372777,,valid,2021-04,False
2021-04,43-0000,2021-05,2021-06,2021-07,0.05655207243059967,,valid,2021-04,False
2021-04,45-0000,2021-05,2021-06,2021-07,0.08937247330502145,,valid,2021-04,False
2021-04,47-0000,2021-05,2021-06,2021-07,0.08068180290480977,,valid,2021-04,False
2021-04,49-0000,2021-05,2021-06,2021-07,0.03871966633109327,,valid,2021-04,False
2021-04,51-0000,2021-05,2021-06,2021-07,0.0631639464830146,,valid,2021-04,False
2021-04,53-0000,2021-05,2021-06,2021-07,0.08830603746412695,,valid,2021-04,False
2021-05,11-0000,2021-06,2021-07,2021-08,0.027304784258971468,,valid,2021-05,False
2021-05,13-0000,2021-06,2021-07,2021-08,0.03246971652823217,,valid,2021-05,False
2021-05,15-0000,2021-06,2021-07,2021-08,0.017355640508148033,,valid,2021-05,True
2021-05,17-0000,2021-06,2021-07,2021-08,0.027543742050678065,,valid,2021-05,True
2021-05,19-0000,2021-06,2021-07,2021-08,0.0310436256602111,,valid,2021-05,True
2021-05,21-0000,2021-06,2021-07,2021-08,0.03429620328065477,,valid,2021-05,True
2021-05,23-0000,2021-06,2021-07,2021-08,0.023773911168315665,,valid,2021-05,True
2021-05,25-0000,2021-06,2021-07,2021-08,0.06356022527917783,,valid,2021-05,False
2021-05,27-0000,2021-06,2021-07,2021-08,0.07820587672982414,,valid,2021-05,False
2021-05,29-0000,2021-06,2021-07,2021-08,0.01921427360903517,,valid,2021-05,False
2021-05,31-0000,2021-06,2021-07,2021-08,0.0629283227184889,,valid,2021-05,False
2021-05,33-0000,2021-06,2021-07,2021-08,0.039540635295854665,,valid,2021-05,False
2021-05,35-0000,2021-06,2021-07,2021-08,0.1017892818813431,,valid,2021-05,False
2021-05,37-0000,2021-06,2021-07,2021-08,0.07047074200095373,,valid,2021-05,False
2021-05,39-0000,2021-06,2021-07,2021-08,0.07994037028907323,,valid,2021-05,False
2021-05,41-0000,2021-06,2021-07,2021-08,0.05914899922912364,,valid,2021-05,False
2021-05,43-0000,2021-06,2021-07,2021-08,0.0548322650651027,,valid,2021-05,False
2021-05,45-0000,2021-06,2021-07,2021-08,0.08000955985459236,,valid,2021-05,True
2021-05,47-0000,2021-06,2021-07,2021-08,0.07185214293701503,,valid,2021-05,False
2021-05,49-0000,2021-06,2021-07,2021-08,0.0351618971699716,,valid,2021-05,False
2021-05,51-0000,2021-06,2021-07,2021-08,0.0588540319525668,,valid,2021-05,False
2021-05,53-0000,2021-06,2021-07,2021-08,0.08577036374715374,,valid,2021-05,False
2021-06,11-0000,2021-07,2021-08,2021-09,0.023237706842207134,,valid,2021-06,False
2021-06,13-0000,2021-07,2021-08,2021-09,0.0335843575618716,,valid,2021-06,False
2021-06,15-0000,2021-07,2021-08,2021-09,0.0172309616737493,,valid,2021-06,True
2021-06,17-0000,2021-07,2021-08,2021-09,0.0258737797540681,,valid,2021-06,True
2021-06,19-0000,2021-07,2021-08,2021-09,0.019698417834512066,,valid,2021-06,True
2021-06,21-0000,2021-07,2021-08,2021-09,0.032095206578870134,,valid,2021-06,True
2021-06,23-0000,2021-07,2021-08,2021-09,0.01947193798556397,,valid,2021-06,True
2021-06,25-0000,2021-07,2021-08,2021-09,0.0559182490665966,,valid,2021-06,False
2021-06,27-0000,2021-07,2021-08,2021-09,0.061388160106547435,,valid,2021-06,False
2021-06,29-0000,2021-07,2021-08,2021-09,0.018554808616272567,,valid,2021-06,False
2021-06,31-0000,2021-07,2021-08,2021-09,0.060859716630403494,,valid,2021-06,False
2021-06,33-0000,2021-07,2021-08,2021-09,0.040879220118298566,,valid,2021-06,False
2021-06,35-0000,2021-07,2021-08,2021-09,0.09156814979590046,,valid,2021-06,False
2021-06,37-0000,2021-07,2021-08,2021-09,0.06734048822889624,,valid,2021-06,False
2021-06,39-0000,2021-07,2021-08,2021-09,0.07318439086158307,,valid,2021-06,False
2021-06,41-0000,2021-07,2021-08,2021-09,0.05643799072674436,,valid,2021-06,False
2021-06,43-0000,2021-07,2021-08,2021-09,0.04946116942469093,,valid,2021-06,False
2021-06,45-0000,2021-07,2021-08,2021-09,0.0724572287612134,,valid,2021-06,True
2021-06,47-0000,2021-07,2021-08,2021-09,0.05899193186561293,,valid,2021-06,False
2021-06,49-0000,2021-07,2021-08,2021-09,0.0349524401199533,,valid,2021-06,False
2021-06,51-0000,2021-07,2021-08,2021-09,0.05478086402558363,,valid,2021-06,False
2021-06,53-0000,2021-07,2021-08,2021-09,0.079688981903796,,valid,2021-06,False
2021-07,11-0000,2021-08,2021-09,2021-10,0.021330575389714567,,valid,2021-07,False
2021-07,13-0000,2021-08,2021-09,2021-10,0.03404296366010997,,valid,2021-07,False
2021-07,15-0000,2021-08,2021-09,2021-10,0.019577898935629234,,valid,2021-07,True
2021-07,17-0000,2021-08,2021-09,2021-10,0.021556384071678935,,valid,2021-07,True
2021-07,19-0000,2021-08,2021-09,2021-10,0.0188665815878509,,valid,2021-07,True
2021-07,21-0000,2021-08,2021-09,2021-10,0.0269435599092754,,valid,2021-07,True
2021-07,23-0000,2021-08,2021-09,2021-10,0.0121418405087856,,valid,2021-07,True
2021-07,25-0000,2021-08,2021-09,2021-10,0.03685024527139683,,valid,2021-07,False
2021-07,27-0000,2021-08,2021-09,2021-10,0.0572088557898047,,valid,2021-07,False
2021-07,29-0000,2021-08,2021-09,2021-10,0.017321574891855835,,valid,2021-07,False
2021-07,31-0000,2021-08,2021-09,2021-10,0.058702052328857425,,valid,2021-07,False
2021-07,33-0000,2021-08,2021-09,2021-10,0.039628533683770534,,valid,2021-07,True
2021-07,35-0000,2021-08,2021-09,2021-10,0.08550502078733761,,valid,2021-07,False
2021-07,37-0000,2021-08,2021-09,2021-10,0.06740024759728057,,valid,2021-07,False
2021-07,39-0000,2021-08,2021-09,2021-10,0.06600153179258224,,valid,2021-07,False
2021-07,41-0000,2021-08,2021-09,2021-10,0.05136674592846866,,valid,2021-07,False
2021-07,43-0000,2021-08,2021-09,2021-10,0.04676325667028377,,valid,2021-07,False
2021-07,45-0000,2021-08,2021-09,2021-10,0.0612928578616441,,valid,2021-07,True
2021-07,47-0000,2021-08,2021-09,2021-10,0.0514593404162225,,valid,2021-07,False
2021-07,49-0000,2021-08,2021-09,2021-10,0.030606245065931334,,valid,2021-07,False
2021-07,51-0000,2021-08,2021-09,2021-10,0.050919386962478996,,valid,2021-07,False
2021-07,53-0000,2021-08,2021-09,2021-10,0.07182250909685443,,valid,2021-07,False
2021-08,11-0000,2021-09,2021-10,2021-11,0.020306035534942535,,valid,2021-08,False
2021-08,13-0000,2021-09,2021-10,2021-11,0.028491373120702268,,valid,2021-08,False
2021-08,15-0000,2021-09,2021-10,2021-11,0.023451019548334267,,valid,2021-08,False
2021-08,17-0000,2021-09,2021-10,2021-11,0.019795755709620833,,valid,2021-08,True
2021-08,19-0000,2021-09,2021-10,2021-11,0.0223900140880621,,valid,2021-08,True
2021-08,21-0000,2021-09,2021-10,2021-11,0.021300389681634835,,valid,2021-08,True
2021-08,23-0000,2021-09,2021-10,2021-11,0.011685827045468167,,valid,2021-08,True
2021-08,25-0000,2021-09,2021-10,2021-11,0.01971870734588217,,valid,2021-08,False
2021-08,27-0000,2021-09,2021-10,2021-11,0.050407615535534335,,valid,2021-08,False
2021-08,29-0000,2021-09,2021-10,2021-11,0.013122643008590599,,valid,2021-08,True
2021-08,31-0000,2021-09,2021-10,2021-11,0.052692831803846006,,valid,2021-08,False
2021-08,33-0000,2021-09,2021-10,2021-11,0.032455556294299366,,valid,2021-08,True
2021-08,35-0000,2021-09,2021-10,2021-11,0.0786698608490612,,valid,2021-08,False
2021-08,37-0000,2021-09,2021-10,2021-11,0.06055922056491989,,valid,2021-08,False
2021-08,39-0000,2021-09,2021-10,2021-11,0.06271248693129171,,valid,2021-08,False
2021-08,41-0000,2021-09,2021-10,2021-11,0.0468659534573602,,valid,2021-08,False
2021-08,43-0000,2021-09,2021-10,2021-11,0.04265141747265983,,valid,2021-08,False
2021-08,45-0000,2021-09,2021-10,2021-11,0.0642915954740039,,valid,2021-08,True
2021-08,47-0000,2021-09,2021-10,2021-11,0.05334790383703697,,valid,2021-08,False
2021-08,49-0000,2021-09,2021-10,2021-11,0.0299817737911557,,valid,2021-08,False
2021-08,51-0000,2021-09,2021-10,2021-11,0.04808721641523367,,valid,2021-08,False
2021-08,53-0000,2021-09,2021-10,2021-11,0.06465769358499966,,valid,2021-08,False
2021-09,11-0000,2021-10,2021-11,2021-12,0.0196585517338861,,valid,2021-09,False
2021-09,13-0000,2021-10,2021-11,2021-12,0.024338920061894365,,valid,2021-09,False
2021-09,15-0000,2021-10,2021-11,2021-12,0.02266144524607733,,valid,2021-09,False
2021-09,17-0000,2021-10,2021-11,2021-12,0.016578783306426665,,valid,2021-09,True
2021-09,19-0000,2021-10,2021-11,2021-12,0.021685694747071733,,valid,2021-09,True
2021-09,21-0000,2021-10,2021-11,2021-12,0.017748677604259733,,valid,2021-09,True
2021-09,23-0000,2021-10,2021-11,2021-12,0.0111344571274425,,valid,2021-09,True
2021-09,25-0000,2021-10,2021-11,2021-12,0.0132537210719559,,valid,2021-09,False
2021-09,27-0000,2021-10,2021-11,2021-12,0.0531324853245967,,valid,2021-09,False
2021-09,29-0000,2021-10,2021-11,2021-12,0.010068092291413934,,valid,2021-09,True
2021-09,31-0000,2021-10,2021-11,2021-12,0.0511805471320948,,valid,2021-09,False
2021-09,33-0000,2021-10,2021-11,2021-12,0.023091718376084997,,valid,2021-09,True
2021-09,35-0000,2021-10,2021-11,2021-12,0.0771590973690609,,valid,2021-09,False
2021-09,37-0000,2021-10,2021-11,2021-12,0.06226645825204033,,valid,2021-09,False
2021-09,39-0000,2021-10,2021-11,2021-12,0.05370226559811797,,valid,2021-09,False
2021-09,41-0000,2021-10,2021-11,2021-12,0.041499167855922496,,valid,2021-09,False
2021-09,43-0000,2021-10,2021-11,2021-12,0.038894922904942904,,valid,2021-09,False
2021-09,45-0000,2021-10,2021-11,2021-12,0.07947500658113824,,valid,2021-09,True
2021-09,47-0000,2021-10,2021-11,2021-12,0.05880633118267697,,valid,2021-09,False
2021-09,49-0000,2021-10,2021-11,2021-12,0.0285933931820179,,valid,2021-09,False
2021-09,51-0000,2021-10,2021-11,2021-12,0.040916137485463765,,valid,2021-09,False
2021-09,53-0000,2021-10,2021-11,2021-12,0.05964474624547267,,valid,2021-09,False
2021-10,11-0000,2021-11,2021-12,2022-01,0.020043769325364866,,valid,2021-10,False
2021-10,13-0000,2021-11,2021-12,2022-01,0.021952006688018832,,valid,2021-10,False
2021-10,15-0000,2021-11,2021-12,2022-01,0.0212009949239912,,valid,2021-10,False
2021-10,17-0000,2021-11,2021-12,2022-01,0.0193809403704997,,valid,2021-10,True
2021-10,19-0000,2021-11,2021-12,2022-01,0.02168231188058017,,valid,2021-10,True
2021-10,21-0000,2021-11,2021-12,2022-01,0.019337648679803365,,valid,2021-10,True
2021-10,23-0000,2021-11,2021-12,2022-01,0.016749109550414698,,valid,2021-10,True
2021-10,25-0000,2021-11,2021-12,2022-01,0.015560103135589101,,valid,2021-10,False
2021-10,27-0000,2021-11,2021-12,2022-01,0.056685767139296996,,valid,2021-10,False
2021-10,29-0000,2021-11,2021-12,2022-01,0.010144207211093267,,valid,2021-10,True
2021-10,31-0000,2021-11,2021-12,2022-01,0.046921633664511374,,valid,2021-10,False
2021-10,33-0000,2021-11,2021-12,2022-01,0.022087521479907796,,valid,2021-10,True
2021-10,35-0000,2021-11,2021-12,2022-01,0.07877395836775326,,valid,2021-10,False
2021-10,37-0000,2021-11,2021-12,2022-01,0.06956741949337414,,valid,2021-10,False
2021-10,39-0000,2021-11,2021-12,2022-01,0.052739204042533565,,valid,2021-10,False
2021-10,41-0000,2021-11,2021-12,2022-01,0.0405683338279023,,valid,2021-10,False
2021-10,43-0000,2021-11,2021-12,2022-01,0.037667737193615436,,valid,2021-10,False
2021-10,45-0000,2021-11,2021-12,2022-01,0.09015333029219057,,valid,2021-10,True
2021-10,47-0000,2021-11,2021-12,2022-01,0.06799824164957827,,valid,2021-10,False
2021-10,49-0000,2021-11,2021-12,2022-01,0.031029214797809197,,valid,2021-10,False
2021-10,51-0000,2021-11,2021-12,2022-01,0.04364134089501903,,valid,2021-10,False
2021-10,53-0000,2021-11,2021-12,2022-01,0.05972605065793343,,valid,2021-10,False
2021-11,11-0000,2021-12,2022-01,2022-02,0.020272836270965235,,valid,2021-11,False
2021-11,13-0000,2021-12,2022-01,2022-02,0.020990506095877368,,valid,2021-11,False
2021-11,15-0000,2021-12,2022-01,2022-02,0.019445389043145533,,valid,2021-11,False
2021-11,17-0000,2021-12,2022-01,2022-02,0.019909682526975867,,valid,2021-11,True
2021-11,19-0000,2021-12,2022-01,2022-02,0.021475132868786734,,valid,2021-11,True
2021-11,21-0000,2021-12,2022-01,2022-02,0.0212945195508101,,valid,2021-11,True
2021-11,23-0000,2021-12,2022-01,2022-02,0.0183969551187755,,valid,2021-11,True
2021-11,25-0000,2021-12,2022-01,2022-02,0.017121112707769566,,valid,2021-11,False
2021-11,27-0000,2021-12,2022-01,2022-02,0.0589883929014727,,valid,2021-11,False
2021-11,29-0000,2021-12,2022-01,2022-02,0.012960550742993534,,valid,2021-11,True
2021-11,31-0000,2021-12,2022-01,2022-02,0.046095084685093934,,valid,2021-11,False
2021-11,33-0000,2021-12,2022-01,2022-02,0.027398534248493266,,valid,2021-11,True
2021-11,35-0000,2021-12,2022-01,2022-02,0.07305337516757222,,valid,2021-11,False
2021-11,37-0000,2021-12,2022-01,2022-02,0.07597917704979033,,valid,2021-11,False
2021-11,39-0000,2021-12,2022-01,2022-02,0.047155588206329535,,valid,2021-11,False
2021-11,41-0000,2021-12,2022-01,2022-02,0.0384034245546531,,valid,2021-11,False
2021-11,43-0000,2021-12,2022-01,2022-02,0.039967842444351566,,valid,2021-11,False
2021-11,45-0000,2021-12,2022-01,2022-02,0.10380647583679099,,valid,2021-11,False
2021-11,47-0000,2021-12,2022-01,2022-02,0.07310510151934778,,valid,2021-11,False
2021-11,49-0000,2021-12,2022-01,2022-02,0.030063224595913735,,valid,2021-11,False
2021-11,51-0000,2021-12,2022-01,2022-02,0.04564766010792679,,valid,2021-11,False
2021-11,53-0000,2021-12,2022-01,2022-02,0.061888825758435496,,valid,2021-11,False
2021-12,11-0000,2022-01,2022-02,2022-03,0.018660669080192534,,valid,2021-12,False
2021-12,13-0000,2022-01,2022-02,2022-03,0.021017719877464664,,valid,2021-12,False
2021-12,15-0000,2022-01,2022-02,2022-03,0.0172639973894186,,valid,2021-12,True
2021-12,17-0000,2022-01,2022-02,2022-03,0.0196550306739742,,valid,2021-12,True
2021-12,19-0000,2022-01,2022-02,2022-03,0.019553257965709434,,valid,2021-12,True
2021-12,21-0000,2022-01,2022-02,2022-03,0.018634360679807633,,valid,2021-12,True
2021-12,23-0000,2022-01,2022-02,2022-03,0.017339299930288234,,valid,2021-12,True
2021-12,25-0000,2022-01,2022-02,2022-03,0.019174008249869267,,valid,2021-12,False
2021-12,27-0000,2022-01,2022-02,2022-03,0.05502325101959036,,valid,2021-12,False
2021-12,29-0000,2022-01,2022-02,2022-03,0.015123198468067168,,valid,2021-12,False
2021-12,31-0000,2022-01,2022-02,2022-03,0.0430365994070968,,valid,2021-12,False
2021-12,33-0000,2022-01,2022-02,2022-03,0.0329145036897431,,valid,2021-12,True
2021-12,35-0000,2022-01,2022-02,2022-03,0.06933872522852826,,valid,2021-12,False
2021-12,37-0000,2022-01,2022-02,2022-03,0.07922486647684723,,valid,2021-12,False
2021-12,39-0000,2022-01,2022-02,2022-03,0.044094958308241304,,valid,2021-12,False
2021-12,41-0000,2022-01,2022-02,2022-03,0.040830125368096735,,valid,2021-12,False
2021-12,43-0000,2022-01,2022-02,2022-03,0.0411905814463266,,valid,2021-12,False
2021-12,45-0000,2022-01,2022-02,2022-03,0.09484446967501718,,valid,2021-12,True
2021-12,47-0000,2022-01,2022-02,2022-03,0.07467732122799334,,valid,2021-12,False
2021-12,49-0000,2022-01,2022-02,2022-03,0.024169979239255235,,valid,2021-12,False
2021-12,51-0000,2022-01,2022-02,2022-03,0.050369473365285404,,valid,2021-12,False
2021-12,53-0000,2022-01,2022-02,2022-03,0.06509389210254275,,valid,2021-12,False
2022-01,11-0000,2022-02,2022-03,2022-04,0.015418946947903,,valid,2022-01,False
2022-01,13-0000,2022-02,2022-03,2022-04,0.022035652330979368,,valid,2022-01,False
2022-01,15-0000,2022-02,2022-03,2022-04,0.0173843184026213,,valid,2022-01,True
2022-01,17-0000,2022-02,2022-03,2022-04,0.017141564311068766,,valid,2022-01,True
2022-01,19-0000,2022-02,2022-03,2022-04,0.015106487649487133,,valid,2022-01,True
2022-01,21-0000,2022-02,2022-03,2022-04,0.0106265373571956,,valid,2022-01,True
2022-01,23-0000,2022-02,2022-03,2022-04,0.014941334908062133,,valid,2022-01,True
2022-01,25-0000,2022-02,2022-03,2022-04,0.017777291412004567,,valid,2022-01,False
2022-01,27-0000,2022-02,2022-03,2022-04,0.044353260220034635,,valid,2022-01,False
2022-01,29-0000,2022-02,2022-03,2022-04,0.0134951685821676,,valid,2022-01,False
2022-01,31-0000,2022-02,2022-03,2022-04,0.04075973875002963,,valid,2022-01,False
2022-01,33-0000,2022-02,2022-03,2022-04,0.03371784122847493,,valid,2022-01,True
2022-01,35-0000,2022-02,2022-03,2022-04,0.057562287586404304,,valid,2022-01,False
2022-01,37-0000,2022-02,2022-03,2022-04,0.06672961265036206,,valid,2022-01,False
2022-01,39-0000,2022-02,2022-03,2022-04,0.04106572764320563,,valid,2022-01,False
2022-01,41-0000,2022-02,2022-03,2022-04,0.040720458894051,,valid,2022-01,False
2022-01,43-0000,2022-02,2022-03,2022-04,0.037041011957909965,,valid,2022-01,False
2022-01,45-0000,2022-02,2022-03,2022-04,0.07988142633019873,,valid,2022-01,True
2022-01,47-0000,2022-02,2022-03,2022-04,0.06490556178667924,,valid,2022-01,False
2022-01,49-0000,2022-02,2022-03,2022-04,0.023159527796771,,valid,2022-01,False
2022-01,51-0000,2022-02,2022-03,2022-04,0.04403478936246607,,valid,2022-01,False
2022-01,53-0000,2022-02,2022-03,2022-04,0.06467451586341894,,valid,2022-01,False
2022-02,11-0000,2022-03,2022-04,2022-05,0.012934183813809966,,valid,2022-02,False
2022-02,13-0000,2022-03,2022-04,2022-05,0.019872305417436332,,valid,2022-02,False
2022-02,15-0000,2022-03,2022-04,2022-05,0.017318821784019934,,valid,2022-02,True
2022-02,17-0000,2022-03,2022-04,2022-05,0.014654072647761364,,valid,2022-02,True
2022-02,19-0000,2022-03,2022-04,2022-05,0.011415840920827433,,valid,2022-02,True
2022-02,21-0000,2022-03,2022-04,2022-05,0.007642736190030467,,valid,2022-02,True
2022-02,23-0000,2022-03,2022-04,2022-05,0.012499051276256801,,valid,2022-02,True
2022-02,25-0000,2022-03,2022-04,2022-05,0.017972349574256,,valid,2022-02,False
2022-02,27-0000,2022-03,2022-04,2022-05,0.03872315520499007,,valid,2022-02,False
2022-02,29-0000,2022-03,2022-04,2022-05,0.011645342785871232,,valid,2022-02,False
2022-02,31-0000,2022-03,2022-04,2022-05,0.0388292580175511,,valid,2022-02,False
2022-02,33-0000,2022-03,2022-04,2022-05,0.0344167754304369,,valid,2022-02,True
2022-02,35-0000,2022-03,2022-04,2022-05,0.05330145576291464,,valid,2022-02,False
2022-02,37-0000,2022-03,2022-04,2022-05,0.056352309734133695,,valid,2022-02,False
2022-02,39-0000,2022-03,2022-04,2022-05,0.0399582939939084,,valid,2022-02,False
2022-02,41-0000,2022-03,2022-04,2022-05,0.0426383603507536,,valid,2022-02,False
2022-02,43-0000,2022-03,2022-04,2022-05,0.03517813773163354,,valid,2022-02,False
2022-02,45-0000,2022-03,2022-04,2022-05,0.06027898497996626,,valid,2022-02,True
2022-02,47-0000,2022-03,2022-04,2022-05,0.0551055282097534,,valid,2022-02,False
2022-02,49-0000,2022-03,2022-04,2022-05,0.0193321956002531,,valid,2022-02,False
2022-02,51-0000,2022-03,2022-04,2022-05,0.0407608813307358,,valid,2022-02,False
2022-02,53-0000,2022-03,2022-04,2022-05,0.0586759349245308,,valid,2022-02,False
2022-03,11-0000,2022-04,2022-05,2022-06,0.0135420291014109,,valid,2022-03,False
2022-03,13-0000,2022-04,2022-05,2022-06,0.020512747343392534,,valid,2022-03,False
2022-03,15-0000,2022-04,2022-05,2022-06,0.01896253950328487,,valid,2022-03,True
2022-03,17-0000,2022-04,2022-05,2022-06,0.011596352741104534,,valid,2022-03,True
2022-03,19-0000,2022-04,2022-05,2022-06,0.0107664885293301,,valid,2022-03,True
2022-03,21-0000,2022-04,2022-05,2022-06,0.015483623948186866,,valid,2022-03,True
2022-03,23-0000,2022-04,2022-05,2022-06,0.0143310435415467,,valid,2022-03,True
2022-03,25-0000,2022-04,2022-05,2022-06,0.0306260814803487,,valid,2022-03,False
2022-03,27-0000,2022-04,2022-05,2022-06,0.038342873396272265,,valid,2022-03,False
2022-03,29-0000,2022-04,2022-05,2022-06,0.011549165584330667,,valid,2022-03,False
2022-03,31-0000,2022-04,2022-05,2022-06,0.039471803900332426,,valid,2022-03,False
2022-03,33-0000,2022-04,2022-05,2022-06,0.03510492350420224,,valid,2022-03,True
2022-03,35-0000,2022-04,2022-05,2022-06,0.05064349795673103,,valid,2022-03,False
2022-03,37-0000,2022-04,2022-05,2022-06,0.046874747973124464,,valid,2022-03,False
2022-03,39-0000,2022-04,2022-05,2022-06,0.0426471996672273,,valid,2022-03,False
2022-03,41-0000,2022-04,2022-05,2022-06,0.04222659783757796,,valid,2022-03,False
2022-03,43-0000,2022-04,2022-05,2022-06,0.03450557378201657,,valid,2022-03,False
2022-03,45-0000,2022-04,2022-05,2022-06,0.05257121821228123,,valid,2022-03,True
2022-03,47-0000,2022-04,2022-05,2022-06,0.046733970417181164,,valid,2022-03,False
2022-03,49-0000,2022-04,2022-05,2022-06,0.022705386912889498,,valid,2022-03,False
2022-03,51-0000,2022-04,2022-05,2022-06,0.036862034234952566,,valid,2022-03,False
2022-03,53-0000,2022-04,2022-05,2022-06,0.056171696590464594,,valid,2022-03,False
2022-04,11-0000,2022-05,2022-06,2022-07,0.014514928521493,,valid,2022-04,False
2022-04,13-0000,2022-05,2022-06,2022-07,0.017727170765853232,,valid,2022-04,False
2022-04,15-0000,2022-05,2022-06,2022-07,0.018823713598486634,,valid,2022-04,True
2022-04,17-0000,2022-05,2022-06,2022-07,0.008515950424759866,,valid,2022-04,True
2022-04,19-0000,2022-05,2022-06,2022-07,0.009856366233761701,,valid,2022-04,True
2022-04,21-0000,2022-05,2022-06,2022-07,0.023827961553200133,,valid,2022-04,True
2022-04,23-0000,2022-05,2022-06,2022-07,0.0154610084041356,,valid,2022-04,True
2022-04,25-0000,2022-05,2022-06,2022-07,0.0458274889506124,,valid,2022-04,False
2022-04,27-0000,2022-05,2022-06,2022-07,0.03937449069396783,,valid,2022-04,False
2022-04,29-0000,2022-05,2022-06,2022-07,0.014874335722948233,,valid,2022-04,False
2022-04,31-0000,2022-05,2022-06,2022-07,0.0393307228918781,,valid,2022-04,False
2022-04,33-0000,2022-05,2022-06,2022-07,0.041936360932431534,,valid,2022-04,True
2022-04,35-0000,2022-05,2022-06,2022-07,0.05092685339131373,,valid,2022-04,False
2022-04,37-0000,2022-05,2022-06,2022-07,0.043377812972378665,,valid,2022-04,False
2022-04,39-0000,2022-05,2022-06,2022-07,0.040459562174777565,,valid,2022-04,False
2022-04,41-0000,2022-05,2022-06,2022-07,0.041972327103710794,,valid,2022-04,False
2022-04,43-0000,2022-05,2022-06,2022-07,0.0366960486314899,,valid,2022-04,False
2022-04,45-0000,2022-05,2022-06,2022-07,0.052027700179802565,,valid,2022-04,True
2022-04,47-0000,2022-05,2022-06,2022-07,0.0435438236268346,,valid,2022-04,False
2022-04,49-0000,2022-05,2022-06,2022-07,0.020635795626949536,,valid,2022-04,True
2022-04,51-0000,2022-05,2022-06,2022-07,0.0378619642679201,,valid,2022-04,False
2022-04,53-0000,2022-05,2022-06,2022-07,0.054700756031017705,,valid,2022-04,False
2022-05,11-0000,2022-06,2022-07,2022-08,0.0158354830887842,,valid,2022-05,False
2022-05,13-0000,2022-06,2022-07,2022-08,0.018303416635317735,,valid,2022-05,False
2022-05,15-0000,2022-06,2022-07,2022-08,0.019517638931230433,,valid,2022-05,True
2022-05,17-0000,2022-06,2022-07,2022-08,0.012161751271299365,,valid,2022-05,True
2022-05,19-0000,2022-06,2022-07,2022-08,0.007517284069134833,,valid,2022-05,True
2022-05,21-0000,2022-06,2022-07,2022-08,0.026719571432588,,valid,2022-05,True
2022-05,23-0000,2022-06,2022-07,2022-08,0.013118501690719967,,valid,2022-05,True
2022-05,25-0000,2022-06,2022-07,2022-08,0.05832271137105546,,valid,2022-05,False
2022-05,27-0000,2022-06,2022-07,2022-08,0.03969608921948147,,valid,2022-05,False
2022-05,29-0000,2022-06,2022-07,2022-08,0.01669154149032,,valid,2022-05,False
2022-05,31-0000,2022-06,2022-07,2022-08,0.038674833235123565,,valid,2022-05,False
2022-05,33-0000,2022-06,2022-07,2022-08,0.04056647980661963,,valid,2022-05,True
2022-05,35-0000,2022-06,2022-07,2022-08,0.0588469409127631,,valid,2022-05,False
2022-05,37-0000,2022-06,2022-07,2022-08,0.04414002824239186,,valid,2022-05,False
2022-05,39-0000,2022-06,2022-07,2022-08,0.040990413134426036,,valid,2022-05,False
2022-05,41-0000,2022-06,2022-07,2022-08,0.04148392434829183,,valid,2022-05,False
2022-05,43-0000,2022-06,2022-07,2022-08,0.03540346497891463,,valid,2022-05,False
2022-05,45-0000,2022-06,2022-07,2022-08,0.060415986569816504,,valid,2022-05,True
2022-05,47-0000,2022-06,2022-07,2022-08,0.044951718016864366,,valid,2022-05,False
2022-05,49-0000,2022-06,2022-07,2022-08,0.021186913969145266,,valid,2022-05,True
2022-05,51-0000,2022-06,2022-07,2022-08,0.03883567383199237,,valid,2022-05,False
2022-05,53-0000,2022-06,2022-07,2022-08,0.05496151715414386,,valid,2022-05,False
2022-06,11-0000,2022-07,2022-08,2022-09,0.0163834690535305,,valid,2022-06,False
2022-06,13-0000,2022-07,2022-08,2022-09,0.018319884014866766,,valid,2022-06,False
2022-06,15-0000,2022-07,2022-08,2022-09,0.020611343069724033,,valid,2022-06,True
2022-06,17-0000,2022-07,2022-08,2022-09,0.014047034612549832,,valid,2022-06,True
2022-06,19-0000,2022-07,2022-08,2022-09,0.007497077121763167,,valid,2022-06,True
2022-06,21-0000,2022-07,2022-08,2022-09,0.02189756737838207,,valid,2022-06,True
2022-06,23-0000,2022-07,2022-08,2022-09,0.009187177835664834,,valid,2022-06,True
2022-06,25-0000,2022-07,2022-08,2022-09,0.046923912174054304,,valid,2022-06,False
2022-06,27-0000,2022-07,2022-08,2022-09,0.03685346888916783,,valid,2022-06,False
2022-06,29-0000,2022-07,2022-08,2022-09,0.018771433177065967,,valid,2022-06,False
2022-06,31-0000,2022-07,2022-08,2022-09,0.036911142243540564,,valid,2022-06,False
2022-06,33-0000,2022-07,2022-08,2022-09,0.03974109758680263,,valid,2022-06,True
2022-06,35-0000,2022-07,2022-08,2022-09,0.05860995285991266,,valid,2022-06,False
2022-06,37-0000,2022-07,2022-08,2022-09,0.043409684083401796,,valid,2022-06,False
2022-06,39-0000,2022-07,2022-08,2022-09,0.041359247037148335,,valid,2022-06,False
2022-06,41-0000,2022-07,2022-08,2022-09,0.04040263144589756,,valid,2022-06,False
2022-06,43-0000,2022-07,2022-08,2022-09,0.03550162579670207,,valid,2022-06,False
2022-06,45-0000,2022-07,2022-08,2022-09,0.05445780696810787,,valid,2022-06,True
2022-06,47-0000,2022-07,2022-08,2022-09,0.042586264535213164,,valid,2022-06,False
2022-06,49-0000,2022-07,2022-08,2022-09,0.018268599075163466,,valid,2022-06,True
2022-06,51-0000,2022-07,2022-08,2022-09,0.03851661443014417,,valid,2022-06,False
2022-06,53-0000,2022-07,2022-08,2022-09,0.05218906671475284,,valid,2022-06,False
2022-07,11-0000,2022-08,2022-09,2022-10,0.0167771237130914,,valid,2022-07,False
2022-07,13-0000,2022-08,2022-09,2022-10,0.023681303918223765,,valid,2022-07,False
2022-07,15-0000,2022-08,2022-09,2022-10,0.022032982205312666,,valid,2022-07,False
2022-07,17-0000,2022-08,2022-09,2022-10,0.016326963662664434,,valid,2022-07,True
2022-07,19-0000,2022-08,2022-09,2022-10,0.008336340818598168,,valid,2022-07,True
2022-07,21-0000,2022-08,2022-09,2022-10,0.016512781538133833,,valid,2022-07,True
2022-07,23-0000,2022-08,2022-09,2022-10,0.006723699461280067,,valid,2022-07,True
2022-07,25-0000,2022-08,2022-09,2022-10,0.03155448515179254,,valid,2022-07,False
2022-07,27-0000,2022-08,2022-09,2022-10,0.03400917329832246,,valid,2022-07,False
2022-07,29-0000,2022-08,2022-09,2022-10,0.018337186854368,,valid,2022-07,False
2022-07,31-0000,2022-08,2022-09,2022-10,0.03641002528488597,,valid,2022-07,False
2022-07,33-0000,2022-08,2022-09,2022-10,0.0284825254609741,,valid,2022-07,True
2022-07,35-0000,2022-08,2022-09,2022-10,0.059829053772671566,,valid,2022-07,False
2022-07,37-0000,2022-08,2022-09,2022-10,0.04512894838682943,,valid,2022-07,False
2022-07,39-0000,2022-08,2022-09,2022-10,0.042958360438195335,,valid,2022-07,False
2022-07,41-0000,2022-08,2022-09,2022-10,0.0378865820306122,,valid,2022-07,False
2022-07,43-0000,2022-08,2022-09,2022-10,0.0354782971890866,,valid,2022-07,False
2022-07,45-0000,2022-08,2022-09,2022-10,0.0650384595792372,,valid,2022-07,True
2022-07,47-0000,2022-08,2022-09,2022-10,0.044442593052489265,,valid,2022-07,False
2022-07,49-0000,2022-08,2022-09,2022-10,0.019833492719310602,,valid,2022-07,True
2022-07,51-0000,2022-08,2022-09,2022-10,0.03754435978086534,,valid,2022-07,False
2022-07,53-0000,2022-08,2022-09,2022-10,0.04857748244000001,,valid,2022-07,False
2022-08,11-0000,2022-09,2022-10,2022-11,0.016856826918130566,,valid,2022-08,False
2022-08,13-0000,2022-09,2022-10,2022-11,0.0251809904261171,,valid,2022-08,False
2022-08,15-0000,2022-09,2022-10,2022-11,0.02096349534465793,,valid,2022-08,False
2022-08,17-0000,2022-09,2022-10,2022-11,0.016619623556187166,,valid,2022-08,True
2022-08,19-0000,2022-09,2022-10,2022-11,0.011655975337099533,,valid,2022-08,True
2022-08,21-0000,2022-09,2022-10,2022-11,0.013999740991681534,,valid,2022-08,True
2022-08,23-0000,2022-09,2022-10,2022-11,0.0108354019324809,,valid,2022-08,True
2022-08,25-0000,2022-09,2022-10,2022-11,0.017078391779013866,,valid,2022-08,False
2022-08,27-0000,2022-09,2022-10,2022-11,0.03073179094575243,,valid,2022-08,False
2022-08,29-0000,2022-09,2022-10,2022-11,0.0169916782553207,,valid,2022-08,False
2022-08,31-0000,2022-09,2022-10,2022-11,0.04101844020143607,,valid,2022-08,False
2022-08,33-0000,2022-09,2022-10,2022-11,0.02722060734538617,,valid,2022-08,True
2022-08,35-0000,2022-09,2022-10,2022-11,0.05283182161976687,,valid,2022-08,False
2022-08,37-0000,2022-09,2022-10,2022-11,0.045569383497399,,valid,2022-08,False
2022-08,39-0000,2022-09,2022-10,2022-11,0.040428737200332465,,valid,2022-08,False
2022-08,41-0000,2022-09,2022-10,2022-11,0.03542461209411187,,valid,2022-08,False
2022-08,43-0000,2022-09,2022-10,2022-11,0.035055554399654,,valid,2022-08,False
2022-08,45-0000,2022-09,2022-10,2022-11,0.06202421226679877,,valid,2022-08,True
2022-08,47-0000,2022-09,2022-10,2022-11,0.045403770249194765,,valid,2022-08,False
2022-08,49-0000,2022-09,2022-10,2022-11,0.022853877502011132,,valid,2022-08,False
2022-08,51-0000,2022-09,2022-10,2022-11,0.03320073809051493,,valid,2022-08,False
2022-08,53-0000,2022-09,2022-10,2022-11,0.048037071401867894,,valid,2022-08,False
2022-09,11-0000,2022-10,2022-11,2022-12,0.016357251981445668,,valid,2022-09,False
2022-09,13-0000,2022-10,2022-11,2022-12,0.02637304556666137,,valid,2022-09,False
2022-09,15-0000,2022-10,2022-11,2022-12,0.0197780067157504,,valid,2022-09,True
2022-09,17-0000,2022-10,2022-11,2022-12,0.015755338077068633,,valid,2022-09,True
2022-09,19-0000,2022-10,2022-11,2022-12,0.018919746781167698,,valid,2022-09,True
2022-09,21-0000,2022-10,2022-11,2022-12,0.01631273026266977,,valid,2022-09,True
2022-09,23-0000,2022-10,2022-11,2022-12,0.0135801375982025,,valid,2022-09,True
2022-09,25-0000,2022-10,2022-11,2022-12,0.0136287708453037,,valid,2022-09,True
2022-09,27-0000,2022-10,2022-11,2022-12,0.031072647848717966,,valid,2022-09,False
2022-09,29-0000,2022-10,2022-11,2022-12,0.015881365331595933,,valid,2022-09,False
2022-09,31-0000,2022-10,2022-11,2022-12,0.041272269515666836,,valid,2022-09,False
2022-09,33-0000,2022-10,2022-11,2022-12,0.0295221914502859,,valid,2022-09,True
2022-09,35-0000,2022-10,2022-11,2022-12,0.051639751147221934,,valid,2022-09,False
2022-09,37-0000,2022-10,2022-11,2022-12,0.0507305183932952,,valid,2022-09,False
2022-09,39-0000,2022-10,2022-11,2022-12,0.03804246749334344,,valid,2022-09,False
2022-09,41-0000,2022-10,2022-11,2022-12,0.03383397234958687,,valid,2022-09,False
2022-09,43-0000,2022-10,2022-11,2022-12,0.0331018371161358,,valid,2022-09,False
2022-09,45-0000,2022-10,2022-11,2022-12,0.07066277016881303,,valid,2022-09,True
2022-09,47-0000,2022-10,2022-11,2022-12,0.0517018770903017,,valid,2022-09,False
2022-09,49-0000,2022-10,2022-11,2022-12,0.023991994598996497,,valid,2022-09,False
2022-09,51-0000,2022-10,2022-11,2022-12,0.03021303180316667,,valid,2022-09,False
2022-09,53-0000,2022-10,2022-11,2022-12,0.04872212956159197,,valid,2022-09,False
2022-10,11-0000,2022-11,2022-12,2023-01,0.0166599005651949,,valid,2022-10,False
2022-10,13-0000,2022-11,2022-12,2023-01,0.02417331014087783,,valid,2022-10,False
2022-10,15-0000,2022-11,2022-12,2023-01,0.017776223737781965,,valid,2022-10,True
2022-10,17-0000,2022-11,2022-12,2023-01,0.016649101792366835,,valid,2022-10,True
2022-10,19-0000,2022-11,2022-12,2023-01,0.02301015173281563,,valid,2022-10,True
2022-10,21-0000,2022-11,2022-12,2023-01,0.022419855588348702,,valid,2022-10,True
2022-10,23-0000,2022-11,2022-12,2023-01,0.0180120068615159,,valid,2022-10,True
2022-10,25-0000,2022-11,2022-12,2023-01,0.014111925235386133,,valid,2022-10,True
2022-10,27-0000,2022-11,2022-12,2023-01,0.03742901883975937,,valid,2022-10,False
2022-10,29-0000,2022-11,2022-12,2023-01,0.014485744124981333,,valid,2022-10,False
2022-10,31-0000,2022-11,2022-12,2023-01,0.04279471198960483,,valid,2022-10,False
2022-10,33-0000,2022-11,2022-12,2023-01,0.034003166943252165,,valid,2022-10,True
2022-10,35-0000,2022-11,2022-12,2023-01,0.05386934125995496,,valid,2022-10,False
2022-10,37-0000,2022-11,2022-12,2023-01,0.05999703842273777,,valid,2022-10,False
2022-10,39-0000,2022-11,2022-12,2023-01,0.0360859438460499,,valid,2022-10,False
2022-10,41-0000,2022-11,2022-12,2023-01,0.037085723683942466,,valid,2022-10,False
2022-10,43-0000,2022-11,2022-12,2023-01,0.032144458660334496,,valid,2022-10,False
2022-10,45-0000,2022-11,2022-12,2023-01,0.06675212592042623,,valid,2022-10,True
2022-10,47-0000,2022-11,2022-12,2023-01,0.062007031325914126,,valid,2022-10,False
2022-10,49-0000,2022-11,2022-12,2023-01,0.024128828437437768,,valid,2022-10,False
2022-10,51-0000,2022-11,2022-12,2023-01,0.028748792513223303,,valid,2022-10,False
2022-10,53-0000,2022-11,2022-12,2023-01,0.052512373484347265,,valid,2022-10,False
2022-11,11-0000,2022-12,2023-01,2023-02,0.018027362180354334,,valid,2022-11,False
2022-11,13-0000,2022-12,2023-01,2023-02,0.022825826056438334,,valid,2022-11,False
2022-11,15-0000,2022-12,2023-01,2023-02,0.018636741998885768,,valid,2022-11,True
2022-11,17-0000,2022-12,2023-01,2023-02,0.016253278479791133,,valid,2022-11,True
2022-11,19-0000,2022-12,2023-01,2023-02,0.020692346056272265,,valid,2022-11,True
2022-11,21-0000,2022-12,2023-01,2023-02,0.025946329515651432,,valid,2022-11,True
2022-11,23-0000,2022-12,2023-01,2023-02,0.017860880476996435,,valid,2022-11,True
2022-11,25-0000,2022-12,2023-01,2023-02,0.015564081573949534,,valid,2022-11,True
2022-11,27-0000,2022-12,2023-01,2023-02,0.037940972363226834,,valid,2022-11,False
2022-11,29-0000,2022-12,2023-01,2023-02,0.015456041028369933,,valid,2022-11,False
2022-11,31-0000,2022-12,2023-01,2023-02,0.0405456208513433,,valid,2022-11,False
2022-11,33-0000,2022-12,2023-01,2023-02,0.033132900919244763,,valid,2022-11,True
2022-11,35-0000,2022-12,2023-01,2023-02,0.052940255926711366,,valid,2022-11,False
2022-11,37-0000,2022-12,2023-01,2023-02,0.0696514964709852,,valid,2022-11,False
2022-11,39-0000,2022-12,2023-01,2023-02,0.037323145268221766,,valid,2022-11,False
2022-11,41-0000,2022-12,2023-01,2023-02,0.039298142389245165,,valid,2022-11,False
2022-11,43-0000,2022-12,2023-01,2023-02,0.035671356251024695,,valid,2022-11,False
2022-11,45-0000,2022-12,2023-01,2023-02,0.07132612000095477,,valid,2022-11,True
2022-11,47-0000,2022-12,2023-01,2023-02,0.0703163712925993,,valid,2022-11,False
2022-11,49-0000,2022-12,2023-01,2023-02,0.0223609799201077,,valid,2022-11,True
2022-11,51-0000,2022-12,2023-01,2023-02,0.0348622665544552,,valid,2022-11,False
2022-11,53-0000,2022-12,2023-01,2023-02,0.05363130097137053,,valid,2022-11,False
2022-12,11-0000,2023-01,2023-02,2023-03,0.0190751833490387,,valid,2022-12,False
2022-12,13-0000,2023-01,2023-02,2023-03,0.024235066888936233,,valid,2022-12,False
2022-12,15-0000,2023-01,2023-02,2023-03,0.020306307654346933,,valid,2022-12,False
2022-12,17-0000,2023-01,2023-02,2023-03,0.016538925732066466,,valid,2022-12,True
2022-12,19-0000,2023-01,2023-02,2023-03,0.0142553513052864,,valid,2022-12,True
2022-12,21-0000,2023-01,2023-02,2023-03,0.026946530867796803,,valid,2022-12,True
2022-12,23-0000,2023-01,2023-02,2023-03,0.0139872264165648,,valid,2022-12,True
2022-12,25-0000,2023-01,2023-02,2023-03,0.017770729480735468,,valid,2022-12,False
2022-12,27-0000,2023-01,2023-02,2023-03,0.039823861636065695,,valid,2022-12,False
2022-12,29-0000,2023-01,2023-02,2023-03,0.014510769741007101,,valid,2022-12,False
2022-12,31-0000,2023-01,2023-02,2023-03,0.03955260756165473,,valid,2022-12,False
2022-12,33-0000,2023-01,2023-02,2023-03,0.029620794064325735,,valid,2022-12,True
2022-12,35-0000,2023-01,2023-02,2023-03,0.055247057286000066,,valid,2022-12,False
2022-12,37-0000,2023-01,2023-02,2023-03,0.07096608672874948,,valid,2022-12,False
2022-12,39-0000,2023-01,2023-02,2023-03,0.0352042248843005,,valid,2022-12,False
2022-12,41-0000,2023-01,2023-02,2023-03,0.04035350532139803,,valid,2022-12,False
2022-12,43-0000,2023-01,2023-02,2023-03,0.03732505014883607,,valid,2022-12,False
2022-12,45-0000,2023-01,2023-02,2023-03,0.0750960907563865,,valid,2022-12,True
2022-12,47-0000,2023-01,2023-02,2023-03,0.0737448257127413,,valid,2022-12,False
2022-12,49-0000,2023-01,2023-02,2023-03,0.024427857989051668,,valid,2022-12,True
2022-12,51-0000,2023-01,2023-02,2023-03,0.040787510657522966,,valid,2022-12,False
2022-12,53-0000,2023-01,2023-02,2023-03,0.05636889954801091,,valid,2022-12,False
2023-01,11-0000,2023-02,2023-03,2023-04,0.01829415375735467,,valid,2023-01,False
2023-01,13-0000,2023-02,2023-03,2023-04,0.024942258453035233,,valid,2023-01,False
2023-01,15-0000,2023-02,2023-03,2023-04,0.022842520098331,,valid,2023-01,False
2023-01,17-0000,2023-02,2023-03,2023-04,0.015590403696390634,,valid,2023-01,True
2023-01,19-0000,2023-02,2023-03,2023-04,0.014823660711394066,,valid,2023-01,True
2023-01,21-0000,2023-02,2023-03,2023-04,0.0216254107237964,,valid,2023-01,True
2023-01,23-0000,2023-02,2023-03,2023-04,0.008021020085405268,,valid,2023-01,True
2023-01,25-0000,2023-02,2023-03,2023-04,0.0148572943379619,,valid,2023-01,False
2023-01,27-0000,2023-02,2023-03,2023-04,0.028857921040166563,,valid,2023-01,True
2023-01,29-0000,2023-02,2023-03,2023-04,0.013179012466260099,,valid,2023-01,False
2023-01,31-0000,2023-02,2023-03,2023-04,0.035403734303412066,,valid,2023-01,False
2023-01,33-0000,2023-02,2023-03,2023-04,0.0281898089748657,,valid,2023-01,True
2023-01,35-0000,2023-02,2023-03,2023-04,0.0534189179504941,,valid,2023-01,False
2023-01,37-0000,2023-02,2023-03,2023-04,0.06319380282705427,,valid,2023-01,False
2023-01,39-0000,2023-02,2023-03,2023-04,0.03202141180942423,,valid,2023-01,False
2023-01,41-0000,2023-02,2023-03,2023-04,0.03595509417133377,,valid,2023-01,False
2023-01,43-0000,2023-02,2023-03,2023-04,0.036392278958825866,,valid,2023-01,False
2023-01,45-0000,2023-02,2023-03,2023-04,0.07806155174451686,,valid,2023-01,True
2023-01,47-0000,2023-02,2023-03,2023-04,0.064868290640978,,valid,2023-01,False
2023-01,49-0000,2023-02,2023-03,2023-04,0.021872017606023166,,valid,2023-01,True
2023-01,51-0000,2023-02,2023-03,2023-04,0.043106496733030235,,valid,2023-01,False
2023-01,53-0000,2023-02,2023-03,2023-04,0.054576307553129665,,valid,2023-01,False
2023-02,11-0000,2023-03,2023-04,2023-05,0.0174743303110481,,valid,2023-02,False
2023-02,13-0000,2023-03,2023-04,2023-05,0.025997525740545632,,valid,2023-02,False
2023-02,15-0000,2023-03,2023-04,2023-05,0.022527751834421367,,valid,2023-02,False
2023-02,17-0000,2023-03,2023-04,2023-05,0.015359330632238733,,valid,2023-02,True
2023-02,19-0000,2023-03,2023-04,2023-05,0.016721393515200998,,valid,2023-02,True
2023-02,21-0000,2023-03,2023-04,2023-05,0.020267109701916034,,valid,2023-02,True
2023-02,23-0000,2023-03,2023-04,2023-05,0.0031684291778492336,,valid,2023-02,True
2023-02,25-0000,2023-03,2023-04,2023-05,0.014629052069497767,,valid,2023-02,False
2023-02,27-0000,2023-03,2023-04,2023-05,0.02974315586449743,,valid,2023-02,True
2023-02,29-0000,2023-03,2023-04,2023-05,0.011541464336392866,,valid,2023-02,False
2023-02,31-0000,2023-03,2023-04,2023-05,0.03266915669246533,,valid,2023-02,False
2023-02,33-0000,2023-03,2023-04,2023-05,0.03043188844855803,,valid,2023-02,True
2023-02,35-0000,2023-03,2023-04,2023-05,0.05622077354492774,,valid,2023-02,False
2023-02,37-0000,2023-03,2023-04,2023-05,0.05621899679506007,,valid,2023-02,False
2023-02,39-0000,2023-03,2023-04,2023-05,0.03265960279567663,,valid,2023-02,False
2023-02,41-0000,2023-03,2023-04,2023-05,0.036460021007461964,,valid,2023-02,False
2023-02,43-0000,2023-03,2023-04,2023-05,0.032407470627437235,,valid,2023-02,False
2023-02,45-0000,2023-03,2023-04,2023-05,0.06693008761677684,,valid,2023-02,True
2023-02,47-0000,2023-03,2023-04,2023-05,0.051916523313233175,,valid,2023-02,False
2023-02,49-0000,2023-03,2023-04,2023-05,0.023481732326457033,,valid,2023-02,True
2023-02,51-0000,2023-03,2023-04,2023-05,0.0412738286955189,,valid,2023-02,False
2023-02,53-0000,2023-03,2023-04,2023-05,0.0558852159136792,,valid,2023-02,False
2023-03,11-0000,2023-04,2023-05,2023-06,0.016769919943202233,,valid,2023-03,False
2023-03,13-0000,2023-04,2023-05,2023-06,0.025544701022174533,,valid,2023-03,False
2023-03,15-0000,2023-04,2023-05,2023-06,0.022592536732655138,,valid,2023-03,False
2023-03,17-0000,2023-04,2023-05,2023-06,0.016150147098688065,,valid,2023-03,True
2023-03,19-0000,2023-04,2023-05,2023-06,0.021264471345697967,,valid,2023-03,True
2023-03,21-0000,2023-04,2023-05,2023-06,0.020690796687898166,,valid,2023-03,True
2023-03,23-0000,2023-04,2023-05,2023-06,0.0045628866638346335,,valid,2023-03,True
2023-03,25-0000,2023-04,2023-05,2023-06,0.025267113520723666,,valid,2023-03,False
2023-03,27-0000,2023-04,2023-05,2023-06,0.02919984553965523,,valid,2023-03,True
2023-03,29-0000,2023-04,2023-05,2023-06,0.011078358915642966,,valid,2023-03,False
2023-03,31-0000,2023-04,2023-05,2023-06,0.0328440337198888,,valid,2023-03,False
2023-03,33-0000,2023-04,2023-05,2023-06,0.030100675458257103,,valid,2023-03,True
2023-03,35-0000,2023-04,2023-05,2023-06,0.0554738633047105,,valid,2023-03,False
2023-03,37-0000,2023-04,2023-05,2023-06,0.05107020590022887,,valid,2023-03,False
2023-03,39-0000,2023-04,2023-05,2023-06,0.036463984272183995,,valid,2023-03,False
2023-03,41-0000,2023-04,2023-05,2023-06,0.03752092403810087,,valid,2023-03,False
2023-03,43-0000,2023-04,2023-05,2023-06,0.030787276025132534,,valid,2023-03,False
2023-03,45-0000,2023-04,2023-05,2023-06,0.05705341870805244,,valid,2023-03,True
2023-03,47-0000,2023-04,2023-05,2023-06,0.04229820074968851,,valid,2023-03,False
2023-03,49-0000,2023-04,2023-05,2023-06,0.021096010264498366,,valid,2023-03,True
2023-03,51-0000,2023-04,2023-05,2023-06,0.04073491213475223,,valid,2023-03,False
2023-03,53-0000,2023-04,2023-05,2023-06,0.05622441891785343,,valid,2023-03,False
2023-04,11-0000,2023-05,2023-06,2023-07,0.016719258846015498,,valid,2023-04,False
2023-04,13-0000,2023-05,2023-06,2023-07,0.026083748425841564,,valid,2023-04,False
2023-04,15-0000,2023-05,2023-06,2023-07,0.021060303921359633,,valid,2023-04,False
2023-04,17-0000,2023-05,2023-06,2023-07,0.014917957891480335,,valid,2023-04,True
2023-04,19-0000,2023-05,2023-06,2023-07,0.02308126330287383,,valid,2023-04,True
2023-04,21-0000,2023-05,2023-06,2023-07,0.0224201502772667,,valid,2023-04,True
2023-04,23-0000,2023-05,2023-06,2023-07,0.005870479369985634,,valid,2023-04,True
2023-04,25-0000,2023-05,2023-06,2023-07,0.04189131282373193,,valid,2023-04,False
2023-04,27-0000,2023-05,2023-06,2023-07,0.0334312423316016,,valid,2023-04,False
2023-04,29-0000,2023-05,2023-06,2023-07,0.013227080586673866,,valid,2023-04,False
2023-04,31-0000,2023-05,2023-06,2023-07,0.03336633670665997,,valid,2023-04,False
2023-04,33-0000,2023-05,2023-06,2023-07,0.03178970506569726,,valid,2023-04,True
2023-04,35-0000,2023-05,2023-06,2023-07,0.05890299816759607,,valid,2023-04,False
2023-04,37-0000,2023-05,2023-06,2023-07,0.0469935067706439,,valid,2023-04,False
2023-04,39-0000,2023-05,2023-06,2023-07,0.044921145475169004,,valid,2023-04,False
2023-04,41-0000,2023-05,2023-06,2023-07,0.0401878510126469,,valid,2023-04,False
2023-04,43-0000,2023-05,2023-06,2023-07,0.031104246512515366,,valid,2023-04,False
2023-04,45-0000,2023-05,2023-06,2023-07,0.04345497688923441,,valid,2023-04,True
2023-04,47-0000,2023-05,2023-06,2023-07,0.0398567142248977,,valid,2023-04,False
2023-04,49-0000,2023-05,2023-06,2023-07,0.02211619742173067,,valid,2023-04,True
2023-04,51-0000,2023-05,2023-06,2023-07,0.042201167757862,,valid,2023-04,False
2023-04,53-0000,2023-05,2023-06,2023-07,0.0579748337717976,,valid,2023-04,False
2023-05,11-0000,2023-06,2023-07,2023-08,0.016078439307455502,,valid,2023-05,False
2023-05,13-0000,2023-06,2023-07,2023-08,0.0287098415997343,,valid,2023-05,False
2023-05,15-0000,2023-06,2023-07,2023-08,0.021275774158507333,,valid,2023-05,False
2023-05,17-0000,2023-06,2023-07,2023-08,0.017397195892538467,,valid,2023-05,True
2023-05,19-0000,2023-06,2023-07,2023-08,0.0243883621030313,,valid,2023-05,True
2023-05,21-0000,2023-06,2023-07,2023-08,0.022106654928539235,,valid,2023-05,True
2023-05,23-0000,2023-06,2023-07,2023-08,0.009371383240043133,,valid,2023-05,True
2023-05,25-0000,2023-06,2023-07,2023-08,0.05278681385794587,,valid,2023-05,False
2023-05,27-0000,2023-06,2023-07,2023-08,0.033221978638689496,,valid,2023-05,False
2023-05,29-0000,2023-06,2023-07,2023-08,0.0148062496861295,,valid,2023-05,False
2023-05,31-0000,2023-06,2023-07,2023-08,0.036208203386619696,,valid,2023-05,False
2023-05,33-0000,2023-06,2023-07,2023-08,0.02927242163942433,,valid,2023-05,True
2023-05,35-0000,2023-06,2023-07,2023-08,0.06258953438041437,,valid,2023-05,False
2023-05,37-0000,2023-06,2023-07,2023-08,0.043425459704317194,,valid,2023-05,False
2023-05,39-0000,2023-06,2023-07,2023-08,0.044971228058328566,,valid,2023-05,False
2023-05,41-0000,2023-06,2023-07,2023-08,0.039500060381269866,,valid,2023-05,False
2023-05,43-0000,2023-06,2023-07,2023-08,0.0339676999611996,,valid,2023-05,False
2023-05,45-0000,2023-06,2023-07,2023-08,0.04967462664593483,,valid,2023-05,True
2023-05,47-0000,2023-06,2023-07,2023-08,0.04247101606197587,,valid,2023-05,False
2023-05,49-0000,2023-06,2023-07,2023-08,0.019651360677211332,,valid,2023-05,True
2023-05,51-0000,2023-06,2023-07,2023-08,0.0388814335661094,,valid,2023-05,False
2023-05,53-0000,2023-06,2023-07,2023-08,0.0586807293895417,,valid,2023-05,False
2023-06,11-0000,2023-07,2023-08,2023-09,0.016169458771703633,,valid,2023-06,False
2023-06,13-0000,2023-07,2023-08,2023-09,0.030114207442975733,,valid,2023-06,False
2023-06,15-0000,2023-07,2023-08,2023-09,0.02103371743103903,,valid,2023-06,False
2023-06,17-0000,2023-07,2023-08,2023-09,0.020912248824570965,,valid,2023-06,True
2023-06,19-0000,2023-07,2023-08,2023-09,0.022088346750715703,,valid,2023-06,True
2023-06,21-0000,2023-07,2023-08,2023-09,0.018502466120416568,,valid,2023-06,True
2023-06,23-0000,2023-07,2023-08,2023-09,0.009151906596402267,,valid,2023-06,True
2023-06,25-0000,2023-07,2023-08,2023-09,0.04388503422044266,,valid,2023-06,False
2023-06,27-0000,2023-07,2023-08,2023-09,0.03399636041235846,,valid,2023-06,False
2023-06,29-0000,2023-07,2023-08,2023-09,0.015561511660348033,,valid,2023-06,False
2023-06,31-0000,2023-07,2023-08,2023-09,0.037339486683846436,,valid,2023-06,False
2023-06,33-0000,2023-07,2023-08,2023-09,0.0253311490515444,,valid,2023-06,True
2023-06,35-0000,2023-07,2023-08,2023-09,0.0634840815095744,,valid,2023-06,False
2023-06,37-0000,2023-07,2023-08,2023-09,0.04117776462125577,,valid,2023-06,False
2023-06,39-0000,2023-07,2023-08,2023-09,0.04126740760850883,,valid,2023-06,False
2023-06,41-0000,2023-07,2023-08,2023-09,0.0400191900687334,,valid,2023-06,False
2023-06,43-0000,2023-07,2023-08,2023-09,0.03696599328586764,,valid,2023-06,False
2023-06,45-0000,2023-07,2023-08,2023-09,0.0531008066510693,,valid,2023-06,True
2023-06,47-0000,2023-07,2023-08,2023-09,0.045725884377417,,valid,2023-06,False
2023-06,49-0000,2023-07,2023-08,2023-09,0.017923561593717666,,valid,2023-06,True
2023-06,51-0000,2023-07,2023-08,2023-09,0.03559010188106987,,valid,2023-06,False
2023-06,53-0000,2023-07,2023-08,2023-09,0.05939483954761657,,valid,2023-06,False
2023-07,11-0000,2023-08,2023-09,2023-10,0.0161271993303394,,valid,2023-07,False
2023-07,13-0000,2023-08,2023-09,2023-10,0.0285262091397326,,valid,2023-07,False
2023-07,15-0000,2023-08,2023-09,2023-10,0.022004634794104635,,valid,2023-07,False
2023-07,17-0000,2023-08,2023-09,2023-10,0.023932692925324933,,valid,2023-07,True
2023-07,19-0000,2023-08,2023-09,2023-10,0.016754299851845202,,valid,2023-07,True
2023-07,21-0000,2023-08,2023-09,2023-10,0.0194673115661995,,valid,2023-07,True
2023-07,23-0000,2023-08,2023-09,2023-10,0.009887940522110233,,valid,2023-07,True
2023-07,25-0000,2023-08,2023-09,2023-10,0.030369368017787002,,valid,2023-07,False
2023-07,27-0000,2023-08,2023-09,2023-10,0.0380971078739348,,valid,2023-07,False
2023-07,29-0000,2023-08,2023-09,2023-10,0.015255712429529967,,valid,2023-07,False
2023-07,31-0000,2023-08,2023-09,2023-10,0.0406891864785807,,valid,2023-07,False
2023-07,33-0000,2023-08,2023-09,2023-10,0.025142168211415402,,valid,2023-07,True
2023-07,35-0000,2023-08,2023-09,2023-10,0.06121247321863313,,valid,2023-07,False
2023-07,37-0000,2023-08,2023-09,2023-10,0.040324697543977966,,valid,2023-07,False
2023-07,39-0000,2023-08,2023-09,2023-10,0.037854466081908504,,valid,2023-07,False
2023-07,41-0000,2023-08,2023-09,2023-10,0.04018586773496997,,valid,2023-07,False
2023-07,43-0000,2023-08,2023-09,2023-10,0.03878734947408377,,valid,2023-07,False
2023-07,45-0000,2023-08,2023-09,2023-10,0.07951026345461414,,valid,2023-07,True
2023-07,47-0000,2023-08,2023-09,2023-10,0.04888616869225513,,valid,2023-07,False
2023-07,49-0000,2023-08,2023-09,2023-10,0.017735647024206932,,valid,2023-07,True
2023-07,51-0000,2023-08,2023-09,2023-10,0.0342142072932462,,valid,2023-07,False
2023-07,53-0000,2023-08,2023-09,2023-10,0.057902596480401164,,valid,2023-07,False
2023-08,11-0000,2023-09,2023-10,2023-11,0.01606637873666737,,valid,2023-08,False
2023-08,13-0000,2023-09,2023-10,2023-11,0.0243894999653491,,valid,2023-08,False
2023-08,15-0000,2023-09,2023-10,2023-11,0.0205543525503184,,valid,2023-08,False
2023-08,17-0000,2023-09,2023-10,2023-11,0.021647184280803266,,valid,2023-08,True
2023-08,19-0000,2023-09,2023-10,2023-11,0.013333114171327001,,valid,2023-08,True
2023-08,21-0000,2023-09,2023-10,2023-11,0.022640022011135467,,valid,2023-08,True
2023-08,23-0000,2023-09,2023-10,2023-11,0.009399985158253568,,valid,2023-08,True
2023-08,25-0000,2023-09,2023-10,2023-11,0.019313041196149433,,valid,2023-08,False
2023-08,27-0000,2023-09,2023-10,2023-11,0.041577635919265436,,valid,2023-08,False
2023-08,29-0000,2023-09,2023-10,2023-11,0.0149204463497632,,valid,2023-08,False
2023-08,31-0000,2023-09,2023-10,2023-11,0.035514054589911866,,valid,2023-08,False
2023-08,33-0000,2023-09,2023-10,2023-11,0.030917185626114733,,valid,2023-08,True
2023-08,35-0000,2023-09,2023-10,2023-11,0.056410148904236825,,valid,2023-08,False
2023-08,37-0000,2023-09,2023-10,2023-11,0.04106739571822993,,valid,2023-08,False
2023-08,39-0000,2023-09,2023-10,2023-11,0.036116823267344667,,valid,2023-08,False
2023-08,41-0000,2023-09,2023-10,2023-11,0.03959675635144227,,valid,2023-08,False
2023-08,43-0000,2023-09,2023-10,2023-11,0.0372181388912479,,valid,2023-08,False
2023-08,45-0000,2023-09,2023-10,2023-11,0.08192107237854067,,valid,2023-08,True
2023-08,47-0000,2023-09,2023-10,2023-11,0.05065294467302454,,valid,2023-08,False
2023-08,49-0000,2023-09,2023-10,2023-11,0.0183550389286644,,valid,2023-08,True
2023-08,51-0000,2023-09,2023-10,2023-11,0.03539816233393397,,valid,2023-08,False
2023-08,53-0000,2023-09,2023-10,2023-11,0.0585290765061049,,valid,2023-08,False
2023-09,11-0000,2023-10,2023-11,2023-12,0.017105210415619465,,valid,2023-09,False
2023-09,13-0000,2023-10,2023-11,2023-12,0.020735921424528698,,valid,2023-09,False
2023-09,15-0000,2023-10,2023-11,2023-12,0.020782849944599297,,valid,2023-09,False
2023-09,17-0000,2023-10,2023-11,2023-12,0.0177212450754114,,valid,2023-09,True
2023-09,19-0000,2023-10,2023-11,2023-12,0.011744614431228666,,valid,2023-09,True
2023-09,21-0000,2023-10,2023-11,2023-12,0.02452536373039697,,valid,2023-09,True
2023-09,23-0000,2023-10,2023-11,2023-12,0.011461880435883566,,valid,2023-09,True
2023-09,25-0000,2023-10,2023-11,2023-12,0.017808018684676668,,valid,2023-09,False
2023-09,27-0000,2023-10,2023-11,2023-12,0.04360013468254017,,valid,2023-09,False
2023-09,29-0000,2023-10,2023-11,2023-12,0.012822168974151067,,valid,2023-09,False
2023-09,31-0000,2023-10,2023-11,2023-12,0.03390261175909063,,valid,2023-09,False
2023-09,33-0000,2023-10,2023-11,2023-12,0.0331715351318356,,valid,2023-09,True
2023-09,35-0000,2023-10,2023-11,2023-12,0.05435254774754727,,valid,2023-09,False
2023-09,37-0000,2023-10,2023-11,2023-12,0.049350568552259035,,valid,2023-09,False
2023-09,39-0000,2023-10,2023-11,2023-12,0.036335586220166104,,valid,2023-09,False
2023-09,41-0000,2023-10,2023-11,2023-12,0.04034244737633827,,valid,2023-09,False
2023-09,43-0000,2023-10,2023-11,2023-12,0.03417591568318857,,valid,2023-09,False
2023-09,45-0000,2023-10,2023-11,2023-12,0.09289531299261222,,valid,2023-09,True
2023-09,47-0000,2023-10,2023-11,2023-12,0.05318707110562134,,valid,2023-09,False
2023-09,49-0000,2023-10,2023-11,2023-12,0.022013170043236167,,valid,2023-09,True
2023-09,51-0000,2023-10,2023-11,2023-12,0.03731643959884563,,valid,2023-09,False
2023-09,53-0000,2023-10,2023-11,2023-12,0.0563807492555499,,valid,2023-09,False
2023-10,11-0000,2023-11,2023-12,2024-01,0.0183939824636711,,valid,2023-10,False
2023-10,13-0000,2023-11,2023-12,2024-01,0.022089084203201034,,valid,2023-10,False
2023-10,15-0000,2023-11,2023-12,2024-01,0.021538397475858766,,valid,2023-10,False
2023-10,17-0000,2023-11,2023-12,2024-01,0.0166365879969824,,valid,2023-10,True
2023-10,19-0000,2023-11,2023-12,2024-01,0.0174647604827632,,valid,2023-10,True
2023-10,21-0000,2023-11,2023-12,2024-01,0.024940945618501433,,valid,2023-10,True
2023-10,23-0000,2023-11,2023-12,2024-01,0.014927123192138866,,valid,2023-10,True
2023-10,25-0000,2023-11,2023-12,2024-01,0.016879460261425533,,valid,2023-10,False
2023-10,27-0000,2023-11,2023-12,2024-01,0.048180859137683135,,valid,2023-10,False
2023-10,29-0000,2023-11,2023-12,2024-01,0.010490515563271666,,valid,2023-10,True
2023-10,31-0000,2023-11,2023-12,2024-01,0.032909939105635964,,valid,2023-10,False
2023-10,33-0000,2023-11,2023-12,2024-01,0.030971739294160767,,valid,2023-10,True
2023-10,35-0000,2023-11,2023-12,2024-01,0.056763420636134466,,valid,2023-10,False
2023-10,37-0000,2023-11,2023-12,2024-01,0.06152044107503996,,valid,2023-10,False
2023-10,39-0000,2023-11,2023-12,2024-01,0.035823838130359636,,valid,2023-10,False
2023-10,41-0000,2023-11,2023-12,2024-01,0.04267260974487693,,valid,2023-10,False
2023-10,43-0000,2023-11,2023-12,2024-01,0.03458700501484654,,valid,2023-10,False
2023-10,45-0000,2023-11,2023-12,2024-01,0.09576112988739029,,valid,2023-10,True
2023-10,47-0000,2023-11,2023-12,2024-01,0.0618956938456548,,valid,2023-10,False
2023-10,49-0000,2023-11,2023-12,2024-01,0.02567764245470677,,valid,2023-10,True
2023-10,51-0000,2023-11,2023-12,2024-01,0.040816266961332094,,valid,2023-10,False
2023-10,53-0000,2023-11,2023-12,2024-01,0.05826760990242413,,valid,2023-10,False
2023-11,11-0000,2023-12,2024-01,2024-02,0.021010556538605934,,valid,2023-11,False
2023-11,13-0000,2023-12,2024-01,2024-02,0.023781419580340732,,valid,2023-11,False
2023-11,15-0000,2023-12,2024-01,2024-02,0.027226781324960467,,valid,2023-11,False
2023-11,17-0000,2023-12,2024-01,2024-02,0.017116644519869367,,valid,2023-11,True
2023-11,19-0000,2023-12,2024-01,2024-02,0.0180140135105664,,valid,2023-11,True
2023-11,21-0000,2023-12,2024-01,2024-02,0.021360592766604698,,valid,2023-11,True
2023-11,23-0000,2023-12,2024-01,2024-02,0.017002672149477798,,valid,2023-11,True
2023-11,25-0000,2023-12,2024-01,2024-02,0.016179684123682134,,valid,2023-11,False
2023-11,27-0000,2023-12,2024-01,2024-02,0.05124580179547277,,valid,2023-11,False
2023-11,29-0000,2023-12,2024-01,2024-02,0.009337917939196368,,valid,2023-11,True
2023-11,31-0000,2023-12,2024-01,2024-02,0.032661522631015634,,valid,2023-11,False
2023-11,33-0000,2023-12,2024-01,2024-02,0.0296230154577222,,valid,2023-11,True
2023-11,35-0000,2023-12,2024-01,2024-02,0.056646038013949206,,valid,2023-11,False
2023-11,37-0000,2023-12,2024-01,2024-02,0.07324983623742383,,valid,2023-11,False
2023-11,39-0000,2023-12,2024-01,2024-02,0.0398289678742258,,valid,2023-11,False
2023-11,41-0000,2023-12,2024-01,2024-02,0.04597843825042314,,valid,2023-11,False
2023-11,43-0000,2023-12,2024-01,2024-02,0.03674164699972853,,valid,2023-11,False
2023-11,45-0000,2023-12,2024-01,2024-02,0.10802017448620886,,valid,2023-11,True
2023-11,47-0000,2023-12,2024-01,2024-02,0.06960215903482313,,valid,2023-11,False
2023-11,49-0000,2023-12,2024-01,2024-02,0.029442965479178834,,valid,2023-11,False
2023-11,51-0000,2023-12,2024-01,2024-02,0.0439633323978725,,valid,2023-11,False
2023-11,53-0000,2023-12,2024-01,2024-02,0.057220344795738835,,valid,2023-11,False
2023-12,11-0000,2024-01,2024-02,2024-03,0.022054446663972865,,valid,2023-12,False
2023-12,13-0000,2024-01,2024-02,2024-03,0.024964306302371703,,valid,2023-12,False
2023-12,15-0000,2024-01,2024-02,2024-03,0.02934981216939897,,valid,2023-12,False
2023-12,17-0000,2024-01,2024-02,2024-03,0.02064055818163703,,valid,2023-12,True
2023-12,19-0000,2024-01,2024-02,2024-03,0.018627922866151402,,valid,2023-12,True
2023-12,21-0000,2024-01,2024-02,2024-03,0.022146612269726796,,valid,2023-12,True
2023-12,23-0000,2024-01,2024-02,2024-03,0.021504673406777964,,valid,2023-12,True
2023-12,25-0000,2024-01,2024-02,2024-03,0.015938451058589,,valid,2023-12,False
2023-12,27-0000,2024-01,2024-02,2024-03,0.0513739072619536,,valid,2023-12,False
2023-12,29-0000,2024-01,2024-02,2024-03,0.010343654145232866,,valid,2023-12,True
2023-12,31-0000,2024-01,2024-02,2024-03,0.03271977953078577,,valid,2023-12,False
2023-12,33-0000,2024-01,2024-02,2024-03,0.032028505872281364,,valid,2023-12,True
2023-12,35-0000,2024-01,2024-02,2024-03,0.05615752036165297,,valid,2023-12,False
2023-12,37-0000,2024-01,2024-02,2024-03,0.07026519933600667,,valid,2023-12,False
2023-12,39-0000,2024-01,2024-02,2024-03,0.04358765516903093,,valid,2023-12,False
2023-12,41-0000,2024-01,2024-02,2024-03,0.04690062467932516,,valid,2023-12,False
2023-12,43-0000,2024-01,2024-02,2024-03,0.03834168388017407,,valid,2023-12,False
2023-12,45-0000,2024-01,2024-02,2024-03,0.1119702047736638,,valid,2023-12,True
2023-12,47-0000,2024-01,2024-02,2024-03,0.07249454172401172,,valid,2023-12,False
2023-12,49-0000,2024-01,2024-02,2024-03,0.02816640256436337,,valid,2023-12,False
2023-12,51-0000,2024-01,2024-02,2024-03,0.045887238314646694,,valid,2023-12,False
2023-12,53-0000,2024-01,2024-02,2024-03,0.0582943156431143,,valid,2023-12,False
2024-01,11-0000,2024-02,2024-03,2024-04,0.023059948021767,,valid,2024-01,False
2024-01,13-0000,2024-02,2024-03,2024-04,0.025414843879762335,,valid,2024-01,False
2024-01,15-0000,2024-02,2024-03,2024-04,0.030909310112892035,,valid,2024-01,False
2024-01,17-0000,2024-02,2024-03,2024-04,0.019404914103059934,,valid,2024-01,True
2024-01,19-0000,2024-02,2024-03,2024-04,0.013700916225274034,,valid,2024-01,True
2024-01,21-0000,2024-02,2024-03,2024-04,0.018549859293223333,,valid,2024-01,True
2024-01,23-0000,2024-02,2024-03,2024-04,0.018529496717749065,,valid,2024-01,True
2024-01,25-0000,2024-02,2024-03,2024-04,0.013969601466102833,,valid,2024-01,False
2024-01,27-0000,2024-02,2024-03,2024-04,0.04436184256155373,,valid,2024-01,False
2024-01,29-0000,2024-02,2024-03,2024-04,0.009856848791801667,,valid,2024-01,False
2024-01,31-0000,2024-02,2024-03,2024-04,0.033464237856567734,,valid,2024-01,False
2024-01,33-0000,2024-02,2024-03,2024-04,0.033018859403352634,,valid,2024-01,True
2024-01,35-0000,2024-02,2024-03,2024-04,0.05001257758569613,,valid,2024-01,False
2024-01,37-0000,2024-02,2024-03,2024-04,0.06066297377734179,,valid,2024-01,False
2024-01,39-0000,2024-02,2024-03,2024-04,0.043157961735617166,,valid,2024-01,False
2024-01,41-0000,2024-02,2024-03,2024-04,0.04384992001458416,,valid,2024-01,False
2024-01,43-0000,2024-02,2024-03,2024-04,0.03678993227898243,,valid,2024-01,False
2024-01,45-0000,2024-02,2024-03,2024-04,0.0940313631083811,,valid,2024-01,True
2024-01,47-0000,2024-02,2024-03,2024-04,0.06625041987959093,,valid,2024-01,False
2024-01,49-0000,2024-02,2024-03,2024-04,0.027646026118386135,,valid,2024-01,False
2024-01,51-0000,2024-02,2024-03,2024-04,0.046423946192755,,valid,2024-01,False
2024-01,53-0000,2024-02,2024-03,2024-04,0.055452317573939335,,valid,2024-01,False
2024-02,11-0000,2024-03,2024-04,2024-05,0.0212238679749637,,valid,2024-02,False
2024-02,13-0000,2024-03,2024-04,2024-05,0.02533627523677383,,valid,2024-02,False
2024-02,15-0000,2024-03,2024-04,2024-05,0.027996820537902003,,valid,2024-02,False
2024-02,17-0000,2024-03,2024-04,2024-05,0.018421737575810868,,valid,2024-02,True
2024-02,19-0000,2024-03,2024-04,2024-05,0.018137276403779233,,valid,2024-02,True
2024-02,21-0000,2024-03,2024-04,2024-05,0.0161841968389357,,valid,2024-02,True
2024-02,23-0000,2024-03,2024-04,2024-05,0.017691078373959467,,valid,2024-02,True
2024-02,25-0000,2024-03,2024-04,2024-05,0.014997641246766266,,valid,2024-02,False
2024-02,27-0000,2024-03,2024-04,2024-05,0.0399889905784624,,valid,2024-02,False
2024-02,29-0000,2024-03,2024-04,2024-05,0.011314176232389866,,valid,2024-02,False
2024-02,31-0000,2024-03,2024-04,2024-05,0.0429439705193434,,valid,2024-02,False
2024-02,33-0000,2024-03,2024-04,2024-05,0.0329354706756596,,valid,2024-02,True
2024-02,35-0000,2024-03,2024-04,2024-05,0.053577914688319635,,valid,2024-02,False
2024-02,37-0000,2024-03,2024-04,2024-05,0.046423630483841065,,valid,2024-02,False
2024-02,39-0000,2024-03,2024-04,2024-05,0.040643182751594197,,valid,2024-02,False
2024-02,41-0000,2024-03,2024-04,2024-05,0.0409187454427877,,valid,2024-02,False
2024-02,43-0000,2024-03,2024-04,2024-05,0.03305088010565063,,valid,2024-02,False
2024-02,45-0000,2024-03,2024-04,2024-05,0.09302668658808295,,valid,2024-02,True
2024-02,47-0000,2024-03,2024-04,2024-05,0.056998233255293435,,valid,2024-02,False
2024-02,49-0000,2024-03,2024-04,2024-05,0.0257957502032274,,valid,2024-02,False
2024-02,51-0000,2024-03,2024-04,2024-05,0.0456857674815405,,valid,2024-02,False
2024-02,53-0000,2024-03,2024-04,2024-05,0.05496961497882413,,valid,2024-02,False
2024-03,11-0000,2024-04,2024-05,2024-06,0.0203556478063091,,valid,2024-03,False
2024-03,13-0000,2024-04,2024-05,2024-06,0.026099302858524367,,valid,2024-03,False
2024-03,15-0000,2024-04,2024-05,2024-06,0.030647043169018135,,valid,2024-03,False
2024-03,17-0000,2024-04,2024-05,2024-06,0.012892613146631668,,valid,2024-03,True
2024-03,19-0000,2024-04,2024-05,2024-06,0.023135202015814534,,valid,2024-03,True
2024-03,21-0000,2024-04,2024-05,2024-06,0.014161688039407998,,valid,2024-03,True
2024-03,23-0000,2024-04,2024-05,2024-06,0.011930106527768533,,valid,2024-03,True
2024-03,25-0000,2024-04,2024-05,2024-06,0.025897924495867003,,valid,2024-03,False
2024-03,27-0000,2024-04,2024-05,2024-06,0.04087873404164413,,valid,2024-03,False
2024-03,29-0000,2024-04,2024-05,2024-06,0.012154844503470234,,valid,2024-03,False
2024-03,31-0000,2024-04,2024-05,2024-06,0.0465804409835144,,valid,2024-03,False
2024-03,33-0000,2024-04,2024-05,2024-06,0.03274516111190957,,valid,2024-03,True
2024-03,35-0000,2024-04,2024-05,2024-06,0.0580037833211883,,valid,2024-03,False
2024-03,37-0000,2024-04,2024-05,2024-06,0.043017845968877734,,valid,2024-03,False
2024-03,39-0000,2024-04,2024-05,2024-06,0.043381973677139106,,valid,2024-03,False
2024-03,41-0000,2024-04,2024-05,2024-06,0.040261879140267,,valid,2024-03,False
2024-03,43-0000,2024-04,2024-05,2024-06,0.030656178960886266,,valid,2024-03,False
2024-03,45-0000,2024-04,2024-05,2024-06,0.0735540199782501,,valid,2024-03,True
2024-03,47-0000,2024-04,2024-05,2024-06,0.05053788638492327,,valid,2024-03,False
2024-03,49-0000,2024-04,2024-05,2024-06,0.0269828199829556,,valid,2024-03,False
2024-03,51-0000,2024-04,2024-05,2024-06,0.04600419376659327,,valid,2024-03,False
2024-03,53-0000,2024-04,2024-05,2024-06,0.05800220516351756,,valid,2024-03,False
2024-04,11-0000,2024-05,2024-06,2024-07,0.0197194176639585,,valid,2024-04,False
2024-04,13-0000,2024-05,2024-06,2024-07,0.027323064698756967,,valid,2024-04,False
2024-04,15-0000,2024-05,2024-06,2024-07,0.032358622869863206,,valid,2024-04,False
2024-04,17-0000,2024-05,2024-06,2024-07,0.014022341112794165,,valid,2024-04,True
2024-04,19-0000,2024-05,2024-06,2024-07,0.030129734729942736,,valid,2024-04,True
2024-04,21-0000,2024-05,2024-06,2024-07,0.016972697139719498,,valid,2024-04,True
2024-04,23-0000,2024-05,2024-06,2024-07,0.0101756984930652,,valid,2024-04,True
2024-04,25-0000,2024-05,2024-06,2024-07,0.04265245056048706,,valid,2024-04,False
2024-04,27-0000,2024-05,2024-06,2024-07,0.044818471298928166,,valid,2024-04,False
2024-04,29-0000,2024-05,2024-06,2024-07,0.0152193613180733,,valid,2024-04,False
2024-04,31-0000,2024-05,2024-06,2024-07,0.0487765382099337,,valid,2024-04,False
2024-04,33-0000,2024-05,2024-06,2024-07,0.03383842933700704,,valid,2024-04,True
2024-04,35-0000,2024-05,2024-06,2024-07,0.06583007013735064,,valid,2024-04,False
2024-04,37-0000,2024-05,2024-06,2024-07,0.043512713381712,,valid,2024-04,False
2024-04,39-0000,2024-05,2024-06,2024-07,0.04480512199475303,,valid,2024-04,False
2024-04,41-0000,2024-05,2024-06,2024-07,0.0435135418974012,,valid,2024-04,False
2024-04,43-0000,2024-05,2024-06,2024-07,0.03194915079446114,,valid,2024-04,False
2024-04,45-0000,2024-05,2024-06,2024-07,0.08338713922052556,,valid,2024-04,True
2024-04,47-0000,2024-05,2024-06,2024-07,0.04711033597749243,,valid,2024-04,False
2024-04,49-0000,2024-05,2024-06,2024-07,0.0277842657272938,,valid,2024-04,False
2024-04,51-0000,2024-05,2024-06,2024-07,0.0463813074605221,,valid,2024-04,False
2024-04,53-0000,2024-05,2024-06,2024-07,0.06420019757823246,,valid,2024-04,False
2024-05,11-0000,2024-06,2024-07,2024-08,0.0202632665219101,,valid,2024-05,False
2024-05,13-0000,2024-06,2024-07,2024-08,0.030859211474296735,,valid,2024-05,False
2024-05,15-0000,2024-06,2024-07,2024-08,0.0352341819410087,,valid,2024-05,False
2024-05,17-0000,2024-06,2024-07,2024-08,0.0141504219028186,,valid,2024-05,True
2024-05,19-0000,2024-06,2024-07,2024-08,0.028298053675647767,,valid,2024-05,True
2024-05,21-0000,2024-06,2024-07,2024-08,0.020941118850030537,,valid,2024-05,True
2024-05,23-0000,2024-06,2024-07,2024-08,0.0102155872731561,,valid,2024-05,True
2024-05,25-0000,2024-06,2024-07,2024-08,0.055032660992136904,,valid,2024-05,False
2024-05,27-0000,2024-06,2024-07,2024-08,0.04995365957119783,,valid,2024-05,False
2024-05,29-0000,2024-06,2024-07,2024-08,0.015663934463136867,,valid,2024-05,False
2024-05,31-0000,2024-06,2024-07,2024-08,0.04198374227000834,,valid,2024-05,False
2024-05,33-0000,2024-06,2024-07,2024-08,0.0355828304237297,,valid,2024-05,True
2024-05,35-0000,2024-06,2024-07,2024-08,0.06766392140087353,,valid,2024-05,False
2024-05,37-0000,2024-06,2024-07,2024-08,0.043709352046285836,,valid,2024-05,False
2024-05,39-0000,2024-06,2024-07,2024-08,0.0508368796965816,,valid,2024-05,False
2024-05,41-0000,2024-06,2024-07,2024-08,0.04592502532419943,,valid,2024-05,False
2024-05,43-0000,2024-06,2024-07,2024-08,0.03397008465720907,,valid,2024-05,False
2024-05,45-0000,2024-06,2024-07,2024-08,0.0864966094396324,,valid,2024-05,True
2024-05,47-0000,2024-06,2024-07,2024-08,0.0448155561502686,,valid,2024-05,False
2024-05,49-0000,2024-06,2024-07,2024-08,0.027834651254113264,,valid,2024-05,False
2024-05,51-0000,2024-06,2024-07,2024-08,0.049003111791971664,,valid,2024-05,False
2024-05,53-0000,2024-06,2024-07,2024-08,0.06596929046087986,,valid,2024-05,False
2024-06,11-0000,2024-07,2024-08,2024-09,0.019486954734892165,,valid,2024-06,False
2024-06,13-0000,2024-07,2024-08,2024-09,0.03313141413024807,,valid,2024-06,False
2024-06,15-0000,2024-07,2024-08,2024-09,0.031020202153984367,,valid,2024-06,False
2024-06,17-0000,2024-07,2024-08,2024-09,0.018832423333167266,,valid,2024-06,True
2024-06,19-0000,2024-07,2024-08,2024-09,0.026523789622344033,,valid,2024-06,True
2024-06,21-0000,2024-07,2024-08,2024-09,0.025328967015526737,,valid,2024-06,True
2024-06,23-0000,2024-07,2024-08,2024-09,0.013234764054451233,,valid,2024-06,True
2024-06,25-0000,2024-07,2024-08,2024-09,0.04812915333340136,,valid,2024-06,False
2024-06,27-0000,2024-07,2024-08,2024-09,0.046296226187606294,,valid,2024-06,False
2024-06,29-0000,2024-07,2024-08,2024-09,0.015135463854778333,,valid,2024-06,False
2024-06,31-0000,2024-07,2024-08,2024-09,0.039168096515757034,,valid,2024-06,False
2024-06,33-0000,2024-07,2024-08,2024-09,0.036745168368736,,valid,2024-06,False
2024-06,35-0000,2024-07,2024-08,2024-09,0.0656266747430886,,valid,2024-06,False
2024-06,37-0000,2024-07,2024-08,2024-09,0.04389146383797387,,valid,2024-06,False
2024-06,39-0000,2024-07,2024-08,2024-09,0.051224652276153367,,valid,2024-06,False
2024-06,41-0000,2024-07,2024-08,2024-09,0.045915844712740204,,valid,2024-06,False
2024-06,43-0000,2024-07,2024-08,2024-09,0.03656786019800396,,valid,2024-06,False
2024-06,45-0000,2024-07,2024-08,2024-09,0.09932676702256614,,valid,2024-06,True
2024-06,47-0000,2024-07,2024-08,2024-09,0.044003270363013304,,valid,2024-06,False
2024-06,49-0000,2024-07,2024-08,2024-09,0.026812948115479667,,valid,2024-06,False
2024-06,51-0000,2024-07,2024-08,2024-09,0.048386488990303234,,valid,2024-06,False
2024-06,53-0000,2024-07,2024-08,2024-09,0.062138459058607064,,valid,2024-06,False
2024-07,11-0000,2024-08,2024-09,2024-10,0.018817396813626833,,valid,2024-07,False
2024-07,13-0000,2024-08,2024-09,2024-10,0.033388458574951735,,valid,2024-07,False
2024-07,15-0000,2024-08,2024-09,2024-10,0.0284772406237965,,valid,2024-07,False
2024-07,17-0000,2024-08,2024-09,2024-10,0.0205846980937502,,valid,2024-07,True
2024-07,19-0000,2024-08,2024-09,2024-10,0.0233265886572134,,valid,2024-07,True
2024-07,21-0000,2024-08,2024-09,2024-10,0.025620771992609065,,valid,2024-07,True
2024-07,23-0000,2024-08,2024-09,2024-10,0.016731568223509633,,valid,2024-07,True
2024-07,25-0000,2024-08,2024-09,2024-10,0.03661804049194906,,valid,2024-07,False
2024-07,27-0000,2024-08,2024-09,2024-10,0.0407836981920446,,valid,2024-07,False
2024-07,29-0000,2024-08,2024-09,2024-10,0.014829026784427699,,valid,2024-07,False
2024-07,31-0000,2024-08,2024-09,2024-10,0.035826374919965334,,valid,2024-07,False
2024-07,33-0000,2024-08,2024-09,2024-10,0.038862668379645395,,valid,2024-07,False
2024-07,35-0000,2024-08,2024-09,2024-10,0.06552388337686693,,valid,2024-07,False
2024-07,37-0000,2024-08,2024-09,2024-10,0.046068212758615563,,valid,2024-07,False
2024-07,39-0000,2024-08,2024-09,2024-10,0.05654992499785524,,valid,2024-07,False
2024-07,41-0000,2024-08,2024-09,2024-10,0.043472598195080266,,valid,2024-07,False
2024-07,43-0000,2024-08,2024-09,2024-10,0.036081162471483734,,valid,2024-07,False
2024-07,45-0000,2024-08,2024-09,2024-10,0.08076763158977653,,valid,2024-07,True
2024-07,47-0000,2024-08,2024-09,2024-10,0.045447327366453405,,valid,2024-07,False
2024-07,49-0000,2024-08,2024-09,2024-10,0.0239289336250274,,valid,2024-07,False
2024-07,51-0000,2024-08,2024-09,2024-10,0.04716596678305063,,valid,2024-07,False
2024-07,53-0000,2024-08,2024-09,2024-10,0.05735844966571643,,valid,2024-07,False
2024-08,11-0000,2024-09,2024-10,2024-11,0.01888554229229793,,valid,2024-08,False
2024-08,13-0000,2024-09,2024-10,2024-11,0.031262530966562306,,valid,2024-08,False
2024-08,15-0000,2024-09,2024-10,2024-11,0.025292991944991933,,valid,2024-08,False
2024-08,17-0000,2024-09,2024-10,2024-11,0.02117513223422443,,valid,2024-08,True
2024-08,19-0000,2024-09,2024-10,2024-11,0.020969693699468436,,valid,2024-08,True
2024-08,21-0000,2024-09,2024-10,2024-11,0.026185921031544667,,valid,2024-08,True
2024-08,23-0000,2024-09,2024-10,2024-11,0.014481376481678765,,valid,2024-08,True
2024-08,25-0000,2024-09,2024-10,2024-11,0.02572898716265883,,valid,2024-08,False
2024-08,27-0000,2024-09,2024-10,2024-11,0.03718910365170253,,valid,2024-08,False
2024-08,29-0000,2024-09,2024-10,2024-11,0.0143172779682324,,valid,2024-08,False
2024-08,31-0000,2024-09,2024-10,2024-11,0.0358209169783468,,valid,2024-08,False
2024-08,33-0000,2024-09,2024-10,2024-11,0.0382412315968735,,valid,2024-08,False
2024-08,35-0000,2024-09,2024-10,2024-11,0.06507060172286454,,valid,2024-08,False
2024-08,37-0000,2024-09,2024-10,2024-11,0.0511384814898209,,valid,2024-08,False
2024-08,39-0000,2024-09,2024-10,2024-11,0.052908968568307034,,valid,2024-08,False
2024-08,41-0000,2024-09,2024-10,2024-11,0.042076710444533795,,valid,2024-08,False
2024-08,43-0000,2024-09,2024-10,2024-11,0.03776093997804564,,valid,2024-08,False
2024-08,45-0000,2024-09,2024-10,2024-11,0.061467452133740635,,valid,2024-08,True
2024-08,47-0000,2024-09,2024-10,2024-11,0.0505538193075335,,valid,2024-08,False
2024-08,49-0000,2024-09,2024-10,2024-11,0.025138897436973232,,valid,2024-08,False
2024-08,51-0000,2024-09,2024-10,2024-11,0.043098954328762464,,valid,2024-08,False
2024-08,53-0000,2024-09,2024-10,2024-11,0.0559259783979534,,valid,2024-08,False
2024-09,11-0000,2024-10,2024-11,2024-12,0.019222492455263532,,valid,2024-09,False
2024-09,13-0000,2024-10,2024-11,2024-12,0.0273018705280875,,valid,2024-09,False
2024-09,15-0000,2024-10,2024-11,2024-12,0.02331690758199287,,valid,2024-09,False
2024-09,17-0000,2024-10,2024-11,2024-12,0.018319381965110834,,valid,2024-09,True
2024-09,19-0000,2024-10,2024-11,2024-12,0.017612061005224968,,valid,2024-09,True
2024-09,21-0000,2024-10,2024-11,2024-12,0.023283334186547464,,valid,2024-09,True
2024-09,23-0000,2024-10,2024-11,2024-12,0.0109676155067139,,valid,2024-09,True
2024-09,25-0000,2024-10,2024-11,2024-12,0.022431662815871833,,valid,2024-09,False
2024-09,27-0000,2024-10,2024-11,2024-12,0.046774728133711335,,valid,2024-09,False
2024-09,29-0000,2024-10,2024-11,2024-12,0.015864267113859,,valid,2024-09,False
2024-09,31-0000,2024-10,2024-11,2024-12,0.033778772325095,,valid,2024-09,False
2024-09,33-0000,2024-10,2024-11,2024-12,0.040025568567003296,,valid,2024-09,True
2024-09,35-0000,2024-10,2024-11,2024-12,0.06842564389942146,,valid,2024-09,False
2024-09,37-0000,2024-10,2024-11,2024-12,0.05519551519305433,,valid,2024-09,False
2024-09,39-0000,2024-10,2024-11,2024-12,0.049899747273008964,,valid,2024-09,False
2024-09,41-0000,2024-10,2024-11,2024-12,0.04075465304309436,,valid,2024-09,False
2024-09,43-0000,2024-10,2024-11,2024-12,0.03588844379280847,,valid,2024-09,False
2024-09,45-0000,2024-10,2024-11,2024-12,0.07075520078431573,,valid,2024-09,True
2024-09,47-0000,2024-10,2024-11,2024-12,0.05686692188325213,,valid,2024-09,False
2024-09,49-0000,2024-10,2024-11,2024-12,0.030160652143853068,,valid,2024-09,False
2024-09,51-0000,2024-10,2024-11,2024-12,0.043226622365282234,,valid,2024-09,False
2024-09,53-0000,2024-10,2024-11,2024-12,0.054169626358085164,,valid,2024-09,False
2024-10,11-0000,2024-11,2024-12,2025-01,0.019137468926665766,,valid,2024-10,False
2024-10,13-0000,2024-11,2024-12,2025-01,0.0250313754577237,,valid,2024-10,False
2024-10,15-0000,2024-11,2024-12,2025-01,0.024415043461032303,,valid,2024-10,False
2024-10,17-0000,2024-11,2024-12,2025-01,0.015005570112308632,,valid,2024-10,True
2024-10,19-0000,2024-11,2024-12,2025-01,0.018608992573595266,,valid,2024-10,True
2024-10,21-0000,2024-11,2024-12,2025-01,0.021129800658326633,,valid,2024-10,True
2024-10,23-0000,2024-11,2024-12,2025-01,0.008971259041370966,,valid,2024-10,True
2024-10,25-0000,2024-11,2024-12,2025-01,0.019773855838940167,,valid,2024-10,False
2024-10,27-0000,2024-11,2024-12,2025-01,0.05602369372947524,,valid,2024-10,False
2024-10,29-0000,2024-11,2024-12,2025-01,0.015065772299435266,,valid,2024-10,False
2024-10,31-0000,2024-11,2024-12,2025-01,0.031111114982218368,,valid,2024-10,False
2024-10,33-0000,2024-11,2024-12,2025-01,0.043384150706141635,,valid,2024-10,True
2024-10,35-0000,2024-11,2024-12,2025-01,0.07432603805788553,,valid,2024-10,False
2024-10,37-0000,2024-11,2024-12,2025-01,0.05987351562723727,,valid,2024-10,False
2024-10,39-0000,2024-11,2024-12,2025-01,0.0475726738217242,,valid,2024-10,False
2024-10,41-0000,2024-11,2024-12,2025-01,0.044075429648443694,,valid,2024-10,False
2024-10,43-0000,2024-11,2024-12,2025-01,0.03619703172874363,,valid,2024-10,False
2024-10,45-0000,2024-11,2024-12,2025-01,0.10085502390823797,,valid,2024-10,True
2024-10,47-0000,2024-11,2024-12,2025-01,0.06496543486949787,,valid,2024-10,False
2024-10,49-0000,2024-11,2024-12,2025-01,0.03976708528460757,,valid,2024-10,False
2024-10,51-0000,2024-11,2024-12,2025-01,0.041647465626552,,valid,2024-10,False
2024-10,53-0000,2024-11,2024-12,2025-01,0.056293706720910365,,valid,2024-10,False
2024-11,11-0000,2024-12,2025-01,2025-02,0.0198717018322043,,valid,2024-11,False
2024-11,13-0000,2024-12,2025-01,2025-02,0.023896031737756035,,valid,2024-11,False
2024-11,15-0000,2024-12,2025-01,2025-02,0.027147191488932233,,valid,2024-11,False
2024-11,17-0000,2024-12,2025-01,2025-02,0.012268990636266767,,valid,2024-11,True
2024-11,19-0000,2024-12,2025-01,2025-02,0.0210921799990491,,valid,2024-11,True
2024-11,21-0000,2024-12,2025-01,2025-02,0.020388985830253465,,valid,2024-11,True
2024-11,23-0000,2024-12,2025-01,2025-02,0.010900626134734567,,valid,2024-11,True
2024-11,25-0000,2024-12,2025-01,2025-02,0.0186020136781046,,valid,2024-11,False
2024-11,27-0000,2024-12,2025-01,2025-02,0.0646173196358556,,valid,2024-11,False
2024-11,29-0000,2024-12,2025-01,2025-02,0.0153103836934402,,valid,2024-11,False
2024-11,31-0000,2024-12,2025-01,2025-02,0.0328833192139536,,valid,2024-11,False
2024-11,33-0000,2024-12,2025-01,2025-02,0.0443224011848024,,valid,2024-11,True
2024-11,35-0000,2024-12,2025-01,2025-02,0.07958920256292486,,valid,2024-11,False
2024-11,37-0000,2024-12,2025-01,2025-02,0.0641946740037432,,valid,2024-11,False
2024-11,39-0000,2024-12,2025-01,2025-02,0.05266851075971737,,valid,2024-11,False
2024-11,41-0000,2024-12,2025-01,2025-02,0.04450681597877526,,valid,2024-11,False
2024-11,43-0000,2024-12,2025-01,2025-02,0.0348739924659422,,valid,2024-11,False
2024-11,45-0000,2024-12,2025-01,2025-02,0.1243768228217371,,valid,2024-11,False
2024-11,47-0000,2024-12,2025-01,2025-02,0.07390719574495143,,valid,2024-11,False
2024-11,49-0000,2024-12,2025-01,2025-02,0.041765551821109435,,valid,2024-11,False
2024-11,51-0000,2024-12,2025-01,2025-02,0.04233819625221933,,valid,2024-11,False
2024-11,53-0000,2024-12,2025-01,2025-02,0.05833069314120646,,valid,2024-11,False
2024-12,11-0000,2025-01,2025-02,2025-03,0.0211961533470594,,valid,2024-12,False
2024-12,13-0000,2025-01,2025-02,2025-03,0.02474082594310557,,valid,2024-12,False
2024-12,15-0000,2025-01,2025-02,2025-03,0.03155825510794286,,valid,2024-12,False
2024-12,17-0000,2025-01,2025-02,2025-03,0.012615656274672732,,valid,2024-12,True
2024-12,19-0000,2025-01,2025-02,2025-03,0.024276060783132634,,valid,2024-12,True
2024-12,21-0000,2025-01,2025-02,2025-03,0.021501994436187468,,valid,2024-12,True
2024-12,23-0000,2025-01,2025-02,2025-03,0.012883518262747633,,valid,2024-12,True
2024-12,25-0000,2025-01,2025-02,2025-03,0.0187094458744575,,valid,2024-12,False
2024-12,27-0000,2025-01,2025-02,2025-03,0.06289989083058453,,valid,2024-12,False
2024-12,29-0000,2025-01,2025-02,2025-03,0.015066756938358468,,valid,2024-12,False
2024-12,31-0000,2025-01,2025-02,2025-03,0.035258420164278235,,valid,2024-12,False
2024-12,33-0000,2025-01,2025-02,2025-03,0.042165407731524635,,valid,2024-12,False
2024-12,35-0000,2025-01,2025-02,2025-03,0.08245257507795913,,valid,2024-12,False
2024-12,37-0000,2025-01,2025-02,2025-03,0.0663170714841781,,valid,2024-12,False
2024-12,39-0000,2025-01,2025-02,2025-03,0.0540399367929473,,valid,2024-12,False
2024-12,41-0000,2025-01,2025-02,2025-03,0.045779005428622066,,valid,2024-12,False
2024-12,43-0000,2025-01,2025-02,2025-03,0.03694863248798003,,valid,2024-12,False
2024-12,45-0000,2025-01,2025-02,2025-03,0.12779138859159794,,valid,2024-12,True
2024-12,47-0000,2025-01,2025-02,2025-03,0.07430268429037683,,valid,2024-12,False
2024-12,49-0000,2025-01,2025-02,2025-03,0.03841474536190973,,valid,2024-12,False
2024-12,51-0000,2025-01,2025-02,2025-03,0.04176987150376673,,valid,2024-12,False
2024-12,53-0000,2025-01,2025-02,2025-03,0.06386091602948753,,valid,2024-12,False
2025-01,11-0000,2025-02,2025-03,2025-04,0.0225722215254504,,valid,2025-01,False
2025-01,13-0000,2025-02,2025-03,2025-04,0.02376595400311787,,valid,2025-01,False
2025-01,15-0000,2025-02,2025-03,2025-04,0.0337409374228847,,valid,2025-01,False
2025-01,17-0000,2025-02,2025-03,2025-04,0.0144944205903055,,valid,2025-01,True
2025-01,19-0000,2025-02,2025-03,2025-04,0.026081443769671867,,valid,2025-01,True
2025-01,21-0000,2025-02,2025-03,2025-04,0.022086352939491367,,valid,2025-01,True
2025-01,23-0000,2025-02,2025-03,2025-04,0.012698858569056233,,valid,2025-01,True
2025-01,25-0000,2025-02,2025-03,2025-04,0.016692959860748133,,valid,2025-01,False
2025-01,27-0000,2025-02,2025-03,2025-04,0.05740908638352416,,valid,2025-01,False
2025-01,29-0000,2025-02,2025-03,2025-04,0.015211296065029368,,valid,2025-01,False
2025-01,31-0000,2025-02,2025-03,2025-04,0.038199731175364536,,valid,2025-01,False
2025-01,33-0000,2025-02,2025-03,2025-04,0.0322215059118438,,valid,2025-01,True
2025-01,35-0000,2025-02,2025-03,2025-04,0.07288657005160414,,valid,2025-01,False
2025-01,37-0000,2025-02,2025-03,2025-04,0.05866277459637703,,valid,2025-01,False
2025-01,39-0000,2025-02,2025-03,2025-04,0.05638040041007689,,valid,2025-01,False
2025-01,41-0000,2025-02,2025-03,2025-04,0.0436037313341745,,valid,2025-01,False
2025-01,43-0000,2025-02,2025-03,2025-04,0.03725407206920857,,valid,2025-01,False
2025-01,45-0000,2025-02,2025-03,2025-04,0.1077596327244857,,valid,2025-01,True
2025-01,47-0000,2025-02,2025-03,2025-04,0.06840214479688721,,valid,2025-01,False
2025-01,49-0000,2025-02,2025-03,2025-04,0.030359229144804833,,valid,2025-01,False
2025-01,51-0000,2025-02,2025-03,2025-04,0.041554188780376734,,valid,2025-01,False
2025-01,53-0000,2025-02,2025-03,2025-04,0.06382232790787186,,valid,2025-01,False
2025-02,11-0000,2025-03,2025-04,2025-05,0.02340954906165513,,valid,2025-02,False
2025-02,13-0000,2025-03,2025-04,2025-05,0.024897372910601567,,valid,2025-02,False
2025-02,15-0000,2025-03,2025-04,2025-05,0.034257065854538,,valid,2025-02,False
2025-02,17-0000,2025-03,2025-04,2025-05,0.016822728815578,,valid,2025-02,True
2025-02,19-0000,2025-03,2025-04,2025-05,0.025928561165245435,,valid,2025-02,True
2025-02,21-0000,2025-03,2025-04,2025-05,0.0208555523120366,,valid,2025-02,True
2025-02,23-0000,2025-03,2025-04,2025-05,0.015567331728736,,valid,2025-02,True
2025-02,25-0000,2025-03,2025-04,2025-05,0.016669550045123566,,valid,2025-02,False
2025-02,27-0000,2025-03,2025-04,2025-05,0.050878919096811,,valid,2025-02,False
2025-02,29-0000,2025-03,2025-04,2025-05,0.013723786111022767,,valid,2025-02,False
2025-02,31-0000,2025-03,2025-04,2025-05,0.03971328373409877,,valid,2025-02,False
2025-02,33-0000,2025-03,2025-04,2025-05,0.028002230629749433,,valid,2025-02,True
2025-02,35-0000,2025-03,2025-04,2025-05,0.0673533277941164,,valid,2025-02,False
2025-02,37-0000,2025-03,2025-04,2025-05,0.0495419778858494,,valid,2025-02,False
2025-02,39-0000,2025-03,2025-04,2025-05,0.049679466060375495,,valid,2025-02,False
2025-02,41-0000,2025-03,2025-04,2025-05,0.04406661687210107,,valid,2025-02,False
2025-02,43-0000,2025-03,2025-04,2025-05,0.0369966192285734,,valid,2025-02,False
2025-02,45-0000,2025-03,2025-04,2025-05,0.08669993486945136,,valid,2025-02,True
2025-02,47-0000,2025-03,2025-04,2025-05,0.053440252491299134,,valid,2025-02,False
2025-02,49-0000,2025-03,2025-04,2025-05,0.029649398765165633,,valid,2025-02,False
2025-02,51-0000,2025-03,2025-04,2025-05,0.043695792204421935,,valid,2025-02,False
2025-02,53-0000,2025-03,2025-04,2025-05,0.062310164681146335,,valid,2025-02,False
2025-03,11-0000,2025-04,2025-05,2025-06,0.023472854509433632,,valid,2025-03,False
2025-03,13-0000,2025-04,2025-05,2025-06,0.025366757512760935,,valid,2025-03,False
2025-03,15-0000,2025-04,2025-05,2025-06,0.03324083849824833,,valid,2025-03,False
2025-03,17-0000,2025-04,2025-05,2025-06,0.020177453292714833,,valid,2025-03,True
2025-03,19-0000,2025-04,2025-05,2025-06,0.024973784406725333,,valid,2025-03,True
2025-03,21-0000,2025-04,2025-05,2025-06,0.0210414742429593,,valid,2025-03,True
2025-03,23-0000,2025-04,2025-05,2025-06,0.015944650970358732,,valid,2025-03,True
2025-03,25-0000,2025-04,2025-05,2025-06,0.027771669896048068,,valid,2025-03,False
2025-03,27-0000,2025-04,2025-05,2025-06,0.045540768285952236,,valid,2025-03,False
2025-03,29-0000,2025-04,2025-05,2025-06,0.014748593614066732,,valid,2025-03,False
2025-03,31-0000,2025-04,2025-05,2025-06,0.04330375637566123,,valid,2025-03,False
2025-03,33-0000,2025-04,2025-05,2025-06,0.0263818517480527,,valid,2025-03,True
2025-03,35-0000,2025-04,2025-05,2025-06,0.0629234394200617,,valid,2025-03,False
2025-03,37-0000,2025-04,2025-05,2025-06,0.04589693489337684,,valid,2025-03,False
2025-03,39-0000,2025-04,2025-05,2025-06,0.0469369592857856,,valid,2025-03,False
2025-03,41-0000,2025-04,2025-05,2025-06,0.04547012318410107,,valid,2025-03,False
2025-03,43-0000,2025-04,2025-05,2025-06,0.03694034271042484,,valid,2025-03,False
2025-03,45-0000,2025-04,2025-05,2025-06,0.062481837967223695,,valid,2025-03,True
2025-03,47-0000,2025-04,2025-05,2025-06,0.04757481682415443,,valid,2025-03,False
2025-03,49-0000,2025-04,2025-05,2025-06,0.031143612294386867,,valid,2025-03,False
2025-03,51-0000,2025-04,2025-05,2025-06,0.039995597264913134,,valid,2025-03,False
2025-03,53-0000,2025-04,2025-05,2025-06,0.060386604032425205,,valid,2025-03,False
2025-04,11-0000,2025-05,2025-06,2025-07,0.022173211999584067,,valid,2025-04,False
2025-04,13-0000,2025-05,2025-06,2025-07,0.027290066474839503,,valid,2025-04,False
2025-04,15-0000,2025-05,2025-06,2025-07,0.03131136169608507,,valid,2025-04,False
2025-04,17-0000,2025-05,2025-06,2025-07,0.021170156905487833,,valid,2025-04,True
2025-04,19-0000,2025-05,2025-06,2025-07,0.02677873700680943,,valid,2025-04,True
2025-04,21-0000,2025-05,2025-06,2025-07,0.021490203076479003,,valid,2025-04,True
2025-04,23-0000,2025-05,2025-06,2025-07,0.017642928662233468,,valid,2025-04,True
2025-04,25-0000,2025-05,2025-06,2025-07,0.04527824997934457,,valid,2025-04,False
2025-04,27-0000,2025-05,2025-06,2025-07,0.05141982241632753,,valid,2025-04,False
2025-04,29-0000,2025-05,2025-06,2025-07,0.017500033726081533,,valid,2025-04,False
2025-04,31-0000,2025-05,2025-06,2025-07,0.04645620809723553,,valid,2025-04,False
2025-04,33-0000,2025-05,2025-06,2025-07,0.0276664533108454,,valid,2025-04,True
2025-04,35-0000,2025-05,2025-06,2025-07,0.06718178174668964,,valid,2025-04,False
2025-04,37-0000,2025-05,2025-06,2025-07,0.0482299199310575,,valid,2025-04,False
2025-04,39-0000,2025-05,2025-06,2025-07,0.04085531172770584,,valid,2025-04,False
2025-04,41-0000,2025-05,2025-06,2025-07,0.0444861572842662,,valid,2025-04,False
2025-04,43-0000,2025-05,2025-06,2025-07,0.0377018088321948,,valid,2025-04,False
2025-04,45-0000,2025-05,2025-06,2025-07,0.05222038628725923,,valid,2025-04,True
2025-04,47-0000,2025-05,2025-06,2025-07,0.04167032999147937,,valid,2025-04,False
2025-04,49-0000,2025-05,2025-06,2025-07,0.028952382887569503,,valid,2025-04,True
2025-04,51-0000,2025-05,2025-06,2025-07,0.043025154200671566,,valid,2025-04,False
2025-04,53-0000,2025-05,2025-06,2025-07,0.061103796390972666,,valid,2025-04,False
2025-05,11-0000,2025-06,2025-07,2025-08,0.0197259618248129,,valid,2025-05,False
2025-05,13-0000,2025-06,2025-07,2025-08,0.027889397878688504,,valid,2025-05,False
2025-05,15-0000,2025-06,2025-07,2025-08,0.029803860261610204,,valid,2025-05,False
2025-05,17-0000,2025-06,2025-07,2025-08,0.0198515292210161,,valid,2025-05,True
2025-05,19-0000,2025-06,2025-07,2025-08,0.0382498103747172,,valid,2025-05,True
2025-05,21-0000,2025-06,2025-07,2025-08,0.0246179949246136,,valid,2025-05,True
2025-05,23-0000,2025-06,2025-07,2025-08,0.016361974438742464,,valid,2025-05,True
2025-05,25-0000,2025-06,2025-07,2025-08,0.05644458598440477,,valid,2025-05,False
2025-05,27-0000,2025-06,2025-07,2025-08,0.048468106990140127,,valid,2025-05,False
2025-05,29-0000,2025-06,2025-07,2025-08,0.019152225681372436,,valid,2025-05,False
2025-05,31-0000,2025-06,2025-07,2025-08,0.04768580778175153,,valid,2025-05,False
2025-05,33-0000,2025-06,2025-07,2025-08,0.02778970286679727,,valid,2025-05,True
2025-05,35-0000,2025-06,2025-07,2025-08,0.0685374773118929,,valid,2025-05,False
2025-05,37-0000,2025-06,2025-07,2025-08,0.056898895338901724,,valid,2025-05,False
2025-05,39-0000,2025-06,2025-07,2025-08,0.04308107520291787,,valid,2025-05,False
2025-05,41-0000,2025-06,2025-07,2025-08,0.04552660544007153,,valid,2025-05,False
2025-05,43-0000,2025-06,2025-07,2025-08,0.03952084730734977,,valid,2025-05,False
2025-05,45-0000,2025-06,2025-07,2025-08,0.05099629831517636,,valid,2025-05,True
2025-05,47-0000,2025-06,2025-07,2025-08,0.04218914667767057,,valid,2025-05,False
2025-05,49-0000,2025-06,2025-07,2025-08,0.028987385690368433,,valid,2025-05,True
2025-05,51-0000,2025-06,2025-07,2025-08,0.04014639460851093,,valid,2025-05,False
2025-05,53-0000,2025-06,2025-07,2025-08,0.06296868359916334,,valid,2025-05,False
2025-06,11-0000,2025-07,2025-08,2025-09,0.0187679019433038,,valid,2025-06,False
2025-06,13-0000,2025-07,2025-08,2025-09,0.02784375545324927,,valid,2025-06,False
2025-06,15-0000,2025-07,2025-08,2025-09,0.033423155585964835,,valid,2025-06,False
2025-06,17-0000,2025-07,2025-08,2025-09,0.021171661513584236,,valid,2025-06,True
2025-06,19-0000,2025-07,2025-08,2025-09,0.0420170897511774,,valid,2025-06,True
2025-06,21-0000,2025-07,2025-08,2025-09,0.025475212894176497,,valid,2025-06,True
2025-06,23-0000,2025-07,2025-08,2025-09,0.015467660713554066,,valid,2025-06,True
2025-06,25-0000,2025-07,2025-08,2025-09,0.04927675055632006,,valid,2025-06,False
2025-06,27-0000,2025-07,2025-08,2025-09,0.047404564412082205,,valid,2025-06,False
2025-06,29-0000,2025-07,2025-08,2025-09,0.0177894649539356,,valid,2025-06,False
2025-06,31-0000,2025-07,2025-08,2025-09,0.046354128764645196,,valid,2025-06,False
2025-06,33-0000,2025-07,2025-08,2025-09,0.025746537886015136,,valid,2025-06,True
2025-06,35-0000,2025-07,2025-08,2025-09,0.07186950660922284,,valid,2025-06,False
2025-06,37-0000,2025-07,2025-08,2025-09,0.0560905767127238,,valid,2025-06,False
2025-06,39-0000,2025-07,2025-08,2025-09,0.0488988558870036,,valid,2025-06,False
2025-06,41-0000,2025-07,2025-08,2025-09,0.045225453721724866,,valid,2025-06,False
2025-06,43-0000,2025-07,2025-08,2025-09,0.04223250507678853,,valid,2025-06,False
2025-06,45-0000,2025-07,2025-08,2025-09,0.05849921345418017,,valid,2025-06,True
2025-06,47-0000,2025-07,2025-08,2025-09,0.0397122724583888,,valid,2025-06,False
2025-06,49-0000,2025-07,2025-08,2025-09,0.02629124823047843,,valid,2025-06,True
2025-06,51-0000,2025-07,2025-08,2025-09,0.04533695903803007,,valid,2025-06,False
2025-06,53-0000,2025-07,2025-08,2025-09,0.06110263635492293,,valid,2025-06,False
2025-07,11-0000,2025-08,2025-09,2025-10,,,missing_calendar_month:2025-10,2025-07,True
2025-07,13-0000,2025-08,2025-09,2025-10,,,missing_calendar_month:2025-10,2025-07,True
2025-07,15-0000,2025-08,2025-09,2025-10,,,missing_calendar_month:2025-10,2025-07,True
2025-07,17-0000,2025-08,2025-09,2025-10,,,missing_calendar_month:2025-10,2025-07,True
2025-07,19-0000,2025-08,2025-09,2025-10,,,missing_calendar_month:2025-10,2025-07,True
2025-07,21-0000,2025-08,2025-09,2025-10,,,missing_calendar_month:2025-10,2025-07,True
2025-07,23-0000,2025-08,2025-09,2025-10,,,missing_calendar_month:2025-10,2025-07,True
2025-07,25-0000,2025-08,2025-09,2025-10,,,missing_calendar_month:2025-10,2025-07,True
2025-07,27-0000,2025-08,2025-09,2025-10,,,missing_calendar_month:2025-10,2025-07,True
2025-07,29-0000,2025-08,2025-09,2025-10,,,missing_calendar_month:2025-10,2025-07,True
2025-07,31-0000,2025-08,2025-09,2025-10,,,missing_calendar_month:2025-10,2025-07,True
2025-07,33-0000,2025-08,2025-09,2025-10,,,missing_calendar_month:2025-10,2025-07,True
2025-07,35-0000,2025-08,2025-09,2025-10,,,missing_calendar_month:2025-10,2025-07,True
2025-07,37-0000,2025-08,2025-09,2025-10,,,missing_calendar_month:2025-10,2025-07,True
2025-07,39-0000,2025-08,2025-09,2025-10,,,missing_calendar_month:2025-10,2025-07,True
2025-07,41-0000,2025-08,2025-09,2025-10,,,missing_calendar_month:2025-10,2025-07,True
2025-07,43-0000,2025-08,2025-09,2025-10,,,missing_calendar_month:2025-10,2025-07,True
2025-07,45-0000,2025-08,2025-09,2025-10,,,missing_calendar_month:2025-10,2025-07,True
2025-07,47-0000,2025-08,2025-09,2025-10,,,missing_calendar_month:2025-10,2025-07,True
2025-07,49-0000,2025-08,2025-09,2025-10,,,missing_calendar_month:2025-10,2025-07,True
2025-07,51-0000,2025-08,2025-09,2025-10,,,missing_calendar_month:2025-10,2025-07,True
2025-07,53-0000,2025-08,2025-09,2025-10,,,missing_calendar_month:2025-10,2025-07,True
2025-08,11-0000,2025-09,2025-10,2025-11,,,missing_calendar_month:2025-10,2025-08,True
2025-08,13-0000,2025-09,2025-10,2025-11,,,missing_calendar_month:2025-10,2025-08,True
2025-08,15-0000,2025-09,2025-10,2025-11,,,missing_calendar_month:2025-10,2025-08,True
2025-08,17-0000,2025-09,2025-10,2025-11,,,missing_calendar_month:2025-10,2025-08,True
2025-08,19-0000,2025-09,2025-10,2025-11,,,missing_calendar_month:2025-10,2025-08,True
2025-08,21-0000,2025-09,2025-10,2025-11,,,missing_calendar_month:2025-10,2025-08,True
2025-08,23-0000,2025-09,2025-10,2025-11,,,missing_calendar_month:2025-10,2025-08,True
2025-08,25-0000,2025-09,2025-10,2025-11,,,missing_calendar_month:2025-10,2025-08,True
2025-08,27-0000,2025-09,2025-10,2025-11,,,missing_calendar_month:2025-10,2025-08,True
2025-08,29-0000,2025-09,2025-10,2025-11,,,missing_calendar_month:2025-10,2025-08,True
2025-08,31-0000,2025-09,2025-10,2025-11,,,missing_calendar_month:2025-10,2025-08,True
2025-08,33-0000,2025-09,2025-10,2025-11,,,missing_calendar_month:2025-10,2025-08,True
2025-08,35-0000,2025-09,2025-10,2025-11,,,missing_calendar_month:2025-10,2025-08,True
2025-08,37-0000,2025-09,2025-10,2025-11,,,missing_calendar_month:2025-10,2025-08,True
2025-08,39-0000,2025-09,2025-10,2025-11,,,missing_calendar_month:2025-10,2025-08,True
2025-08,41-0000,2025-09,2025-10,2025-11,,,missing_calendar_month:2025-10,2025-08,True
2025-08,43-0000,2025-09,2025-10,2025-11,,,missing_calendar_month:2025-10,2025-08,True
2025-08,45-0000,2025-09,2025-10,2025-11,,,missing_calendar_month:2025-10,2025-08,True
2025-08,47-0000,2025-09,2025-10,2025-11,,,missing_calendar_month:2025-10,2025-08,True
2025-08,49-0000,2025-09,2025-10,2025-11,,,missing_calendar_month:2025-10,2025-08,True
2025-08,51-0000,2025-09,2025-10,2025-11,,,missing_calendar_month:2025-10,2025-08,True
2025-08,53-0000,2025-09,2025-10,2025-11,,,missing_calendar_month:2025-10,2025-08,True
2025-09,11-0000,2025-10,2025-11,2025-12,,,missing_calendar_month:2025-10,2025-09,True
2025-09,13-0000,2025-10,2025-11,2025-12,,,missing_calendar_month:2025-10,2025-09,True
2025-09,15-0000,2025-10,2025-11,2025-12,,,missing_calendar_month:2025-10,2025-09,True
2025-09,17-0000,2025-10,2025-11,2025-12,,,missing_calendar_month:2025-10,2025-09,True
2025-09,19-0000,2025-10,2025-11,2025-12,,,missing_calendar_month:2025-10,2025-09,True
2025-09,21-0000,2025-10,2025-11,2025-12,,,missing_calendar_month:2025-10,2025-09,True
2025-09,23-0000,2025-10,2025-11,2025-12,,,missing_calendar_month:2025-10,2025-09,True
2025-09,25-0000,2025-10,2025-11,2025-12,,,missing_calendar_month:2025-10,2025-09,True
2025-09,27-0000,2025-10,2025-11,2025-12,,,missing_calendar_month:2025-10,2025-09,True
2025-09,29-0000,2025-10,2025-11,2025-12,,,missing_calendar_month:2025-10,2025-09,True
2025-09,31-0000,2025-10,2025-11,2025-12,,,missing_calendar_month:2025-10,2025-09,True
2025-09,33-0000,2025-10,2025-11,2025-12,,,missing_calendar_month:2025-10,2025-09,True
2025-09,35-0000,2025-10,2025-11,2025-12,,,missing_calendar_month:2025-10,2025-09,True
2025-09,37-0000,2025-10,2025-11,2025-12,,,missing_calendar_month:2025-10,2025-09,True
2025-09,39-0000,2025-10,2025-11,2025-12,,,missing_calendar_month:2025-10,2025-09,True
2025-09,41-0000,2025-10,2025-11,2025-12,,,missing_calendar_month:2025-10,2025-09,True
2025-09,43-0000,2025-10,2025-11,2025-12,,,missing_calendar_month:2025-10,2025-09,True
2025-09,45-0000,2025-10,2025-11,2025-12,,,missing_calendar_month:2025-10,2025-09,True
2025-09,47-0000,2025-10,2025-11,2025-12,,,missing_calendar_month:2025-10,2025-09,True
2025-09,49-0000,2025-10,2025-11,2025-12,,,missing_calendar_month:2025-10,2025-09,True
2025-09,51-0000,2025-10,2025-11,2025-12,,,missing_calendar_month:2025-10,2025-09,True
2025-09,53-0000,2025-10,2025-11,2025-12,,,missing_calendar_month:2025-10,2025-09,True
2025-11,11-0000,2025-12,2026-01,2026-02,0.025066559725346434,,valid,2025-11,False
2025-11,13-0000,2025-12,2026-01,2026-02,0.029982588129397036,,valid,2025-11,False
2025-11,15-0000,2025-12,2026-01,2026-02,0.035875632891846136,,valid,2025-11,False
2025-11,17-0000,2025-12,2026-01,2026-02,0.020224402527585967,,valid,2025-11,True
2025-11,19-0000,2025-12,2026-01,2026-02,0.035061541288133435,,valid,2025-11,True
2025-11,21-0000,2025-12,2026-01,2026-02,0.019245075504168898,,valid,2025-11,True
2025-11,23-0000,2025-12,2026-01,2026-02,0.0191643434745935,,valid,2025-11,True
2025-11,25-0000,2025-12,2026-01,2026-02,0.02246334880932557,,valid,2025-11,False
2025-11,27-0000,2025-12,2026-01,2026-02,0.06017415352318187,,valid,2025-11,False
2025-11,29-0000,2025-12,2026-01,2026-02,0.012785680915914734,,valid,2025-11,True
2025-11,31-0000,2025-12,2026-01,2026-02,0.043139454139101634,,valid,2025-11,False
2025-11,33-0000,2025-12,2026-01,2026-02,0.031903366751090866,,valid,2025-11,True
2025-11,35-0000,2025-12,2026-01,2026-02,0.0657108134493753,,valid,2025-11,False
2025-11,37-0000,2025-12,2026-01,2026-02,0.07205875706792414,,valid,2025-11,False
2025-11,39-0000,2025-12,2026-01,2026-02,0.0472382851081549,,valid,2025-11,False
2025-11,41-0000,2025-12,2026-01,2026-02,0.049279472778140175,,valid,2025-11,False
2025-11,43-0000,2025-12,2026-01,2026-02,0.042269632164596636,,valid,2025-11,False
2025-11,45-0000,2025-12,2026-01,2026-02,0.12109460229923746,,valid,2025-11,True
2025-11,47-0000,2025-12,2026-01,2026-02,0.07387900646480813,,valid,2025-11,False
2025-11,49-0000,2025-12,2026-01,2026-02,0.03378105670462997,,valid,2025-11,False
2025-11,51-0000,2025-12,2026-01,2026-02,0.040636903107468265,,valid,2025-11,False
2025-11,53-0000,2025-12,2026-01,2026-02,0.058562834077291764,,valid,2025-11,False
2025-12,11-0000,2026-01,2026-02,2026-03,0.027171767192400036,,valid,2025-12,False
2025-12,13-0000,2026-01,2026-02,2026-03,0.02605359224425043,,valid,2025-12,False
2025-12,15-0000,2026-01,2026-02,2026-03,0.03778808000735077,,valid,2025-12,False
2025-12,17-0000,2026-01,2026-02,2026-03,0.0227389636154894,,valid,2025-12,True
2025-12,19-0000,2026-01,2026-02,2026-03,0.03285275566181,,valid,2025-12,True
2025-12,21-0000,2026-01,2026-02,2026-03,0.020018327001751466,,valid,2025-12,True
2025-12,23-0000,2026-01,2026-02,2026-03,0.016833793684952667,,valid,2025-12,True
2025-12,25-0000,2026-01,2026-02,2026-03,0.025729966203111233,,valid,2025-12,False
2025-12,27-0000,2026-01,2026-02,2026-03,0.04924315201420137,,valid,2025-12,True
2025-12,29-0000,2026-01,2026-02,2026-03,0.013766101353438434,,valid,2025-12,True
2025-12,31-0000,2026-01,2026-02,2026-03,0.04101414670561357,,valid,2025-12,False
2025-12,33-0000,2026-01,2026-02,2026-03,0.028071486442012267,,valid,2025-12,True
2025-12,35-0000,2026-01,2026-02,2026-03,0.0685315562370085,,valid,2025-12,False
2025-12,37-0000,2026-01,2026-02,2026-03,0.07614696011978363,,valid,2025-12,False
2025-12,39-0000,2026-01,2026-02,2026-03,0.04948279026918826,,valid,2025-12,False
2025-12,41-0000,2026-01,2026-02,2026-03,0.05110693183081297,,valid,2025-12,False
2025-12,43-0000,2026-01,2026-02,2026-03,0.04107829646579764,,valid,2025-12,False
2025-12,45-0000,2026-01,2026-02,2026-03,0.12631621399982088,,valid,2025-12,True
2025-12,47-0000,2026-01,2026-02,2026-03,0.0810396826113197,,valid,2025-12,False
2025-12,49-0000,2026-01,2026-02,2026-03,0.03424033488580023,,valid,2025-12,False
2025-12,51-0000,2026-01,2026-02,2026-03,0.04213174594479654,,valid,2025-12,False
2025-12,53-0000,2026-01,2026-02,2026-03,0.06150067987310287,,valid,2025-12,False
2026-01,11-0000,2026-02,2026-03,2026-04,0.026442811812049837,,valid,2026-01,False
2026-01,13-0000,2026-02,2026-03,2026-04,0.0244440978391932,,valid,2026-01,False
2026-01,15-0000,2026-02,2026-03,2026-04,0.03723329163395147,,valid,2026-01,False
2026-01,17-0000,2026-02,2026-03,2026-04,0.023232263336159565,,valid,2026-01,True
2026-01,19-0000,2026-02,2026-03,2026-04,0.028812554067032165,,valid,2026-01,True
2026-01,21-0000,2026-02,2026-03,2026-04,0.016481605697801934,,valid,2026-01,True
2026-01,23-0000,2026-02,2026-03,2026-04,0.016998297660979034,,valid,2026-01,True
2026-01,25-0000,2026-02,2026-03,2026-04,0.0236359447919656,,valid,2026-01,False
2026-01,27-0000,2026-02,2026-03,2026-04,0.039174347195425833,,valid,2026-01,True
2026-01,29-0000,2026-02,2026-03,2026-04,0.012758940742323699,,valid,2026-01,True
2026-01,31-0000,2026-02,2026-03,2026-04,0.04118103936190743,,valid,2026-01,False
2026-01,33-0000,2026-02,2026-03,2026-04,0.025852571921124366,,valid,2026-01,True
2026-01,35-0000,2026-02,2026-03,2026-04,0.0663407017263281,,valid,2026-01,False
2026-01,37-0000,2026-02,2026-03,2026-04,0.06700279314632167,,valid,2026-01,False
2026-01,39-0000,2026-02,2026-03,2026-04,0.04867099170983626,,valid,2026-01,False
2026-01,41-0000,2026-02,2026-03,2026-04,0.0475503587797473,,valid,2026-01,False
2026-01,43-0000,2026-02,2026-03,2026-04,0.0411086654593285,,valid,2026-01,False
2026-01,45-0000,2026-02,2026-03,2026-04,0.10388220490755413,,valid,2026-01,True
2026-01,47-0000,2026-02,2026-03,2026-04,0.0688514181478633,,valid,2026-01,False
2026-01,49-0000,2026-02,2026-03,2026-04,0.035541135120305135,,valid,2026-01,False
2026-01,51-0000,2026-02,2026-03,2026-04,0.038231629964718766,,valid,2026-01,False
2026-01,53-0000,2026-02,2026-03,2026-04,0.06077303749795387,,valid,2026-01,False
2026-02,11-0000,2026-03,2026-04,2026-05,0.025108838517351236,,valid,2026-02,False
2026-02,13-0000,2026-03,2026-04,2026-05,0.022438316696789366,,valid,2026-02,False
2026-02,15-0000,2026-03,2026-04,2026-05,0.034975481223366134,,valid,2026-02,False
2026-02,17-0000,2026-03,2026-04,2026-05,0.018785002342105932,,valid,2026-02,True
2026-02,19-0000,2026-03,2026-04,2026-05,0.031366752275138736,,valid,2026-02,True
2026-02,21-0000,2026-03,2026-04,2026-05,0.015882545718786,,valid,2026-02,True
2026-02,23-0000,2026-03,2026-04,2026-05,0.0138528126440244,,valid,2026-02,True
2026-02,25-0000,2026-03,2026-04,2026-05,0.0240248309946202,,valid,2026-02,False
2026-02,27-0000,2026-03,2026-04,2026-05,0.04015076533893333,,valid,2026-02,True
2026-02,29-0000,2026-03,2026-04,2026-05,0.0154285311060827,,valid,2026-02,False
2026-02,31-0000,2026-03,2026-04,2026-05,0.0406429155654257,,valid,2026-02,False
2026-02,33-0000,2026-03,2026-04,2026-05,0.026536164539189833,,valid,2026-02,True
2026-02,35-0000,2026-03,2026-04,2026-05,0.0634010208778434,,valid,2026-02,False
2026-02,37-0000,2026-03,2026-04,2026-05,0.053548059604682396,,valid,2026-02,False
2026-02,39-0000,2026-03,2026-04,2026-05,0.04750727260352013,,valid,2026-02,False
2026-02,41-0000,2026-03,2026-04,2026-05,0.04324234570383917,,valid,2026-02,False
2026-02,43-0000,2026-03,2026-04,2026-05,0.038470959921575135,,valid,2026-02,False
2026-02,45-0000,2026-03,2026-04,2026-05,0.08289768495691686,,valid,2026-02,True
2026-02,47-0000,2026-03,2026-04,2026-05,0.05745136043386523,,valid,2026-02,False
2026-02,49-0000,2026-03,2026-04,2026-05,0.03387246900065343,,valid,2026-02,False
2026-02,51-0000,2026-03,2026-04,2026-05,0.0369622198746232,,valid,2026-02,False
2026-02,53-0000,2026-03,2026-04,2026-05,0.056999475135038606,,valid,2026-02,False
2026-03,11-0000,2026-04,2026-05,2026-06,0.0234187292365907,,valid,2026-03,False
2026-03,13-0000,2026-04,2026-05,2026-06,0.026871975287073097,,valid,2026-03,False
2026-03,15-0000,2026-04,2026-05,2026-06,0.03153024789429446,,valid,2026-03,False
2026-03,17-0000,2026-04,2026-05,2026-06,0.0168168998382558,,valid,2026-03,True
2026-03,19-0000,2026-04,2026-05,2026-06,0.030438532038818262,,valid,2026-03,True
2026-03,21-0000,2026-04,2026-05,2026-06,0.014213874157544467,,valid,2026-03,True
2026-03,23-0000,2026-04,2026-05,2026-06,0.013287207184809533,,valid,2026-03,True
2026-03,25-0000,2026-04,2026-05,2026-06,0.030167798912107868,,valid,2026-03,False
2026-03,27-0000,2026-04,2026-05,2026-06,0.0486508911611549,,valid,2026-03,False
2026-03,29-0000,2026-04,2026-05,2026-06,0.0166314359665108,,valid,2026-03,False
2026-03,31-0000,2026-04,2026-05,2026-06,0.040094985200809,,valid,2026-03,False
2026-03,33-0000,2026-04,2026-05,2026-06,0.0333274314946844,,valid,2026-03,True
2026-03,35-0000,2026-04,2026-05,2026-06,0.06059811488240974,,valid,2026-03,False
2026-03,37-0000,2026-04,2026-05,2026-06,0.044164072035437006,,valid,2026-03,False
2026-03,39-0000,2026-04,2026-05,2026-06,0.048146625721541735,,valid,2026-03,False
2026-03,41-0000,2026-04,2026-05,2026-06,0.039193170245013,,valid,2026-03,False
2026-03,43-0000,2026-04,2026-05,2026-06,0.03890749662686766,,valid,2026-03,False
2026-03,45-0000,2026-04,2026-05,2026-06,0.05974055850493026,,valid,2026-03,True
2026-03,47-0000,2026-04,2026-05,2026-06,0.0529033313290592,,valid,2026-03,False
2026-03,49-0000,2026-04,2026-05,2026-06,0.0294556078562134,,valid,2026-03,False
2026-03,51-0000,2026-04,2026-05,2026-06,0.0365562534652096,,valid,2026-03,False
2026-03,53-0000,2026-04,2026-05,2026-06,0.056061856733472165,,valid,2026-03,False
2026-04,11-0000,2026-05,2026-06,2026-07,0.02226946117274403,,valid,2026-04,False
2026-04,13-0000,2026-05,2026-06,2026-07,0.028919660081659998,,valid,2026-04,False
2026-04,15-0000,2026-05,2026-06,2026-07,0.0288571579003062,,valid,2026-04,False
2026-04,17-0000,2026-05,2026-06,2026-07,0.017598692069899436,,valid,2026-04,True
2026-04,19-0000,2026-05,2026-06,2026-07,0.029958645458474265,,valid,2026-04,True
2026-04,21-0000,2026-05,2026-06,2026-07,0.017872354283752532,,valid,2026-04,True
2026-04,23-0000,2026-05,2026-06,2026-07,0.0114860037514743,,valid,2026-04,True
2026-04,25-0000,2026-05,2026-06,2026-07,0.045577714504199306,,valid,2026-04,False
2026-04,27-0000,2026-05,2026-06,2026-07,0.057034810954861764,,valid,2026-04,False
2026-04,29-0000,2026-05,2026-06,2026-07,0.0176601430124826,,valid,2026-04,False
2026-04,31-0000,2026-05,2026-06,2026-07,0.042511445977117535,,valid,2026-04,False
2026-04,33-0000,2026-05,2026-06,2026-07,0.03599309332013677,,valid,2026-04,True
2026-04,35-0000,2026-05,2026-06,2026-07,0.06369441337536506,,valid,2026-04,False
2026-04,37-0000,2026-05,2026-06,2026-07,0.04151660587459887,,valid,2026-04,False
2026-04,39-0000,2026-05,2026-06,2026-07,0.05110736934321031,,valid,2026-04,False
2026-04,41-0000,2026-05,2026-06,2026-07,0.039012093897155264,,valid,2026-04,False
2026-04,43-0000,2026-05,2026-06,2026-07,0.038904980711018465,,valid,2026-04,False
2026-04,45-0000,2026-05,2026-06,2026-07,0.047423993778328837,,valid,2026-04,True
2026-04,47-0000,2026-05,2026-06,2026-07,0.05289158013418816,,valid,2026-04,False
2026-04,49-0000,2026-05,2026-06,2026-07,0.024379030820802634,,valid,2026-04,True
2026-04,51-0000,2026-05,2026-06,2026-07,0.03614936945129483,,valid,2026-04,False
2026-04,53-0000,2026-05,2026-06,2026-07,0.0545150348062432,,valid,2026-04,False
2026-05,11-0000,2026-06,2026-07,2026-08,0.020587223959877998,,valid,2026-05,False
2026-05,13-0000,2026-06,2026-07,2026-08,0.03289795056606653,,valid,2026-05,False
2026-05,15-0000,2026-06,2026-07,2026-08,0.029029881292345235,,valid,2026-05,False
2026-05,17-0000,2026-06,2026-07,2026-08,0.016156045306073168,,valid,2026-05,True
2026-05,19-0000,2026-06,2026-07,2026-08,0.02243320693699433,,valid,2026-05,True
2026-05,21-0000,2026-06,2026-07,2026-08,0.023619554519961134,,valid,2026-05,True
2026-05,23-0000,2026-06,2026-07,2026-08,0.011912420729772033,,valid,2026-05,True
2026-05,25-0000,2026-06,2026-07,2026-08,0.054733032295359606,,valid,2026-05,False
2026-05,27-0000,2026-06,2026-07,2026-08,0.06632763299964793,,valid,2026-05,False
2026-05,29-0000,2026-06,2026-07,2026-08,0.017196190706808567,,valid,2026-05,False
2026-05,31-0000,2026-06,2026-07,2026-08,0.04426976300864583,,valid,2026-05,False
2026-05,33-0000,2026-06,2026-07,2026-08,0.0383030338268907,,valid,2026-05,True
2026-05,35-0000,2026-06,2026-07,2026-08,0.06592831223203977,,valid,2026-05,False
2026-05,37-0000,2026-06,2026-07,2026-08,0.04601397799933283,,valid,2026-05,False
2026-05,39-0000,2026-06,2026-07,2026-08,0.0516640619123012,,valid,2026-05,False
2026-05,41-0000,2026-06,2026-07,2026-08,0.04064810071398293,,valid,2026-05,False
2026-05,43-0000,2026-06,2026-07,2026-08,0.037280248558674504,,valid,2026-05,False
2026-05,45-0000,2026-06,2026-07,2026-08,0.047509606691265166,,valid,2026-05,True
2026-05,47-0000,2026-06,2026-07,2026-08,0.051837393478493365,,valid,2026-05,False
2026-05,49-0000,2026-06,2026-07,2026-08,0.025619515988740266,,valid,2026-05,True
2026-05,51-0000,2026-06,2026-07,2026-08,0.03707938530114357,,valid,2026-05,False
2026-05,53-0000,2026-06,2026-07,2026-08,0.0556346817627483,,valid,2026-05,False
2026-06,11-0000,2026-07,2026-08,2026-09,,,missing_calendar_month:2026-09,2026-06,True
2026-06,13-0000,2026-07,2026-08,2026-09,,,missing_calendar_month:2026-09,2026-06,True
2026-06,15-0000,2026-07,2026-08,2026-09,,,missing_calendar_month:2026-09,2026-06,True
2026-06,17-0000,2026-07,2026-08,2026-09,,,missing_calendar_month:2026-09,2026-06,True
2026-06,19-0000,2026-07,2026-08,2026-09,,,missing_calendar_month:2026-09,2026-06,True
2026-06,21-0000,2026-07,2026-08,2026-09,,,missing_calendar_month:2026-09,2026-06,True
2026-06,23-0000,2026-07,2026-08,2026-09,,,missing_calendar_month:2026-09,2026-06,True
2026-06,25-0000,2026-07,2026-08,2026-09,,,missing_calendar_month:2026-09,2026-06,True
2026-06,27-0000,2026-07,2026-08,2026-09,,,missing_calendar_month:2026-09,2026-06,True
2026-06,29-0000,2026-07,2026-08,2026-09,,,missing_calendar_month:2026-09,2026-06,True
2026-06,31-0000,2026-07,2026-08,2026-09,,,missing_calendar_month:2026-09,2026-06,True
2026-06,33-0000,2026-07,2026-08,2026-09,,,missing_calendar_month:2026-09,2026-06,True
2026-06,35-0000,2026-07,2026-08,2026-09,,,missing_calendar_month:2026-09,2026-06,True
2026-06,37-0000,2026-07,2026-08,2026-09,,,missing_calendar_month:2026-09,2026-06,True
2026-06,39-0000,2026-07,2026-08,2026-09,,,missing_calendar_month:2026-09,2026-06,True
2026-06,41-0000,2026-07,2026-08,2026-09,,,missing_calendar_month:2026-09,2026-06,True
2026-06,43-0000,2026-07,2026-08,2026-09,,,missing_calendar_month:2026-09,2026-06,True
2026-06,45-0000,2026-07,2026-08,2026-09,,,missing_calendar_month:2026-09,2026-06,True
2026-06,47-0000,2026-07,2026-08,2026-09,,,missing_calendar_month:2026-09,2026-06,True
2026-06,49-0000,2026-07,2026-08,2026-09,,,missing_calendar_month:2026-09,2026-06,True
2026-06,51-0000,2026-07,2026-08,2026-09,,,missing_calendar_month:2026-09,2026-06,True
2026-06,53-0000,2026-07,2026-08,2026-09,,,missing_calendar_month:2026-09,2026-06,True
2026-07,11-0000,2026-08,2026-09,2026-10,,,"missing_calendar_month:2026-09,2026-10",2026-07,True
2026-07,13-0000,2026-08,2026-09,2026-10,,,"missing_calendar_month:2026-09,2026-10",2026-07,True
2026-07,15-0000,2026-08,2026-09,2026-10,,,"missing_calendar_month:2026-09,2026-10",2026-07,True
2026-07,17-0000,2026-08,2026-09,2026-10,,,"missing_calendar_month:2026-09,2026-10",2026-07,True
2026-07,19-0000,2026-08,2026-09,2026-10,,,"missing_calendar_month:2026-09,2026-10",2026-07,True
2026-07,21-0000,2026-08,2026-09,2026-10,,,"missing_calendar_month:2026-09,2026-10",2026-07,True
2026-07,23-0000,2026-08,2026-09,2026-10,,,"missing_calendar_month:2026-09,2026-10",2026-07,True
2026-07,25-0000,2026-08,2026-09,2026-10,,,"missing_calendar_month:2026-09,2026-10",2026-07,True
2026-07,27-0000,2026-08,2026-09,2026-10,,,"missing_calendar_month:2026-09,2026-10",2026-07,True
2026-07,29-0000,2026-08,2026-09,2026-10,,,"missing_calendar_month:2026-09,2026-10",2026-07,True
2026-07,31-0000,2026-08,2026-09,2026-10,,,"missing_calendar_month:2026-09,2026-10",2026-07,True
2026-07,33-0000,2026-08,2026-09,2026-10,,,"missing_calendar_month:2026-09,2026-10",2026-07,True
2026-07,35-0000,2026-08,2026-09,2026-10,,,"missing_calendar_month:2026-09,2026-10",2026-07,True
2026-07,37-0000,2026-08,2026-09,2026-10,,,"missing_calendar_month:2026-09,2026-10",2026-07,True
2026-07,39-0000,2026-08,2026-09,2026-10,,,"missing_calendar_month:2026-09,2026-10",2026-07,True
2026-07,41-0000,2026-08,2026-09,2026-10,,,"missing_calendar_month:2026-09,2026-10",2026-07,True
2026-07,43-0000,2026-08,2026-09,2026-10,,,"missing_calendar_month:2026-09,2026-10",2026-07,True
2026-07,45-0000,2026-08,2026-09,2026-10,,,"missing_calendar_month:2026-09,2026-10",2026-07,True
2026-07,47-0000,2026-08,2026-09,2026-10,,,"missing_calendar_month:2026-09,2026-10",2026-07,True
2026-07,49-0000,2026-08,2026-09,2026-10,,,"missing_calendar_month:2026-09,2026-10",2026-07,True
2026-07,51-0000,2026-08,2026-09,2026-10,,,"missing_calendar_month:2026-09,2026-10",2026-07,True
2026-07,53-0000,2026-08,2026-09,2026-10,,,"missing_calendar_month:2026-09,2026-10",2026-07,True
2026-08,11-0000,2026-09,2026-10,2026-11,,,"missing_calendar_month:2026-09,2026-10,2026-11",2026-08,True
2026-08,13-0000,2026-09,2026-10,2026-11,,,"missing_calendar_month:2026-09,2026-10,2026-11",2026-08,True
2026-08,15-0000,2026-09,2026-10,2026-11,,,"missing_calendar_month:2026-09,2026-10,2026-11",2026-08,True
2026-08,17-0000,2026-09,2026-10,2026-11,,,"missing_calendar_month:2026-09,2026-10,2026-11",2026-08,True
2026-08,19-0000,2026-09,2026-10,2026-11,,,"missing_calendar_month:2026-09,2026-10,2026-11",2026-08,True
2026-08,21-0000,2026-09,2026-10,2026-11,,,"missing_calendar_month:2026-09,2026-10,2026-11",2026-08,True
2026-08,23-0000,2026-09,2026-10,2026-11,,,"missing_calendar_month:2026-09,2026-10,2026-11",2026-08,True
2026-08,25-0000,2026-09,2026-10,2026-11,,,"missing_calendar_month:2026-09,2026-10,2026-11",2026-08,True
2026-08,27-0000,2026-09,2026-10,2026-11,,,"missing_calendar_month:2026-09,2026-10,2026-11",2026-08,True
2026-08,29-0000,2026-09,2026-10,2026-11,,,"missing_calendar_month:2026-09,2026-10,2026-11",2026-08,True
2026-08,31-0000,2026-09,2026-10,2026-11,,,"missing_calendar_month:2026-09,2026-10,2026-11",2026-08,True
2026-08,33-0000,2026-09,2026-10,2026-11,,,"missing_calendar_month:2026-09,2026-10,2026-11",2026-08,True
2026-08,35-0000,2026-09,2026-10,2026-11,,,"missing_calendar_month:2026-09,2026-10,2026-11",2026-08,True
2026-08,37-0000,2026-09,2026-10,2026-11,,,"missing_calendar_month:2026-09,2026-10,2026-11",2026-08,True
2026-08,39-0000,2026-09,2026-10,2026-11,,,"missing_calendar_month:2026-09,2026-10,2026-11",2026-08,True
2026-08,41-0000,2026-09,2026-10,2026-11,,,"missing_calendar_month:2026-09,2026-10,2026-11",2026-08,True
2026-08,43-0000,2026-09,2026-10,2026-11,,,"missing_calendar_month:2026-09,2026-10,2026-11",2026-08,True
2026-08,45-0000,2026-09,2026-10,2026-11,,,"missing_calendar_month:2026-09,2026-10,2026-11",2026-08,True
2026-08,47-0000,2026-09,2026-10,2026-11,,,"missing_calendar_month:2026-09,2026-10,2026-11",2026-08,True
2026-08,49-0000,2026-09,2026-10,2026-11,,,"missing_calendar_month:2026-09,2026-10,2026-11",2026-08,True
2026-08,51-0000,2026-09,2026-10,2026-11,,,"missing_calendar_month:2026-09,2026-10,2026-11",2026-08,True
2026-08,53-0000,2026-09,2026-10,2026-11,,,"missing_calendar_month:2026-09,2026-10,2026-11",2026-08,True
