source_code_version,source_code,source_title,source_soc_code,target_code_candidates,target_soc_major_candidates,occupation_group,occupation_group_title,civilian_group,mapping_rule,mapping_status
census_2010,0010,Chief Executives,11-1011,0010,11,11-0000,Management Occupations,true,official_2010_to_2018_bridge_unique_SOC_major_group,mapped
census_2010,0020,General and Operations Managers,11-1021,0020,11,11-0000,Management Occupations,true,official_2010_to_2018_bridge_unique_SOC_major_group,mapped
census_2010,0030,Legislators,11-1031,0030,11,11-0000,Management Occupations,true,official_2010_to_2018_bridge_unique_SOC_major_group,mapped
census_2010,0040,Advertising and Promotions Managers,11-2011,0040,11,11-0000,Management Occupations,true,official_2010_to_2018_bridge_unique_SOC_major_group,mapped
census_2010,0050,Marketing and Sales Managers,11-2020,0051;0052,11,11-0000,Management Occupations,true,official_2010_to_2018_bridge_unique_SOC_major_group,mapped
census_2010,0060,Public Relations and Fundraising Managers,11-2031,0060,11,11-0000,Management Occupations,true,official_2010_to_2018_bridge_unique_SOC_major_group,mapped
census_2010,0100,Administrative Services Managers,11-3011,0101;0102,11,11-0000,Management Occupations,true,official_2010_to_2018_bridge_unique_SOC_major_group,mapped
census_2010,0110,Computer and Information Systems Managers,11-3021,0110,11,11-0000,Management Occupations,true,official_2010_to_2018_bridge_unique_SOC_major_group,mapped
census_2010,0120,Financial Managers,11-3031,0120,11,11-0000,Management Occupations,true,official_2010_to_2018_bridge_unique_SOC_major_group,mapped
census_2010,0135,Compensation and Benefits Managers,11-3111,0135,11,11-0000,Management Occupations,true,official_2010_to_2018_bridge_unique_SOC_major_group,mapped
census_2010,0136,Human Resources Managers,11-3121,0136,11,11-0000,Management Occupations,true,official_2010_to_2018_bridge_unique_SOC_major_group,mapped
census_2010,0137,Training and Development Managers,11-3131,0137,11,11-0000,Management Occupations,true,official_2010_to_2018_bridge_unique_SOC_major_group,mapped
census_2010,0140,Industrial Production Managers,11-3051,0140,11,11-0000,Management Occupations,true,official_2010_to_2018_bridge_unique_SOC_major_group,mapped
census_2010,0150,Purchasing Managers,11-3061,0150,11,11-0000,Management Occupations,true,official_2010_to_2018_bridge_unique_SOC_major_group,mapped
census_2010,0160,"Transportation, Storage, and Distribution Managers",11-3071,0160,11,11-0000,Management Occupations,true,official_2010_to_2018_bridge_unique_SOC_major_group,mapped
census_2010,0205,"Farmers, Ranchers, and Other Agricultural Managers",11-9013,0205,11,11-0000,Management Occupations,true,official_2010_to_2018_bridge_unique_SOC_major_group,mapped
census_2010,0220,Construction Managers,11-9021,0220,11,11-0000,Management Occupations,true,official_2010_to_2018_bridge_unique_SOC_major_group,mapped
census_2010,0230,Education Administrators,11-9030,0230,11,11-0000,Management Occupations,true,official_2010_to_2018_bridge_unique_SOC_major_group,mapped
census_2010,0300,Architectural and Engineering Managers,11-9041,0300,11,11-0000,Management Occupations,true,official_2010_to_2018_bridge_unique_SOC_major_group,mapped
census_2010,0310,Food Service Managers,11-9051,0310,11,11-0000,Management Occupations,true,official_2010_to_2018_bridge_unique_SOC_major_group,mapped
census_2010,0325,Funeral Service Managers,11-9061,0325,11,11-0000,Management Occupations,true,official_2010_to_2018_bridge_unique_SOC_major_group,mapped
census_2010,0330,Gaming Managers,11-9071,0335,11,11-0000,Management Occupations,true,official_2010_to_2018_bridge_unique_SOC_major_group,mapped
census_2010,0340,Lodging Managers,11-9081,0340,11,11-0000,Management Occupations,true,official_2010_to_2018_bridge_unique_SOC_major_group,mapped
census_2010,0350,Medical and Health Services Managers,11-9111,0350,11,11-0000,Management Occupations,true,official_2010_to_2018_bridge_unique_SOC_major_group,mapped
census_2010,0360,Natural Sciences Managers,11-9121,0360,11,11-0000,Management Occupations,true,official_2010_to_2018_bridge_unique_SOC_major_group,mapped
census_2010,0400,Postmasters and Mail Superintendents,11-9131,0400,11,11-0000,Management Occupations,true,official_2010_to_2018_bridge_unique_SOC_major_group,mapped
census_2010,0410,"Property, Real Estate, and Community Association Managers",11-9141,0410,11,11-0000,Management Occupations,true,official_2010_to_2018_bridge_unique_SOC_major_group,mapped
census_2010,0420,Social and Community Service Managers,11-9151,0420,11,11-0000,Management Occupations,true,official_2010_to_2018_bridge_unique_SOC_major_group,mapped
census_2010,0425,Emergency Management Directors,11-9161,0425,11,11-0000,Management Occupations,true,official_2010_to_2018_bridge_unique_SOC_major_group,mapped
census_2010,0430,"Managers, All Other",11-9199,0335;0426;0440;0705,11;13,,,false,official_bridge_no_probability_allocation,unmapped_ambiguous_cross_year_major_group
census_2010,0500,"Agents and Business Managers of Artists, Performers, and Athletes",13-1011,0500,13,13-0000,Business and Financial Operations Occupations,true,official_2010_to_2018_bridge_unique_SOC_major_group,mapped
census_2010,0510,"Buyers and Purchasing Agents, Farm Products",13-1021,0510,13,13-0000,Business and Financial Operations Occupations,true,official_2010_to_2018_bridge_unique_SOC_major_group,mapped
census_2010,0520,"Wholesale and Retail Buyers, Except Farm Products",13-1022,0520,13,13-0000,Business and Financial Operations Occupations,true,official_2010_to_2018_bridge_unique_SOC_major_group,mapped
census_2010,0530,"Purchasing Agents, Except Wholesale, Retail, and Farm Products",13-1023,0530,13,13-0000,Business and Financial Operations Occupations,true,official_2010_to_2018_bridge_unique_SOC_major_group,mapped
census_2010,0540,"Claims Adjusters, Appraisers, Examiners, and Investigators",13-1030,0540,13,13-0000,Business and Financial Operations Occupations,true,official_2010_to_2018_bridge_unique_SOC_major_group,mapped
census_2010,0565,Compliance Officers,13-1041,0565,13,13-0000,Business and Financial Operations Occupations,true,official_2010_to_2018_bridge_unique_SOC_major_group,mapped
census_2010,0600,Cost Estimators,13-1051,0600,13,13-0000,Business and Financial Operations Occupations,true,official_2010_to_2018_bridge_unique_SOC_major_group,mapped
census_2010,0630,Human Resources Workers,13-1070,0630,13,13-0000,Business and Financial Operations Occupations,true,official_2010_to_2018_bridge_unique_SOC_major_group,mapped
census_2010,0640,"Compensation, Benefits, and Job Analysis Specialists",13-1141,0640,13,13-0000,Business and Financial Operations Occupations,true,official_2010_to_2018_bridge_unique_SOC_major_group,mapped
census_2010,0650,Training and Development Specialists,13-1151,0650,13,13-0000,Business and Financial Operations Occupations,true,official_2010_to_2018_bridge_unique_SOC_major_group,mapped
census_2010,0700,Logisticians,13-1081,0700,13,13-0000,Business and Financial Operations Occupations,true,official_2010_to_2018_bridge_unique_SOC_major_group,mapped
census_2010,0710,Management Analysts,13-1111,0710,13,13-0000,Business and Financial Operations Occupations,true,official_2010_to_2018_bridge_unique_SOC_major_group,mapped
census_2010,0725,"Meeting, Convention, and Event Planners",13-1121,0725,13,13-0000,Business and Financial Operations Occupations,true,official_2010_to_2018_bridge_unique_SOC_major_group,mapped
census_2010,0726,Fundraisers,13-1131,0726,13,13-0000,Business and Financial Operations Occupations,true,official_2010_to_2018_bridge_unique_SOC_major_group,mapped
census_2010,0735,Market Research Analysts and Marketing Specialists,13-1161,0735,13,13-0000,Business and Financial Operations Occupations,true,official_2010_to_2018_bridge_unique_SOC_major_group,mapped
census_2010,0740,"Business Operations Specialists, All Other",13-1199,0705;0750,13,13-0000,Business and Financial Operations Occupations,true,official_2010_to_2018_bridge_unique_SOC_major_group,mapped
census_2010,0800,Accountants and Auditors,13-2011,0800,13,13-0000,Business and Financial Operations Occupations,true,official_2010_to_2018_bridge_unique_SOC_major_group,mapped
census_2010,0810,Appraisers and Assessors of Real Estate,13-2021,0810,13,13-0000,Business and Financial Operations Occupations,true,official_2010_to_2018_bridge_unique_SOC_major_group,mapped
census_2010,0820,Budget Analysts,13-2031,0820,13,13-0000,Business and Financial Operations Occupations,true,official_2010_to_2018_bridge_unique_SOC_major_group,mapped
census_2010,0830,Credit Analysts,13-2041,0830,13,13-0000,Business and Financial Operations Occupations,true,official_2010_to_2018_bridge_unique_SOC_major_group,mapped
census_2010,0840,Financial Analysts,13-2051,0845;0960,13,13-0000,Business and Financial Operations Occupations,true,official_2010_to_2018_bridge_unique_SOC_major_group,mapped
census_2010,0850,Personal Financial Advisors,13-2052,0850,13,13-0000,Business and Financial Operations Occupations,true,official_2010_to_2018_bridge_unique_SOC_major_group,mapped
census_2010,0860,Insurance Underwriters,13-2053,0860,13,13-0000,Business and Financial Operations Occupations,true,official_2010_to_2018_bridge_unique_SOC_major_group,mapped
census_2010,0900,Financial Examiners,13-2061,0900,13,13-0000,Business and Financial Operations Occupations,true,official_2010_to_2018_bridge_unique_SOC_major_group,mapped
census_2010,0910,Credit Counselors and Loan Officers,13-2070,0910,13,13-0000,Business and Financial Operations Occupations,true,official_2010_to_2018_bridge_unique_SOC_major_group,mapped
census_2010,0930,"Tax Examiners and Collectors, and Revenue Agents",13-2081,0930,13,13-0000,Business and Financial Operations Occupations,true,official_2010_to_2018_bridge_unique_SOC_major_group,mapped
census_2010,0940,Tax Preparers,13-2082,0940,13,13-0000,Business and Financial Operations Occupations,true,official_2010_to_2018_bridge_unique_SOC_major_group,mapped
census_2010,0950,"Financial Specialists, All Other",13-2099,0960,13,13-0000,Business and Financial Operations Occupations,true,official_2010_to_2018_bridge_unique_SOC_major_group,mapped
census_2010,1005,Computer and Information Research Scientists,15-1111,1005,15,15-0000,Computer and Mathematical Occupations,true,official_2010_to_2018_bridge_unique_SOC_major_group,mapped
census_2010,1006,Computer Systems Analysts,15-1121,1006,15,15-0000,Computer and Mathematical Occupations,true,official_2010_to_2018_bridge_unique_SOC_major_group,mapped
census_2010,1007,Information Security Analysts,15-1122,1007,15,15-0000,Computer and Mathematical Occupations,true,official_2010_to_2018_bridge_unique_SOC_major_group,mapped
census_2010,1010,Computer Programmers,15-1131,1010,15,15-0000,Computer and Mathematical Occupations,true,official_2010_to_2018_bridge_unique_SOC_major_group,mapped
census_2010,1020,"Software Developers, Applications and Systems Software",15-113X,1021;1022,15,15-0000,Computer and Mathematical Occupations,true,official_2010_to_2018_bridge_unique_SOC_major_group,mapped
census_2010,1030,Web Developers,15-1134,1031;1032,15,15-0000,Computer and Mathematical Occupations,true,official_2010_to_2018_bridge_unique_SOC_major_group,mapped
census_2010,1050,Computer Support Specialists,15-1150,1050,15,15-0000,Computer and Mathematical Occupations,true,official_2010_to_2018_bridge_unique_SOC_major_group,mapped
census_2010,1060,Database Administrators,15-1141,1065,15,15-0000,Computer and Mathematical Occupations,true,official_2010_to_2018_bridge_unique_SOC_major_group,mapped
census_2010,1105,Network and Computer Systems Administrators,15-1142,1105,15,15-0000,Computer and Mathematical Occupations,true,official_2010_to_2018_bridge_unique_SOC_major_group,mapped
census_2010,1106,Computer Network Architects,15-1143,1106,15,15-0000,Computer and Mathematical Occupations,true,official_2010_to_2018_bridge_unique_SOC_major_group,mapped
census_2010,1107,"Computer Occupations, All Other",15-1199,0705;1022;1032;1065;1108,13;15,,,false,official_bridge_no_probability_allocation,unmapped_ambiguous_cross_year_major_group
census_2010,1200,Actuaries,15-2011,1200,15,15-0000,Computer and Mathematical Occupations,true,official_2010_to_2018_bridge_unique_SOC_major_group,mapped
census_2010,1210,Mathematicians,15-2021,1210,15,15-0000,Computer and Mathematical Occupations,true,official_2010_to_2018_bridge_unique_SOC_major_group,mapped
census_2010,1220,Operations Research Analysts,15-2031,1220,15,15-0000,Computer and Mathematical Occupations,true,official_2010_to_2018_bridge_unique_SOC_major_group,mapped
census_2010,1230,Statisticians,15-2041,1230,15,15-0000,Computer and Mathematical Occupations,true,official_2010_to_2018_bridge_unique_SOC_major_group,mapped
census_2010,1240,Miscellaneous Mathematical Science Occupations,15-2090,1240,15,15-0000,Computer and Mathematical Occupations,true,official_2010_to_2018_bridge_unique_SOC_major_group,mapped
census_2010,1300,"Architects, except naval",17-1010,1305;1306,17,17-0000,Architecture and Engineering Occupations,true,official_2010_to_2018_bridge_unique_SOC_major_group,mapped
census_2010,1310,"Surveyors, Cartographers, and Photogrammetrists",17-1020,1310,17,17-0000,Architecture and Engineering Occupations,true,official_2010_to_2018_bridge_unique_SOC_major_group,mapped
census_2010,1320,Aerospace Engineers,17-2011,1320,17,17-0000,Architecture and Engineering Occupations,true,official_2010_to_2018_bridge_unique_SOC_major_group,mapped
census_2010,1330,Agricultural Engineers,17-2021,1330,17,17-0000,Architecture and Engineering Occupations,true,official_2010_to_2018_bridge_unique_SOC_major_group,mapped
census_2010,1340,Biomedical Engineers,17-2031,1340,17,17-0000,Architecture and Engineering Occupations,true,official_2010_to_2018_bridge_unique_SOC_major_group,mapped
census_2010,1350,Chemical Engineers,17-2041,1350,17,17-0000,Architecture and Engineering Occupations,true,official_2010_to_2018_bridge_unique_SOC_major_group,mapped
census_2010,1360,Civil Engineers,17-2051,1360,17,17-0000,Architecture and Engineering Occupations,true,official_2010_to_2018_bridge_unique_SOC_major_group,mapped
census_2010,1400,Computer Hardware Engineers,17-2061,1400,17,17-0000,Architecture and Engineering Occupations,true,official_2010_to_2018_bridge_unique_SOC_major_group,mapped
census_2010,1410,Electrical and Electronics Engineers,17-2070,1410,17,17-0000,Architecture and Engineering Occupations,true,official_2010_to_2018_bridge_unique_SOC_major_group,mapped
census_2010,1420,Environmental Engineers,17-2081,1420,17,17-0000,Architecture and Engineering Occupations,true,official_2010_to_2018_bridge_unique_SOC_major_group,mapped
census_2010,1430,"Industrial Engineers, including Health and Safety",17-2110,1430,17,17-0000,Architecture and Engineering Occupations,true,official_2010_to_2018_bridge_unique_SOC_major_group,mapped
census_2010,1440,Marine Engineers and Naval Architects,17-2121,1440,17,17-0000,Architecture and Engineering Occupations,true,official_2010_to_2018_bridge_unique_SOC_major_group,mapped
census_2010,1450,Materials Engineers,17-2131,1450,17,17-0000,Architecture and Engineering Occupations,true,official_2010_to_2018_bridge_unique_SOC_major_group,mapped
census_2010,1460,Mechanical Engineers,17-2141,1460,17,17-0000,Architecture and Engineering Occupations,true,official_2010_to_2018_bridge_unique_SOC_major_group,mapped
census_2010,1500,"Mining and Geological Engineers, Including Mining Safety Engineers",17-2151,1500,17,17-0000,Architecture and Engineering Occupations,true,official_2010_to_2018_bridge_unique_SOC_major_group,mapped
census_2010,1510,Nuclear Engineers,17-2161,1510,17,17-0000,Architecture and Engineering Occupations,true,official_2010_to_2018_bridge_unique_SOC_major_group,mapped
census_2010,1520,Petroleum Engineers,17-2171,1520,17,17-0000,Architecture and Engineering Occupations,true,official_2010_to_2018_bridge_unique_SOC_major_group,mapped
census_2010,1530,"Engineers, All Other",17-2199,1530,17,17-0000,Architecture and Engineering Occupations,true,official_2010_to_2018_bridge_unique_SOC_major_group,mapped
census_2010,1540,Drafters,17-3010,1541;1545,17,17-0000,Architecture and Engineering Occupations,true,official_2010_to_2018_bridge_unique_SOC_major_group,mapped
census_2010,1550,"Engineering Technicians, Except Drafters",17-3020,1551;1555,17,17-0000,Architecture and Engineering Occupations,true,official_2010_to_2018_bridge_unique_SOC_major_group,mapped
census_2010,1560,Surveying and Mapping Technicians,17-3031,1560,17,17-0000,Architecture and Engineering Occupations,true,official_2010_to_2018_bridge_unique_SOC_major_group,mapped
census_2010,1600,Agricultural and Food Scientists,19-1010,1600,19,19-0000,"Life, Physical, and Social Science Occupations",true,official_2010_to_2018_bridge_unique_SOC_major_group,mapped
census_2010,1610,Biological Scientists,19-1020,1610,19,19-0000,"Life, Physical, and Social Science Occupations",true,official_2010_to_2018_bridge_unique_SOC_major_group,mapped
census_2010,1640,Conservation Scientists and Foresters,19-1030,1640,19,19-0000,"Life, Physical, and Social Science Occupations",true,official_2010_to_2018_bridge_unique_SOC_major_group,mapped
census_2010,1650,Medical Scientists,19-1040,1650,19,19-0000,"Life, Physical, and Social Science Occupations",true,official_2010_to_2018_bridge_unique_SOC_major_group,mapped
census_2010,1660,"Life scientists, all other",19-1099,1660,19,19-0000,"Life, Physical, and Social Science Occupations",true,official_2010_to_2018_bridge_unique_SOC_major_group,mapped
census_2010,1700,Astronomers and Physicists,19-2010,1700,19,19-0000,"Life, Physical, and Social Science Occupations",true,official_2010_to_2018_bridge_unique_SOC_major_group,mapped
census_2010,1710,Atmospheric and Space Scientists,19-2021,1710,19,19-0000,"Life, Physical, and Social Science Occupations",true,official_2010_to_2018_bridge_unique_SOC_major_group,mapped
census_2010,1720,Chemists and Materials Scientists,19-2030,1720,19,19-0000,"Life, Physical, and Social Science Occupations",true,official_2010_to_2018_bridge_unique_SOC_major_group,mapped
census_2010,1740,Environmental Scientists and Geoscientists,19-2040,1745;1750,19,19-0000,"Life, Physical, and Social Science Occupations",true,official_2010_to_2018_bridge_unique_SOC_major_group,mapped
census_2010,1760,"Physical Scientists, All Other",19-2099,1760,19,19-0000,"Life, Physical, and Social Science Occupations",true,official_2010_to_2018_bridge_unique_SOC_major_group,mapped
census_2010,1800,Economists,19-3011,1800,19,19-0000,"Life, Physical, and Social Science Occupations",true,official_2010_to_2018_bridge_unique_SOC_major_group,mapped
census_2010,1815,Survey Researchers,19-3022,1815,19,19-0000,"Life, Physical, and Social Science Occupations",true,official_2010_to_2018_bridge_unique_SOC_major_group,mapped
census_2010,1820,Psychologists,19-3030,1821;1822;1825,19,19-0000,"Life, Physical, and Social Science Occupations",true,official_2010_to_2018_bridge_unique_SOC_major_group,mapped
census_2010,1830,Sociologists,19-3041,1830,19,19-0000,"Life, Physical, and Social Science Occupations",true,official_2010_to_2018_bridge_unique_SOC_major_group,mapped
census_2010,1840,Urban and Regional Planners,19-3051,1840,19,19-0000,"Life, Physical, and Social Science Occupations",true,official_2010_to_2018_bridge_unique_SOC_major_group,mapped
census_2010,1860,Miscellaneous Social Scientists and Related Workers,19-3090,1860,19,19-0000,"Life, Physical, and Social Science Occupations",true,official_2010_to_2018_bridge_unique_SOC_major_group,mapped
census_2010,1900,Agricultural and Food Science Technicians,19-4011,1900,19,19-0000,"Life, Physical, and Social Science Occupations",true,official_2010_to_2018_bridge_unique_SOC_major_group,mapped
census_2010,1910,Biological Technicians,19-4021,1910,19,19-0000,"Life, Physical, and Social Science Occupations",true,official_2010_to_2018_bridge_unique_SOC_major_group,mapped
census_2010,1920,Chemical Technicians,19-4031,1920,19,19-0000,"Life, Physical, and Social Science Occupations",true,official_2010_to_2018_bridge_unique_SOC_major_group,mapped
census_2010,1930,Geological and Petroleum Technicians,19-4041,1935,19,19-0000,"Life, Physical, and Social Science Occupations",true,official_2010_to_2018_bridge_unique_SOC_major_group,mapped
census_2010,1940,Nuclear Technicians,19-4051,1940,19,19-0000,"Life, Physical, and Social Science Occupations",true,official_2010_to_2018_bridge_unique_SOC_major_group,mapped
census_2010,1950,Social Science Research Assistants,19-4061,1950,19,19-0000,"Life, Physical, and Social Science Occupations",true,official_2010_to_2018_bridge_unique_SOC_major_group,mapped
census_2010,1965,"Miscellaneous Life, Physical, and Social Science Technicians",19-4090,1935;1970,19,19-0000,"Life, Physical, and Social Science Occupations",true,official_2010_to_2018_bridge_unique_SOC_major_group,mapped
census_2010,2000,Counselors,21-1010,2001;2002;2003;2004;2005;2006,21,21-0000,Community and Social Service Occupations,true,official_2010_to_2018_bridge_unique_SOC_major_group,mapped
census_2010,2010,Social Workers,21-1020,2011;2012;2013;2014,21,21-0000,Community and Social Service Occupations,true,official_2010_to_2018_bridge_unique_SOC_major_group,mapped
census_2010,2015,Probation officers and correctional treatment specialists,21-1092,2015,21,21-0000,Community and Social Service Occupations,true,official_2010_to_2018_bridge_unique_SOC_major_group,mapped
census_2010,2016,Social and human service assistants,21-1093,2016,21,21-0000,Community and Social Service Occupations,true,official_2010_to_2018_bridge_unique_SOC_major_group,mapped
census_2010,2025,"Miscellaneous Community and Social Service Specialists, including health educators and community health workers",21-109X,2025,21,21-0000,Community and Social Service Occupations,true,official_2010_to_2018_bridge_unique_SOC_major_group,mapped
census_2010,2040,Clergy,21-2011,2040,21,21-0000,Community and Social Service Occupations,true,official_2010_to_2018_bridge_unique_SOC_major_group,mapped
census_2010,2050,"Directors, Religious Activities and Education",21-2021,2050,21,21-0000,Community and Social Service Occupations,true,official_2010_to_2018_bridge_unique_SOC_major_group,mapped
census_2010,2060,"Religious Workers, All Other",21-2099,2060,21,21-0000,Community and Social Service Occupations,true,official_2010_to_2018_bridge_unique_SOC_major_group,mapped
census_2010,2100,Lawyers,23-1011,2100,23,23-0000,Legal Occupations,true,official_2010_to_2018_bridge_unique_SOC_major_group,mapped
census_2010,2105,Judicial Law Clerks,23-1012,2105,23,23-0000,Legal Occupations,true,official_2010_to_2018_bridge_unique_SOC_major_group,mapped
census_2010,2110,"Judges, Magistrates, and Other Judicial Workers",23-1020,2110,23,23-0000,Legal Occupations,true,official_2010_to_2018_bridge_unique_SOC_major_group,mapped
census_2010,2145,Paralegals and Legal Assistants,23-2011,2145,23,23-0000,Legal Occupations,true,official_2010_to_2018_bridge_unique_SOC_major_group,mapped
census_2010,2160,Miscellaneous Legal Support Workers,23-2090,2170;2180;2862,23;27,,,false,official_bridge_no_probability_allocation,unmapped_ambiguous_cross_year_major_group
census_2010,2200,Postsecondary Teachers,25-1000,2205;2545,25,25-0000,"Education, Training, and Library Occupations",true,official_2010_to_2018_bridge_unique_SOC_major_group,mapped
census_2010,2300,Preschool and Kindergarten Teachers,25-2010,2300,25,25-0000,"Education, Training, and Library Occupations",true,official_2010_to_2018_bridge_unique_SOC_major_group,mapped
census_2010,2310,Elementary and Middle School Teachers,25-2020,2310,25,25-0000,"Education, Training, and Library Occupations",true,official_2010_to_2018_bridge_unique_SOC_major_group,mapped
census_2010,2320,Secondary School Teachers,25-2030,2320,25,25-0000,"Education, Training, and Library Occupations",true,official_2010_to_2018_bridge_unique_SOC_major_group,mapped
census_2010,2330,Special Education Teachers,25-2050,2330,25,25-0000,"Education, Training, and Library Occupations",true,official_2010_to_2018_bridge_unique_SOC_major_group,mapped
census_2010,2340,Other Teachers and Instructors,25-3000,2350;2360,25,25-0000,"Education, Training, and Library Occupations",true,official_2010_to_2018_bridge_unique_SOC_major_group,mapped
census_2010,2400,"Archivists, Curators, and Museum Technicians",25-4010,2400,25,25-0000,"Education, Training, and Library Occupations",true,official_2010_to_2018_bridge_unique_SOC_major_group,mapped
census_2010,2430,Librarians,25-4021,2435,25,25-0000,"Education, Training, and Library Occupations",true,official_2010_to_2018_bridge_unique_SOC_major_group,mapped
census_2010,2440,Library Technicians,25-4031,2440,25,25-0000,"Education, Training, and Library Occupations",true,official_2010_to_2018_bridge_unique_SOC_major_group,mapped
census_2010,2540,Teacher Assistants,25-9041,2545,25,25-0000,"Education, Training, and Library Occupations",true,official_2010_to_2018_bridge_unique_SOC_major_group,mapped
census_2010,2550,"Other Education, Training, and Library Workers",25-90XX,2435;2555,25,25-0000,"Education, Training, and Library Occupations",true,official_2010_to_2018_bridge_unique_SOC_major_group,mapped
census_2010,2600,Artists and Related Workers,27-1010,2600,27,27-0000,"Arts, Design, Entertainment, Sports, and Media Occupations",true,official_2010_to_2018_bridge_unique_SOC_major_group,mapped
census_2010,2630,Designers,27-1020,2631;2632;2633;2634;2635;2636;2640,27,27-0000,"Arts, Design, Entertainment, Sports, and Media Occupations",true,official_2010_to_2018_bridge_unique_SOC_major_group,mapped
census_2010,2700,Actors,27-2011,2700,27,27-0000,"Arts, Design, Entertainment, Sports, and Media Occupations",true,official_2010_to_2018_bridge_unique_SOC_major_group,mapped
census_2010,2710,Producers and Directors,27-2012,2710,27,27-0000,"Arts, Design, Entertainment, Sports, and Media Occupations",true,official_2010_to_2018_bridge_unique_SOC_major_group,mapped
census_2010,2720,"Athletes, Coaches, Umpires, and Related Workers",27-2020,2721;2722;2723,27,27-0000,"Arts, Design, Entertainment, Sports, and Media Occupations",true,official_2010_to_2018_bridge_unique_SOC_major_group,mapped
census_2010,2740,Dancers and Choreographers,27-2030,2740,27,27-0000,"Arts, Design, Entertainment, Sports, and Media Occupations",true,official_2010_to_2018_bridge_unique_SOC_major_group,mapped
census_2010,2750,"Musicians, Singers, and Related Workers",27-2040,2751;2752,27,27-0000,"Arts, Design, Entertainment, Sports, and Media Occupations",true,official_2010_to_2018_bridge_unique_SOC_major_group,mapped
census_2010,2760,"Entertainers and Performers, Sports and Related Workers, All Other",27-2099,2755;2770,27,27-0000,"Arts, Design, Entertainment, Sports, and Media Occupations",true,official_2010_to_2018_bridge_unique_SOC_major_group,mapped
census_2010,2800,Announcers,27-3010,2805;2865,27,27-0000,"Arts, Design, Entertainment, Sports, and Media Occupations",true,official_2010_to_2018_bridge_unique_SOC_major_group,mapped
census_2010,2810,"News Analysts, Reporters and Correspondents",27-3020,2810,27,27-0000,"Arts, Design, Entertainment, Sports, and Media Occupations",true,official_2010_to_2018_bridge_unique_SOC_major_group,mapped
census_2010,2825,Public Relations Specialists,27-3031,2825,27,27-0000,"Arts, Design, Entertainment, Sports, and Media Occupations",true,official_2010_to_2018_bridge_unique_SOC_major_group,mapped
census_2010,2830,Editors,27-3041,2830,27,27-0000,"Arts, Design, Entertainment, Sports, and Media Occupations",true,official_2010_to_2018_bridge_unique_SOC_major_group,mapped
census_2010,2840,Technical Writers,27-3042,2840,27,27-0000,"Arts, Design, Entertainment, Sports, and Media Occupations",true,official_2010_to_2018_bridge_unique_SOC_major_group,mapped
census_2010,2850,Writers and Authors,27-3043,2850,27,27-0000,"Arts, Design, Entertainment, Sports, and Media Occupations",true,official_2010_to_2018_bridge_unique_SOC_major_group,mapped
census_2010,2860,Miscellaneous Media and Communication Workers,27-3090,2861;2865,27,27-0000,"Arts, Design, Entertainment, Sports, and Media Occupations",true,official_2010_to_2018_bridge_unique_SOC_major_group,mapped
census_2010,2900,Broadcast and Sound Engineering Technicians and Radio Operators,27-4010,2905;5040,27;43,,,false,official_bridge_no_probability_allocation,unmapped_ambiguous_cross_year_major_group
census_2010,2910,Photographers,27-4021,2910,27,27-0000,"Arts, Design, Entertainment, Sports, and Media Occupations",true,official_2010_to_2018_bridge_unique_SOC_major_group,mapped
census_2010,2920,"Television, Video, and Motion Picture Camera Operators and Editors",27-4030,2920,27,27-0000,"Arts, Design, Entertainment, Sports, and Media Occupations",true,official_2010_to_2018_bridge_unique_SOC_major_group,mapped
census_2010,2960,"Media and Communication Equipment Workers, All Other",27-4099,2905;2970,27,27-0000,"Arts, Design, Entertainment, Sports, and Media Occupations",true,official_2010_to_2018_bridge_unique_SOC_major_group,mapped
census_2010,3000,Chiropractors,29-1011,3000,29,29-0000,Healthcare Practitioners and Technical Occupations,true,official_2010_to_2018_bridge_unique_SOC_major_group,mapped
census_2010,3010,Dentists,29-1020,3010,29,29-0000,Healthcare Practitioners and Technical Occupations,true,official_2010_to_2018_bridge_unique_SOC_major_group,mapped
census_2010,3030,Dietitians and Nutritionists,29-1031,3030,29,29-0000,Healthcare Practitioners and Technical Occupations,true,official_2010_to_2018_bridge_unique_SOC_major_group,mapped
census_2010,3040,Optometrists,29-1041,3040,29,29-0000,Healthcare Practitioners and Technical Occupations,true,official_2010_to_2018_bridge_unique_SOC_major_group,mapped
census_2010,3050,Pharmacists,29-1051,3050,29,29-0000,Healthcare Practitioners and Technical Occupations,true,official_2010_to_2018_bridge_unique_SOC_major_group,mapped
census_2010,3060,Physicians and Surgeons,29-1060,3065;3070;3090;3100,29,29-0000,Healthcare Practitioners and Technical Occupations,true,official_2010_to_2018_bridge_unique_SOC_major_group,mapped
census_2010,3110,Physician Assistants,29-1071,3110,29,29-0000,Healthcare Practitioners and Technical Occupations,true,official_2010_to_2018_bridge_unique_SOC_major_group,mapped
census_2010,3120,Podiatrists,29-1081,3120,29,29-0000,Healthcare Practitioners and Technical Occupations,true,official_2010_to_2018_bridge_unique_SOC_major_group,mapped
census_2010,3140,Audiologists,29-1181,3140,29,29-0000,Healthcare Practitioners and Technical Occupations,true,official_2010_to_2018_bridge_unique_SOC_major_group,mapped
census_2010,3150,Occupational Therapists,29-1122,3150,29,29-0000,Healthcare Practitioners and Technical Occupations,true,official_2010_to_2018_bridge_unique_SOC_major_group,mapped
census_2010,3160,Physical Therapists,29-1123,3160,29,29-0000,Healthcare Practitioners and Technical Occupations,true,official_2010_to_2018_bridge_unique_SOC_major_group,mapped
census_2010,3200,Radiation Therapists,29-1124,3200,29,29-0000,Healthcare Practitioners and Technical Occupations,true,official_2010_to_2018_bridge_unique_SOC_major_group,mapped
census_2010,3210,Recreational Therapists,29-1125,3210,29,29-0000,Healthcare Practitioners and Technical Occupations,true,official_2010_to_2018_bridge_unique_SOC_major_group,mapped
census_2010,3220,Respiratory Therapists,29-1126,3220,29,29-0000,Healthcare Practitioners and Technical Occupations,true,official_2010_to_2018_bridge_unique_SOC_major_group,mapped
census_2010,3230,Speech-Language Pathologists,29-1127,3230,29,29-0000,Healthcare Practitioners and Technical Occupations,true,official_2010_to_2018_bridge_unique_SOC_major_group,mapped
census_2010,3235,Exercise Physiologists,29-1128,3235,29,29-0000,Healthcare Practitioners and Technical Occupations,true,official_2010_to_2018_bridge_unique_SOC_major_group,mapped
census_2010,3245,"Therapists, All Other",29-1129,3245,29,29-0000,Healthcare Practitioners and Technical Occupations,true,official_2010_to_2018_bridge_unique_SOC_major_group,mapped
census_2010,3250,Veterinarians,29-1131,3250,29,29-0000,Healthcare Practitioners and Technical Occupations,true,official_2010_to_2018_bridge_unique_SOC_major_group,mapped
census_2010,3255,Registered Nurses,29-1141,3255,29,29-0000,Healthcare Practitioners and Technical Occupations,true,official_2010_to_2018_bridge_unique_SOC_major_group,mapped
census_2010,3256,Nurse Anesthetists,29-1151,3256,29,29-0000,Healthcare Practitioners and Technical Occupations,true,official_2010_to_2018_bridge_unique_SOC_major_group,mapped
census_2010,3257,Nurse Midwives,29-1161,3257,29,29-0000,Healthcare Practitioners and Technical Occupations,true,official_2010_to_2018_bridge_unique_SOC_major_group,mapped
census_2010,3258,Nurse Practitioners,29-1171,3258,29,29-0000,Healthcare Practitioners and Technical Occupations,true,official_2010_to_2018_bridge_unique_SOC_major_group,mapped
census_2010,3260,"Health Diagnosing and Treating Practitioners, All Other",29-1199,3261;3270,29,29-0000,Healthcare Practitioners and Technical Occupations,true,official_2010_to_2018_bridge_unique_SOC_major_group,mapped
census_2010,3300,Clinical Laboratory Technologists and Technicians,29-2010,3300,29,29-0000,Healthcare Practitioners and Technical Occupations,true,official_2010_to_2018_bridge_unique_SOC_major_group,mapped
census_2010,3310,Dental Hygienists,29-2021,3310,29,29-0000,Healthcare Practitioners and Technical Occupations,true,official_2010_to_2018_bridge_unique_SOC_major_group,mapped
census_2010,3320,Diagnostic Related Technologists and Technicians,29-2030,3321;3322;3323;3324;3330,29,29-0000,Healthcare Practitioners and Technical Occupations,true,official_2010_to_2018_bridge_unique_SOC_major_group,mapped
census_2010,3400,Emergency Medical Technicians and Paramedics,29-2041,3401;3402,29,29-0000,Healthcare Practitioners and Technical Occupations,true,official_2010_to_2018_bridge_unique_SOC_major_group,mapped
census_2010,3420,Health Practitioner Support Technologists and  Technicians,29-2050,3421;3422;3423;3424;3430;3545,29,29-0000,Healthcare Practitioners and Technical Occupations,true,official_2010_to_2018_bridge_unique_SOC_major_group,mapped
census_2010,3500,Licensed Practical and Licensed Vocational Nurses,29-2061,3500,29,29-0000,Healthcare Practitioners and Technical Occupations,true,official_2010_to_2018_bridge_unique_SOC_major_group,mapped
census_2010,3510,Medical Records and Health Information Technicians,29-2071,3515;3550,29,29-0000,Healthcare Practitioners and Technical Occupations,true,official_2010_to_2018_bridge_unique_SOC_major_group,mapped
census_2010,3520,"Opticians, Dispensing",29-2081,3520,29,29-0000,Healthcare Practitioners and Technical Occupations,true,official_2010_to_2018_bridge_unique_SOC_major_group,mapped
census_2010,3535,Miscellaneous Health Technologists and Technicians,29-2090,3545,29,29-0000,Healthcare Practitioners and Technical Occupations,true,official_2010_to_2018_bridge_unique_SOC_major_group,mapped
census_2010,3540,Other Healthcare Practitioners and Technical Occupations,29-9000,1980;3550,19;29,,,false,official_bridge_no_probability_allocation,unmapped_ambiguous_cross_year_major_group
census_2010,3600,"Nursing, Psychiatric, and Home Health Aides",31-1010,3601;3603;3605,31,31-0000,Healthcare Support Occupations,true,official_2010_to_2018_bridge_unique_SOC_major_group,mapped
census_2010,3610,Occupational Therapy Assistants and Aides,31-2010,3610,31,31-0000,Healthcare Support Occupations,true,official_2010_to_2018_bridge_unique_SOC_major_group,mapped
census_2010,3620,Physical Therapist Assistants and Aides,31-2020,3620,31,31-0000,Healthcare Support Occupations,true,official_2010_to_2018_bridge_unique_SOC_major_group,mapped
census_2010,3630,Massage Therapists,31-9011,3630,31,31-0000,Healthcare Support Occupations,true,official_2010_to_2018_bridge_unique_SOC_major_group,mapped
census_2010,3640,Dental Assistants,31-9091,3640,31,31-0000,Healthcare Support Occupations,true,official_2010_to_2018_bridge_unique_SOC_major_group,mapped
census_2010,3645,Medical Assistants,31-9092,3645,31,31-0000,Healthcare Support Occupations,true,official_2010_to_2018_bridge_unique_SOC_major_group,mapped
census_2010,3646,Medical Transcriptionists,31-9094,3646,31,31-0000,Healthcare Support Occupations,true,official_2010_to_2018_bridge_unique_SOC_major_group,mapped
census_2010,3647,Pharmacy Aides,31-9095,3647,31,31-0000,Healthcare Support Occupations,true,official_2010_to_2018_bridge_unique_SOC_major_group,mapped
census_2010,3648,Veterinary Assistants and Laboratory Animal Caretakers,31-9096,3648,31,31-0000,Healthcare Support Occupations,true,official_2010_to_2018_bridge_unique_SOC_major_group,mapped
census_2010,3649,Phlebotomists,31-9097,3649,31,31-0000,Healthcare Support Occupations,true,official_2010_to_2018_bridge_unique_SOC_major_group,mapped
census_2010,3655,"Healthcare support workers, all other, including medical equipment preparers",31-909X,3655,31,31-0000,Healthcare Support Occupations,true,official_2010_to_2018_bridge_unique_SOC_major_group,mapped
census_2010,3700,First-Line Supervisors of Correctional Officers,33-1011,3700,33,33-0000,Protective Service Occupations,true,official_2010_to_2018_bridge_unique_SOC_major_group,mapped
census_2010,3710,First-Line Supervisors of Police and Detectives,33-1012,3710,33,33-0000,Protective Service Occupations,true,official_2010_to_2018_bridge_unique_SOC_major_group,mapped
census_2010,3720,First-Line Supervisors of Fire Fighting and Prevention Workers,33-1021,3720,33,33-0000,Protective Service Occupations,true,official_2010_to_2018_bridge_unique_SOC_major_group,mapped
census_2010,3730,"First-Line Supervisors of Protective Service Workers, All Other",33-1099,3725;3735,33,33-0000,Protective Service Occupations,true,official_2010_to_2018_bridge_unique_SOC_major_group,mapped
census_2010,3740,Firefighters,33-2011,3740,33,33-0000,Protective Service Occupations,true,official_2010_to_2018_bridge_unique_SOC_major_group,mapped
census_2010,3750,Fire Inspectors,33-2020,3750,33,33-0000,Protective Service Occupations,true,official_2010_to_2018_bridge_unique_SOC_major_group,mapped
census_2010,3800,"Bailiffs, Correctional Officers, and Jailers",33-3010,3801;3802,33,33-0000,Protective Service Occupations,true,official_2010_to_2018_bridge_unique_SOC_major_group,mapped
census_2010,3820,Detectives and Criminal Investigators,33-3021,3820,33,33-0000,Protective Service Occupations,true,official_2010_to_2018_bridge_unique_SOC_major_group,mapped
census_2010,3830,Fish and Game Wardens,33-3031,3830,33,33-0000,Protective Service Occupations,true,official_2010_to_2018_bridge_unique_SOC_major_group,mapped
census_2010,3840,Parking Enforcement Workers,33-3041,3840,33,33-0000,Protective Service Occupations,true,official_2010_to_2018_bridge_unique_SOC_major_group,mapped
census_2010,3850,Police and Sheriff's Patrol Officers,33-3051,3870,33,33-0000,Protective Service Occupations,true,official_2010_to_2018_bridge_unique_SOC_major_group,mapped
census_2010,3860,Transit and Railroad Police,33-3052,,,,,false,official_bridge_no_probability_allocation,unmapped_no_verified_2018_bridge
census_2010,3900,Animal Control Workers,33-9011,3900,33,33-0000,Protective Service Occupations,true,official_2010_to_2018_bridge_unique_SOC_major_group,mapped
census_2010,3910,Private Detectives and Investigators,33-9021,3910,33,33-0000,Protective Service Occupations,true,official_2010_to_2018_bridge_unique_SOC_major_group,mapped
census_2010,3930,Security Guards and Gaming Surveillance Officers,33-9030,3930,33,33-0000,Protective Service Occupations,true,official_2010_to_2018_bridge_unique_SOC_major_group,mapped
census_2010,3940,Crossing Guards,33-9091,3940,33,33-0000,Protective Service Occupations,true,official_2010_to_2018_bridge_unique_SOC_major_group,mapped
census_2010,3945,Transportation Security Screeners,33-9093,3945,33,33-0000,Protective Service Occupations,true,official_2010_to_2018_bridge_unique_SOC_major_group,mapped
census_2010,3955,"Lifeguards and Other Recreational, and All Other Protective Service Workers",33-909X,3946;3960,33,33-0000,Protective Service Occupations,true,official_2010_to_2018_bridge_unique_SOC_major_group,mapped
census_2010,4000,Chefs and Head Cooks,35-1011,4000,35,35-0000,Food Preparation and Serving Related Occupations,true,official_2010_to_2018_bridge_unique_SOC_major_group,mapped
census_2010,4010,First-Line Supervisors of Food Preparation and Serving Workers,35-1012,4010,35,35-0000,Food Preparation and Serving Related Occupations,true,official_2010_to_2018_bridge_unique_SOC_major_group,mapped
census_2010,4020,Cooks,35-2010,4020,35,35-0000,Food Preparation and Serving Related Occupations,true,official_2010_to_2018_bridge_unique_SOC_major_group,mapped
census_2010,4030,Food Preparation Workers,35-2021,4030,35,35-0000,Food Preparation and Serving Related Occupations,true,official_2010_to_2018_bridge_unique_SOC_major_group,mapped
census_2010,4040,Bartenders,35-3011,4040,35,35-0000,Food Preparation and Serving Related Occupations,true,official_2010_to_2018_bridge_unique_SOC_major_group,mapped
census_2010,4050,"Combined Food Preparation and Serving Workers, Including Fast Food",35-3021,4055,35,35-0000,Food Preparation and Serving Related Occupations,true,official_2010_to_2018_bridge_unique_SOC_major_group,mapped
census_2010,4060,"Counter Attendants, Cafeteria, Food Concession, and Coffee Shop",35-3022,,,,,false,official_bridge_no_probability_allocation,unmapped_no_verified_2018_bridge
census_2010,4110,Waiters and Waitresses,35-3031,4110,35,35-0000,Food Preparation and Serving Related Occupations,true,official_2010_to_2018_bridge_unique_SOC_major_group,mapped
census_2010,4120,"Food Servers, Nonrestaurant",35-3041,4120,35,35-0000,Food Preparation and Serving Related Occupations,true,official_2010_to_2018_bridge_unique_SOC_major_group,mapped
census_2010,4130,Dining Room and Cafeteria Attendants and Bartender Helpers,35-9011,4130,35,35-0000,Food Preparation and Serving Related Occupations,true,official_2010_to_2018_bridge_unique_SOC_major_group,mapped
census_2010,4140,Dishwashers,35-9021,4140,35,35-0000,Food Preparation and Serving Related Occupations,true,official_2010_to_2018_bridge_unique_SOC_major_group,mapped
census_2010,4150,"Hosts and Hostesses, Restaurant, Lounge, and Coffee Shop",35-9031,4150,35,35-0000,Food Preparation and Serving Related Occupations,true,official_2010_to_2018_bridge_unique_SOC_major_group,mapped
census_2010,4160,"Food Preparation and Serving Related Workers, All Other",35-9099,4160,35,35-0000,Food Preparation and Serving Related Occupations,true,official_2010_to_2018_bridge_unique_SOC_major_group,mapped
census_2010,4200,First-Line Supervisors of Housekeeping and Janitorial Workers,37-1011,4200,37,37-0000,Building and Grounds Cleaning and Maintenance Occupations,true,official_2010_to_2018_bridge_unique_SOC_major_group,mapped
census_2010,4210,"First-Line Supervisors of Landscaping, Lawn Service, and Groundskeeping Workers",37-1012,4210,37,37-0000,Building and Grounds Cleaning and Maintenance Occupations,true,official_2010_to_2018_bridge_unique_SOC_major_group,mapped
census_2010,4220,Janitors and Building Cleaners,37-201X,4220,37,37-0000,Building and Grounds Cleaning and Maintenance Occupations,true,official_2010_to_2018_bridge_unique_SOC_major_group,mapped
census_2010,4230,Maids and housekeeping cleaners,37-2012,4230,37,37-0000,Building and Grounds Cleaning and Maintenance Occupations,true,official_2010_to_2018_bridge_unique_SOC_major_group,mapped
census_2010,4240,Pest Control Workers,37-2021,4240,37,37-0000,Building and Grounds Cleaning and Maintenance Occupations,true,official_2010_to_2018_bridge_unique_SOC_major_group,mapped
census_2010,4250,Grounds Maintenance Workers,37-3010,4251;4252;4255,37,37-0000,Building and Grounds Cleaning and Maintenance Occupations,true,official_2010_to_2018_bridge_unique_SOC_major_group,mapped
census_2010,4300,First-Line Supervisors of Gaming Workers,39-1010,4330,39,39-0000,Personal Care and Service Occupations,true,official_2010_to_2018_bridge_unique_SOC_major_group,mapped
census_2010,4320,First-Line Supervisors of Personal Service Workers,39-1021,4330;9005,39;53,,,false,official_bridge_no_probability_allocation,unmapped_ambiguous_cross_year_major_group
census_2010,4340,Animal Trainers,39-2011,4340,39,39-0000,Personal Care and Service Occupations,true,official_2010_to_2018_bridge_unique_SOC_major_group,mapped
census_2010,4350,Nonfarm Animal Caretakers,39-2021,4350,39,39-0000,Personal Care and Service Occupations,true,official_2010_to_2018_bridge_unique_SOC_major_group,mapped
census_2010,4400,Gaming Services Workers,39-3010,4400,39,39-0000,Personal Care and Service Occupations,true,official_2010_to_2018_bridge_unique_SOC_major_group,mapped
census_2010,4410,Motion Picture Projectionists,39-3021,4435,39,39-0000,Personal Care and Service Occupations,true,official_2010_to_2018_bridge_unique_SOC_major_group,mapped
census_2010,4420,"Ushers, Lobby Attendants, and Ticket Takers",39-3031,4420,39,39-0000,Personal Care and Service Occupations,true,official_2010_to_2018_bridge_unique_SOC_major_group,mapped
census_2010,4430,Miscellaneous Entertainment Attendants and Related Workers,39-3090,4435,39,39-0000,Personal Care and Service Occupations,true,official_2010_to_2018_bridge_unique_SOC_major_group,mapped
census_2010,4460,Embalmers and Funeral Attendants,39-40XX,4461,39,39-0000,Personal Care and Service Occupations,true,official_2010_to_2018_bridge_unique_SOC_major_group,mapped
census_2010,4465,"Morticians, Undertakers, and Funeral Directors",39-4031,4465,39,39-0000,Personal Care and Service Occupations,true,official_2010_to_2018_bridge_unique_SOC_major_group,mapped
census_2010,4500,Barbers,39-5011,4500,39,39-0000,Personal Care and Service Occupations,true,official_2010_to_2018_bridge_unique_SOC_major_group,mapped
census_2010,4510,"Hairdressers, Hairstylists, and Cosmetologists",39-5012,4510,39,39-0000,Personal Care and Service Occupations,true,official_2010_to_2018_bridge_unique_SOC_major_group,mapped
census_2010,4520,Miscellaneous Personal Appearance Workers,39-5090,4521;4522;4525,39,39-0000,Personal Care and Service Occupations,true,official_2010_to_2018_bridge_unique_SOC_major_group,mapped
census_2010,4530,"Baggage Porters, Bellhops, and Concierges",39-6010,4530,39,39-0000,Personal Care and Service Occupations,true,official_2010_to_2018_bridge_unique_SOC_major_group,mapped
census_2010,4540,Tour and Travel Guides,39-7010,4540,39,39-0000,Personal Care and Service Occupations,true,official_2010_to_2018_bridge_unique_SOC_major_group,mapped
census_2010,4600,Childcare Workers,39-9011,4600,39,39-0000,Personal Care and Service Occupations,true,official_2010_to_2018_bridge_unique_SOC_major_group,mapped
census_2010,4610,Personal Care Aides,39-9021,3602,31,31-0000,Healthcare Support Occupations,true,official_2010_to_2018_bridge_unique_SOC_major_group,mapped
census_2010,4620,Recreation and Fitness Workers,39-9030,4621;4622,39,39-0000,Personal Care and Service Occupations,true,official_2010_to_2018_bridge_unique_SOC_major_group,mapped
census_2010,4640,Residential Advisors,39-9041,4640,39,39-0000,Personal Care and Service Occupations,true,official_2010_to_2018_bridge_unique_SOC_major_group,mapped
census_2010,4650,"Personal Care and Service Workers, All Other",39-9099,4461;4655,39,39-0000,Personal Care and Service Occupations,true,official_2010_to_2018_bridge_unique_SOC_major_group,mapped
census_2010,4700,First-Line Supervisors of Retail Sales Workers,41-1011,4700,41,41-0000,Sales and Related Occupations,true,official_2010_to_2018_bridge_unique_SOC_major_group,mapped
census_2010,4710,First-Line Supervisors of Non-Retail Sales Workers,41-1012,4710,41,41-0000,Sales and Related Occupations,true,official_2010_to_2018_bridge_unique_SOC_major_group,mapped
census_2010,4720,Cashiers,41-2010,4720,41,41-0000,Sales and Related Occupations,true,official_2010_to_2018_bridge_unique_SOC_major_group,mapped
census_2010,4740,Counter and Rental Clerks,41-2021,4740,41,41-0000,Sales and Related Occupations,true,official_2010_to_2018_bridge_unique_SOC_major_group,mapped
census_2010,4750,Parts Salespersons,41-2022,4750,41,41-0000,Sales and Related Occupations,true,official_2010_to_2018_bridge_unique_SOC_major_group,mapped
census_2010,4760,Retail Salespersons,41-2031,4760,41,41-0000,Sales and Related Occupations,true,official_2010_to_2018_bridge_unique_SOC_major_group,mapped
census_2010,4800,Advertising Sales Agents,41-3011,4800,41,41-0000,Sales and Related Occupations,true,official_2010_to_2018_bridge_unique_SOC_major_group,mapped
census_2010,4810,Insurance Sales Agents,41-3021,4810,41,41-0000,Sales and Related Occupations,true,official_2010_to_2018_bridge_unique_SOC_major_group,mapped
census_2010,4820,"Securities, Commodities, and Financial Services Sales Agents",41-3031,4820,41,41-0000,Sales and Related Occupations,true,official_2010_to_2018_bridge_unique_SOC_major_group,mapped
census_2010,4830,Travel Agents,41-3041,4830,41,41-0000,Sales and Related Occupations,true,official_2010_to_2018_bridge_unique_SOC_major_group,mapped
census_2010,4840,"Sales Representatives, Services, All Other",41-3099,4840,41,41-0000,Sales and Related Occupations,true,official_2010_to_2018_bridge_unique_SOC_major_group,mapped
census_2010,4850,"Sales Representatives, Wholesale and Manufacturing",41-4010,4850,41,41-0000,Sales and Related Occupations,true,official_2010_to_2018_bridge_unique_SOC_major_group,mapped
census_2010,4900,"Models, Demonstrators, and Product Promoters",41-9010,4900,41,41-0000,Sales and Related Occupations,true,official_2010_to_2018_bridge_unique_SOC_major_group,mapped
census_2010,4920,Real Estate Brokers and Sales Agents,41-9020,4920,41,41-0000,Sales and Related Occupations,true,official_2010_to_2018_bridge_unique_SOC_major_group,mapped
census_2010,4930,Sales Engineers,41-9031,4930,41,41-0000,Sales and Related Occupations,true,official_2010_to_2018_bridge_unique_SOC_major_group,mapped
census_2010,4940,Telemarketers,41-9041,4940,41,41-0000,Sales and Related Occupations,true,official_2010_to_2018_bridge_unique_SOC_major_group,mapped
census_2010,4950,"Door-to-Door Sales Workers, News and Street Vendors, and Related Workers",41-9091,4950,41,41-0000,Sales and Related Occupations,true,official_2010_to_2018_bridge_unique_SOC_major_group,mapped
census_2010,4965,"Sales and Related Workers, All Other",41-9099,4965,41,41-0000,Sales and Related Occupations,true,official_2010_to_2018_bridge_unique_SOC_major_group,mapped
census_2010,5000,First-Line Supervisors of Office and Administrative Support Workers,43-1011,5000,43,43-0000,Office and Administrative Support Occupations,true,official_2010_to_2018_bridge_unique_SOC_major_group,mapped
census_2010,5010,"Switchboard Operators, Including Answering Service",43-2011,5010,43,43-0000,Office and Administrative Support Occupations,true,official_2010_to_2018_bridge_unique_SOC_major_group,mapped
census_2010,5020,Telephone Operators,43-2021,5020,43,43-0000,Office and Administrative Support Occupations,true,official_2010_to_2018_bridge_unique_SOC_major_group,mapped
census_2010,5030,"Communications Equipment Operators, All Other",43-2099,5040,43,43-0000,Office and Administrative Support Occupations,true,official_2010_to_2018_bridge_unique_SOC_major_group,mapped
census_2010,5100,Bill and Account Collectors,43-3011,5100,43,43-0000,Office and Administrative Support Occupations,true,official_2010_to_2018_bridge_unique_SOC_major_group,mapped
census_2010,5110,Billing and Posting Clerks,43-3021,5110,43,43-0000,Office and Administrative Support Occupations,true,official_2010_to_2018_bridge_unique_SOC_major_group,mapped
census_2010,5120,"Bookkeeping, Accounting, and Auditing Clerks",43-3031,5120,43,43-0000,Office and Administrative Support Occupations,true,official_2010_to_2018_bridge_unique_SOC_major_group,mapped
census_2010,5130,Gaming Cage Workers,43-3041,5130,43,43-0000,Office and Administrative Support Occupations,true,official_2010_to_2018_bridge_unique_SOC_major_group,mapped
census_2010,5140,Payroll and Timekeeping Clerks,43-3051,5140,43,43-0000,Office and Administrative Support Occupations,true,official_2010_to_2018_bridge_unique_SOC_major_group,mapped
census_2010,5150,Procurement Clerks,43-3061,5150,43,43-0000,Office and Administrative Support Occupations,true,official_2010_to_2018_bridge_unique_SOC_major_group,mapped
census_2010,5160,Tellers,43-3071,5160,43,43-0000,Office and Administrative Support Occupations,true,official_2010_to_2018_bridge_unique_SOC_major_group,mapped
census_2010,5165,"Financial Clerks, All Other",43-3099,5165,43,43-0000,Office and Administrative Support Occupations,true,official_2010_to_2018_bridge_unique_SOC_major_group,mapped
census_2010,5200,Brokerage Clerks,43-4011,5200,43,43-0000,Office and Administrative Support Occupations,true,official_2010_to_2018_bridge_unique_SOC_major_group,mapped
census_2010,5210,Correspondence Clerks,43-4021,5210,43,43-0000,Office and Administrative Support Occupations,true,official_2010_to_2018_bridge_unique_SOC_major_group,mapped
census_2010,5220,"Court, Municipal, and License Clerks",43-4031,5220,43,43-0000,Office and Administrative Support Occupations,true,official_2010_to_2018_bridge_unique_SOC_major_group,mapped
census_2010,5230,"Credit Authorizers, Checkers, and Clerks",43-4041,5230,43,43-0000,Office and Administrative Support Occupations,true,official_2010_to_2018_bridge_unique_SOC_major_group,mapped
census_2010,5240,Customer Service Representatives,43-4051,5240,43,43-0000,Office and Administrative Support Occupations,true,official_2010_to_2018_bridge_unique_SOC_major_group,mapped
census_2010,5250,"Eligibility Interviewers, Government Programs",43-4061,5250,43,43-0000,Office and Administrative Support Occupations,true,official_2010_to_2018_bridge_unique_SOC_major_group,mapped
census_2010,5260,File Clerks,43-4071,5260,43,43-0000,Office and Administrative Support Occupations,true,official_2010_to_2018_bridge_unique_SOC_major_group,mapped
census_2010,5300,"Hotel, Motel, and Resort Desk Clerks",43-4081,5300,43,43-0000,Office and Administrative Support Occupations,true,official_2010_to_2018_bridge_unique_SOC_major_group,mapped
census_2010,5310,"Interviewers, Except Eligibility and Loan",43-4111,5310,43,43-0000,Office and Administrative Support Occupations,true,official_2010_to_2018_bridge_unique_SOC_major_group,mapped
census_2010,5320,"Library Assistants, Clerical",43-4121,5320,43,43-0000,Office and Administrative Support Occupations,true,official_2010_to_2018_bridge_unique_SOC_major_group,mapped
census_2010,5330,Loan Interviewers and Clerks,43-4131,5330,43,43-0000,Office and Administrative Support Occupations,true,official_2010_to_2018_bridge_unique_SOC_major_group,mapped
census_2010,5340,New Accounts Clerks,43-4141,5340,43,43-0000,Office and Administrative Support Occupations,true,official_2010_to_2018_bridge_unique_SOC_major_group,mapped
census_2010,5350,Order Clerks,43-4151,5350,43,43-0000,Office and Administrative Support Occupations,true,official_2010_to_2018_bridge_unique_SOC_major_group,mapped
census_2010,5360,"Human Resources Assistants, Except Payroll and Timekeeping",43-4161,5360,43,43-0000,Office and Administrative Support Occupations,true,official_2010_to_2018_bridge_unique_SOC_major_group,mapped
census_2010,5400,Receptionists and Information Clerks,43-4171,5400,43,43-0000,Office and Administrative Support Occupations,true,official_2010_to_2018_bridge_unique_SOC_major_group,mapped
census_2010,5410,Reservation and Transportation Ticket Agents and Travel Clerks,43-4181,5410,43,43-0000,Office and Administrative Support Occupations,true,official_2010_to_2018_bridge_unique_SOC_major_group,mapped
census_2010,5420,"Information and Record Clerks, All Other",43-4199,5420,43,43-0000,Office and Administrative Support Occupations,true,official_2010_to_2018_bridge_unique_SOC_major_group,mapped
census_2010,5500,Cargo and Freight Agents,43-5011,5500,43,43-0000,Office and Administrative Support Occupations,true,official_2010_to_2018_bridge_unique_SOC_major_group,mapped
census_2010,5510,Couriers and Messengers,43-5021,5510,43,43-0000,Office and Administrative Support Occupations,true,official_2010_to_2018_bridge_unique_SOC_major_group,mapped
census_2010,5520,Dispatchers,43-5030,5521;5522,43,43-0000,Office and Administrative Support Occupations,true,official_2010_to_2018_bridge_unique_SOC_major_group,mapped
census_2010,5530,"Meter Readers, Utilities",43-5041,5530,43,43-0000,Office and Administrative Support Occupations,true,official_2010_to_2018_bridge_unique_SOC_major_group,mapped
census_2010,5540,Postal Service Clerks,43-5051,5540,43,43-0000,Office and Administrative Support Occupations,true,official_2010_to_2018_bridge_unique_SOC_major_group,mapped
census_2010,5550,Postal Service Mail Carriers,43-5052,5550,43,43-0000,Office and Administrative Support Occupations,true,official_2010_to_2018_bridge_unique_SOC_major_group,mapped
census_2010,5560,"Postal Service Mail Sorters, Processors, and Processing Machine Operators",43-5053,5560,43,43-0000,Office and Administrative Support Occupations,true,official_2010_to_2018_bridge_unique_SOC_major_group,mapped
census_2010,5600,"Production, Planning, and Expediting Clerks",43-5061,5600,43,43-0000,Office and Administrative Support Occupations,true,official_2010_to_2018_bridge_unique_SOC_major_group,mapped
census_2010,5610,"Shipping, Receiving, and Traffic Clerks",43-5071,5610,43,43-0000,Office and Administrative Support Occupations,true,official_2010_to_2018_bridge_unique_SOC_major_group,mapped
census_2010,5620,Stock Clerks and Order Fillers,43-5081,9645,53,53-0000,Transportation and Material Moving Occupations,true,official_2010_to_2018_bridge_unique_SOC_major_group,mapped
census_2010,5630,"Weighers, Measurers, Checkers, and Samplers, Recordkeeping",43-5111,5630,43,43-0000,Office and Administrative Support Occupations,true,official_2010_to_2018_bridge_unique_SOC_major_group,mapped
census_2010,5700,Secretaries and Administrative Assistants,43-6010,5710;5720;5730;5740,43,43-0000,Office and Administrative Support Occupations,true,official_2010_to_2018_bridge_unique_SOC_major_group,mapped
census_2010,5800,Computer Operators,43-9011,1108,15,15-0000,Computer and Mathematical Occupations,true,official_2010_to_2018_bridge_unique_SOC_major_group,mapped
census_2010,5810,Data Entry Keyers,43-9021,5810,43,43-0000,Office and Administrative Support Occupations,true,official_2010_to_2018_bridge_unique_SOC_major_group,mapped
census_2010,5820,Word Processors and Typists,43-9022,5820,43,43-0000,Office and Administrative Support Occupations,true,official_2010_to_2018_bridge_unique_SOC_major_group,mapped
census_2010,5830,Desktop Publishers,43-9031,5830,43,43-0000,Office and Administrative Support Occupations,true,official_2010_to_2018_bridge_unique_SOC_major_group,mapped
census_2010,5840,Insurance Claims and Policy Processing Clerks,43-9041,5840,43,43-0000,Office and Administrative Support Occupations,true,official_2010_to_2018_bridge_unique_SOC_major_group,mapped
census_2010,5850,"Mail Clerks and Mail Machine Operators, Except Postal Service",43-9051,5850,43,43-0000,Office and Administrative Support Occupations,true,official_2010_to_2018_bridge_unique_SOC_major_group,mapped
census_2010,5860,"Office Clerks, General",43-9061,5860,43,43-0000,Office and Administrative Support Occupations,true,official_2010_to_2018_bridge_unique_SOC_major_group,mapped
census_2010,5900,"Office Machine Operators, Except Computer",43-9071,5900,43,43-0000,Office and Administrative Support Occupations,true,official_2010_to_2018_bridge_unique_SOC_major_group,mapped
census_2010,5910,Proofreaders and Copy Markers,43-9081,5910,43,43-0000,Office and Administrative Support Occupations,true,official_2010_to_2018_bridge_unique_SOC_major_group,mapped
census_2010,5920,Statistical Assistants,43-9111,5920,43,43-0000,Office and Administrative Support Occupations,true,official_2010_to_2018_bridge_unique_SOC_major_group,mapped
census_2010,5940,"Office and Administrative Support Workers, All Other",43-9199,5940,43,43-0000,Office and Administrative Support Occupations,true,official_2010_to_2018_bridge_unique_SOC_major_group,mapped
census_2010,6005,"First-Line Supervisors of Farming, Fishing, and Forestry Workers",45-1011,6005,45,45-0000,"Farming, Fishing, and Forestry Occupations",true,official_2010_to_2018_bridge_unique_SOC_major_group,mapped
census_2010,6010,Agricultural Inspectors,45-2011,6010,45,45-0000,"Farming, Fishing, and Forestry Occupations",true,official_2010_to_2018_bridge_unique_SOC_major_group,mapped
census_2010,6020,Animal Breeders,45-2021,6020,45,45-0000,"Farming, Fishing, and Forestry Occupations",true,official_2010_to_2018_bridge_unique_SOC_major_group,mapped
census_2010,6040,"Graders and Sorters, Agricultural Products",45-2041,6040,45,45-0000,"Farming, Fishing, and Forestry Occupations",true,official_2010_to_2018_bridge_unique_SOC_major_group,mapped
census_2010,6050,Miscellaneous Agricultural Workers,45-2090,6050,45,45-0000,"Farming, Fishing, and Forestry Occupations",true,official_2010_to_2018_bridge_unique_SOC_major_group,mapped
census_2010,6100,Fishers and Related Fishing Workers,45-3011,6115,45,45-0000,"Farming, Fishing, and Forestry Occupations",true,official_2010_to_2018_bridge_unique_SOC_major_group,mapped
census_2010,6110,Hunters and Trappers,45-3021,,,,,false,official_bridge_no_probability_allocation,unmapped_no_verified_2018_bridge
census_2010,6120,Forest and Conservation Workers,45-4011,6120,45,45-0000,"Farming, Fishing, and Forestry Occupations",true,official_2010_to_2018_bridge_unique_SOC_major_group,mapped
census_2010,6130,Logging Workers,45-4020,6130,45,45-0000,"Farming, Fishing, and Forestry Occupations",true,official_2010_to_2018_bridge_unique_SOC_major_group,mapped
census_2010,6200,First-Line Supervisors of Construction Trades and Extraction Workers,47-1011,6200,47,47-0000,Construction and Extraction Occupations,true,official_2010_to_2018_bridge_unique_SOC_major_group,mapped
census_2010,6210,Boilermakers,47-2011,6210,47,47-0000,Construction and Extraction Occupations,true,official_2010_to_2018_bridge_unique_SOC_major_group,mapped
census_2010,6220,"Brickmasons, Blockmasons, and Stonemasons",47-2020,6220,47,47-0000,Construction and Extraction Occupations,true,official_2010_to_2018_bridge_unique_SOC_major_group,mapped
census_2010,6230,Carpenters,47-2031,6230,47,47-0000,Construction and Extraction Occupations,true,official_2010_to_2018_bridge_unique_SOC_major_group,mapped
census_2010,6240,"Carpet, Floor, and Tile Installers and Finishers",47-2040,6240,47,47-0000,Construction and Extraction Occupations,true,official_2010_to_2018_bridge_unique_SOC_major_group,mapped
census_2010,6250,"Cement Masons, Concrete Finishers, and Terrazzo Workers",47-2050,6250,47,47-0000,Construction and Extraction Occupations,true,official_2010_to_2018_bridge_unique_SOC_major_group,mapped
census_2010,6260,Construction Laborers,47-2061,6260,47,47-0000,Construction and Extraction Occupations,true,official_2010_to_2018_bridge_unique_SOC_major_group,mapped
census_2010,6300,"Paving, Surfacing, and Tamping Equipment Operators",47-2071,6305,47,47-0000,Construction and Extraction Occupations,true,official_2010_to_2018_bridge_unique_SOC_major_group,mapped
census_2010,6310,Pile-Driver Operators,47-2072,,,,,false,official_bridge_no_probability_allocation,unmapped_no_verified_2018_bridge
census_2010,6320,Operating Engineers and Other Construction Equipment Operators,47-2073,,,,,false,official_bridge_no_probability_allocation,unmapped_no_verified_2018_bridge
census_2010,6330,"Drywall Installers, Ceiling Tile Installers, and Tapers",47-2080,6330,47,47-0000,Construction and Extraction Occupations,true,official_2010_to_2018_bridge_unique_SOC_major_group,mapped
census_2010,6355,Electricians,47-2111,6355,47,47-0000,Construction and Extraction Occupations,true,official_2010_to_2018_bridge_unique_SOC_major_group,mapped
census_2010,6360,Glaziers,47-2121,6360,47,47-0000,Construction and Extraction Occupations,true,official_2010_to_2018_bridge_unique_SOC_major_group,mapped
census_2010,6400,Insulation Workers,47-2130,6400,47,47-0000,Construction and Extraction Occupations,true,official_2010_to_2018_bridge_unique_SOC_major_group,mapped
census_2010,6420,"Painters, Construction and Maintenance",47-2141,6410,47,47-0000,Construction and Extraction Occupations,true,official_2010_to_2018_bridge_unique_SOC_major_group,mapped
census_2010,6430,Paperhangers,47-2142,,,,,false,official_bridge_no_probability_allocation,unmapped_no_verified_2018_bridge
census_2010,6440,"Pipelayers, Plumbers, Pipefitters, and Steamfitters",47-2150,6441;6442,47,47-0000,Construction and Extraction Occupations,true,official_2010_to_2018_bridge_unique_SOC_major_group,mapped
census_2010,6460,Plasterers and Stucco Masons,47-2161,6460,47,47-0000,Construction and Extraction Occupations,true,official_2010_to_2018_bridge_unique_SOC_major_group,mapped
census_2010,6500,Reinforcing Iron and Rebar Workers,47-2171,6500,47,47-0000,Construction and Extraction Occupations,true,official_2010_to_2018_bridge_unique_SOC_major_group,mapped
census_2010,6515,Roofers,47-2181,6515,47,47-0000,Construction and Extraction Occupations,true,official_2010_to_2018_bridge_unique_SOC_major_group,mapped
census_2010,6520,Sheet Metal Workers,47-2211,6520,47,47-0000,Construction and Extraction Occupations,true,official_2010_to_2018_bridge_unique_SOC_major_group,mapped
census_2010,6530,Structural Iron and Steel Workers,47-2221,6530,47,47-0000,Construction and Extraction Occupations,true,official_2010_to_2018_bridge_unique_SOC_major_group,mapped
census_2010,6540,Solar Photovoltaic Installers,47-2231,6540,47,47-0000,Construction and Extraction Occupations,true,official_2010_to_2018_bridge_unique_SOC_major_group,mapped
census_2010,6600,"Helpers, Construction Trades",47-3010,6600,47,47-0000,Construction and Extraction Occupations,true,official_2010_to_2018_bridge_unique_SOC_major_group,mapped
census_2010,6660,Construction and Building Inspectors,47-4011,6660,47,47-0000,Construction and Extraction Occupations,true,official_2010_to_2018_bridge_unique_SOC_major_group,mapped
census_2010,6700,Elevator Installers and Repairers,47-4021,6700,47,47-0000,Construction and Extraction Occupations,true,official_2010_to_2018_bridge_unique_SOC_major_group,mapped
census_2010,6710,Fence Erectors,47-4031,6710,47,47-0000,Construction and Extraction Occupations,true,official_2010_to_2018_bridge_unique_SOC_major_group,mapped
census_2010,6720,Hazardous Materials Removal Workers,47-4041,6720,47,47-0000,Construction and Extraction Occupations,true,official_2010_to_2018_bridge_unique_SOC_major_group,mapped
census_2010,6730,Highway Maintenance Workers,47-4051,6730,47,47-0000,Construction and Extraction Occupations,true,official_2010_to_2018_bridge_unique_SOC_major_group,mapped
census_2010,6740,Rail-Track Laying and Maintenance Equipment Operators,47-4061,6740,47,47-0000,Construction and Extraction Occupations,true,official_2010_to_2018_bridge_unique_SOC_major_group,mapped
census_2010,6750,Septic Tank Servicers and Sewer Pipe Cleaners,47-4071,6750,47,47-0000,Construction and Extraction Occupations,true,official_2010_to_2018_bridge_unique_SOC_major_group,mapped
census_2010,6765,Miscellaneous Construction and Related Workers,47-4090,6765,47,47-0000,Construction and Extraction Occupations,true,official_2010_to_2018_bridge_unique_SOC_major_group,mapped
census_2010,6800,"Derrick, Rotary Drill, and Service Unit Operators, Oil, Gas, and Mining",47-5010,6800,47,47-0000,Construction and Extraction Occupations,true,official_2010_to_2018_bridge_unique_SOC_major_group,mapped
census_2010,6820,"Earth Drillers, Except Oil and Gas",47-5021,6825;6835,47,47-0000,Construction and Extraction Occupations,true,official_2010_to_2018_bridge_unique_SOC_major_group,mapped
census_2010,6830,"Explosives Workers, Ordnance Handling Experts, and Blasters",47-5031,6835,47,47-0000,Construction and Extraction Occupations,true,official_2010_to_2018_bridge_unique_SOC_major_group,mapped
census_2010,6840,Mining Machine Operators,47-5040,6850;6950,47,47-0000,Construction and Extraction Occupations,true,official_2010_to_2018_bridge_unique_SOC_major_group,mapped
census_2010,6910,"Roof Bolters, Mining",47-5061,6850,47,47-0000,Construction and Extraction Occupations,true,official_2010_to_2018_bridge_unique_SOC_major_group,mapped
census_2010,6920,"Roustabouts, Oil and Gas",47-5071,6920,47,47-0000,Construction and Extraction Occupations,true,official_2010_to_2018_bridge_unique_SOC_major_group,mapped
census_2010,6930,Helpers--Extraction Workers,47-5081,6950,47,47-0000,Construction and Extraction Occupations,true,official_2010_to_2018_bridge_unique_SOC_major_group,mapped
census_2010,6940,Other Extraction Workers,47-50XX,6950,47,47-0000,Construction and Extraction Occupations,true,official_2010_to_2018_bridge_unique_SOC_major_group,mapped
census_2010,7000,"First-Line Supervisors of Mechanics, Installers, and Repairers",49-1011,7000,49,49-0000,"Installation, Maintenance, and Repair Occupations",true,official_2010_to_2018_bridge_unique_SOC_major_group,mapped
census_2010,7010,"Computer, Automated Teller, and Office Machine Repairers",49-2011,7010,49,49-0000,"Installation, Maintenance, and Repair Occupations",true,official_2010_to_2018_bridge_unique_SOC_major_group,mapped
census_2010,7020,Radio and Telecommunications Equipment Installers and Repairers,49-2020,7020,49,49-0000,"Installation, Maintenance, and Repair Occupations",true,official_2010_to_2018_bridge_unique_SOC_major_group,mapped
census_2010,7030,Avionics Technicians,49-2091,7030,49,49-0000,"Installation, Maintenance, and Repair Occupations",true,official_2010_to_2018_bridge_unique_SOC_major_group,mapped
census_2010,7040,"Electric Motor, Power Tool, and Related Repairers",49-2092,7040,49,49-0000,"Installation, Maintenance, and Repair Occupations",true,official_2010_to_2018_bridge_unique_SOC_major_group,mapped
census_2010,7050,"Electrical and Electronics Installers and Repairers, Transportation Equipment",49-2093,7050,49,49-0000,"Installation, Maintenance, and Repair Occupations",true,official_2010_to_2018_bridge_unique_SOC_major_group,mapped
census_2010,7100,"Electrical and Electronics Repairers, Industrial and Utility",49-209X,7100,49,49-0000,"Installation, Maintenance, and Repair Occupations",true,official_2010_to_2018_bridge_unique_SOC_major_group,mapped
census_2010,7110,"Electronic Equipment Installers and Repairers, Motor Vehicles",49-2096,7110,49,49-0000,"Installation, Maintenance, and Repair Occupations",true,official_2010_to_2018_bridge_unique_SOC_major_group,mapped
census_2010,7120,Electronic Home Entertainment Equipment Installers and Repairers,49-2097,7120,49,49-0000,"Installation, Maintenance, and Repair Occupations",true,official_2010_to_2018_bridge_unique_SOC_major_group,mapped
census_2010,7130,Security and Fire Alarm Systems Installers,49-2098,7130,49,49-0000,"Installation, Maintenance, and Repair Occupations",true,official_2010_to_2018_bridge_unique_SOC_major_group,mapped
census_2010,7140,Aircraft Mechanics and Service Technicians,49-3011,7140,49,49-0000,"Installation, Maintenance, and Repair Occupations",true,official_2010_to_2018_bridge_unique_SOC_major_group,mapped
census_2010,7150,Automotive Body and Related Repairers,49-3021,7150,49,49-0000,"Installation, Maintenance, and Repair Occupations",true,official_2010_to_2018_bridge_unique_SOC_major_group,mapped
census_2010,7160,Automotive Glass Installers and Repairers,49-3022,7160,49,49-0000,"Installation, Maintenance, and Repair Occupations",true,official_2010_to_2018_bridge_unique_SOC_major_group,mapped
census_2010,7200,Automotive Service Technicians and Mechanics,49-3023,7200,49,49-0000,"Installation, Maintenance, and Repair Occupations",true,official_2010_to_2018_bridge_unique_SOC_major_group,mapped
census_2010,7210,Bus and Truck Mechanics and Diesel Engine Specialists,49-3031,7210,49,49-0000,"Installation, Maintenance, and Repair Occupations",true,official_2010_to_2018_bridge_unique_SOC_major_group,mapped
census_2010,7220,Heavy Vehicle and Mobile Equipment Service Technicians and Mechanics,49-3040,7220,49,49-0000,"Installation, Maintenance, and Repair Occupations",true,official_2010_to_2018_bridge_unique_SOC_major_group,mapped
census_2010,7240,Small Engine Mechanics,49-3050,7240,49,49-0000,"Installation, Maintenance, and Repair Occupations",true,official_2010_to_2018_bridge_unique_SOC_major_group,mapped
census_2010,7260,"Miscellaneous Vehicle and Mobile Equipment Mechanics, Installers, and Repairers",49-3090,7260,49,49-0000,"Installation, Maintenance, and Repair Occupations",true,official_2010_to_2018_bridge_unique_SOC_major_group,mapped
census_2010,7300,Control and Valve Installers and Repairers,49-9010,7300,49,49-0000,"Installation, Maintenance, and Repair Occupations",true,official_2010_to_2018_bridge_unique_SOC_major_group,mapped
census_2010,7315,"Heating, Air Conditioning, and Refrigeration Mechanics and Installers",49-9021,7315,49,49-0000,"Installation, Maintenance, and Repair Occupations",true,official_2010_to_2018_bridge_unique_SOC_major_group,mapped
census_2010,7320,Home Appliance Repairers,49-9031,7320,49,49-0000,"Installation, Maintenance, and Repair Occupations",true,official_2010_to_2018_bridge_unique_SOC_major_group,mapped
census_2010,7330,Industrial and Refractory Machinery Mechanics,49-904X,7330,49,49-0000,"Installation, Maintenance, and Repair Occupations",true,official_2010_to_2018_bridge_unique_SOC_major_group,mapped
census_2010,7340,"Maintenance and Repair Workers, General",49-9071,7340,49,49-0000,"Installation, Maintenance, and Repair Occupations",true,official_2010_to_2018_bridge_unique_SOC_major_group,mapped
census_2010,7350,"Maintenance Workers, Machinery",49-9043,7350,49,49-0000,"Installation, Maintenance, and Repair Occupations",true,official_2010_to_2018_bridge_unique_SOC_major_group,mapped
census_2010,7360,Millwrights,49-9044,7360,49,49-0000,"Installation, Maintenance, and Repair Occupations",true,official_2010_to_2018_bridge_unique_SOC_major_group,mapped
census_2010,7410,Electrical Power-Line Installers and Repairers,49-9051,7410,49,49-0000,"Installation, Maintenance, and Repair Occupations",true,official_2010_to_2018_bridge_unique_SOC_major_group,mapped
census_2010,7420,Telecommunications Line Installers and Repairers,49-9052,7420,49,49-0000,"Installation, Maintenance, and Repair Occupations",true,official_2010_to_2018_bridge_unique_SOC_major_group,mapped
census_2010,7430,Precision Instrument and Equipment Repairers,49-9060,7430,49,49-0000,"Installation, Maintenance, and Repair Occupations",true,official_2010_to_2018_bridge_unique_SOC_major_group,mapped
census_2010,7440,Wind Turbine Service Technicians,49-9081,7440,49,49-0000,"Installation, Maintenance, and Repair Occupations",true,official_2010_to_2018_bridge_unique_SOC_major_group,mapped
census_2010,7510,"Coin, Vending, and Amusement Machine Servicers and Repairers",49-9091,7510,49,49-0000,"Installation, Maintenance, and Repair Occupations",true,official_2010_to_2018_bridge_unique_SOC_major_group,mapped
census_2010,7520,Commercial Divers,49-9092,7520,49,49-0000,"Installation, Maintenance, and Repair Occupations",true,official_2010_to_2018_bridge_unique_SOC_major_group,mapped
census_2010,7540,Locksmiths and Safe Repairers,49-9094,7540,49,49-0000,"Installation, Maintenance, and Repair Occupations",true,official_2010_to_2018_bridge_unique_SOC_major_group,mapped
census_2010,7550,Manufactured Building and Mobile Home Installers,49-9095,7550,49,49-0000,"Installation, Maintenance, and Repair Occupations",true,official_2010_to_2018_bridge_unique_SOC_major_group,mapped
census_2010,7560,Riggers,49-9096,7560,49,49-0000,"Installation, Maintenance, and Repair Occupations",true,official_2010_to_2018_bridge_unique_SOC_major_group,mapped
census_2010,7600,Signal and Track Switch Repairers,49-9097,7640,49,49-0000,"Installation, Maintenance, and Repair Occupations",true,official_2010_to_2018_bridge_unique_SOC_major_group,mapped
census_2010,7610,"Helpers--Installation, Maintenance, and Repair Workers",49-9098,7610,49,49-0000,"Installation, Maintenance, and Repair Occupations",true,official_2010_to_2018_bridge_unique_SOC_major_group,mapped
census_2010,7630,"Other Installation, Maintenance, and Repair Workers",49-909X,,,,,false,official_bridge_no_probability_allocation,unmapped_no_verified_2018_bridge
census_2010,7700,First-Line Supervisors of Production and Operating Workers,51-1011,7700,51,51-0000,Production Occupations,true,official_2010_to_2018_bridge_unique_SOC_major_group,mapped
census_2010,7710,"Aircraft Structure, Surfaces, Rigging, and Systems Assemblers",51-2011,7710,51,51-0000,Production Occupations,true,official_2010_to_2018_bridge_unique_SOC_major_group,mapped
census_2010,7720,"Electrical, Electronics, and Electromechanical Assemblers",51-2020,7720,51,51-0000,Production Occupations,true,official_2010_to_2018_bridge_unique_SOC_major_group,mapped
census_2010,7730,Engine and Other Machine Assemblers,51-2031,7730,51,51-0000,Production Occupations,true,official_2010_to_2018_bridge_unique_SOC_major_group,mapped
census_2010,7740,Structural Metal Fabricators and Fitters,51-2041,7740,51,51-0000,Production Occupations,true,official_2010_to_2018_bridge_unique_SOC_major_group,mapped
census_2010,7750,Miscellaneous Assemblers and Fabricators,51-2090,7750,51,51-0000,Production Occupations,true,official_2010_to_2018_bridge_unique_SOC_major_group,mapped
census_2010,7800,Bakers,51-3011,7800,51,51-0000,Production Occupations,true,official_2010_to_2018_bridge_unique_SOC_major_group,mapped
census_2010,7810,"Butchers and Other Meat, Poultry, and Fish Processing Workers",51-3020,7810,51,51-0000,Production Occupations,true,official_2010_to_2018_bridge_unique_SOC_major_group,mapped
census_2010,7830,"Food and Tobacco Roasting, Baking, and Drying Machine Operators and Tenders",51-3091,7830,51,51-0000,Production Occupations,true,official_2010_to_2018_bridge_unique_SOC_major_group,mapped
census_2010,7840,Food Batchmakers,51-3092,7840,51,51-0000,Production Occupations,true,official_2010_to_2018_bridge_unique_SOC_major_group,mapped
census_2010,7850,Food Cooking Machine Operators and Tenders,51-3093,7850,51,51-0000,Production Occupations,true,official_2010_to_2018_bridge_unique_SOC_major_group,mapped
census_2010,7855,"Food Processing Workers, All Other",51-3099,7855,51,51-0000,Production Occupations,true,official_2010_to_2018_bridge_unique_SOC_major_group,mapped
census_2010,7900,Computer Control Programmers and Operators,51-4010,7905,51,51-0000,Production Occupations,true,official_2010_to_2018_bridge_unique_SOC_major_group,mapped
census_2010,7920,"Extruding and Drawing Machine Setters, Operators, and Tenders, Metal and Plastic",51-4021,7925,51,51-0000,Production Occupations,true,official_2010_to_2018_bridge_unique_SOC_major_group,mapped
census_2010,7930,"Forging Machine Setters, Operators, and Tenders, Metal and Plastic",51-4022,,,,,false,official_bridge_no_probability_allocation,unmapped_no_verified_2018_bridge
census_2010,7940,"Rolling Machine Setters, Operators, and Tenders, Metal and Plastic",51-4023,,,,,false,official_bridge_no_probability_allocation,unmapped_no_verified_2018_bridge
census_2010,7950,"Cutting, Punching, and Press Machine Setters, Operators, and Tenders, Metal and Plastic",51-4031,7950,51,51-0000,Production Occupations,true,official_2010_to_2018_bridge_unique_SOC_major_group,mapped
census_2010,7960,"Drilling and Boring Machine Tool Setters, Operators, and Tenders, Metal and Plastic",51-4032,8025,51,51-0000,Production Occupations,true,official_2010_to_2018_bridge_unique_SOC_major_group,mapped
census_2010,8000,"Grinding, Lapping, Polishing, and Buffing Machine Tool Setters, Operators, and Tenders, Metal and Plastic",51-4033,8000,51,51-0000,Production Occupations,true,official_2010_to_2018_bridge_unique_SOC_major_group,mapped
census_2010,8010,"Lathe and Turning Machine Tool Setters, Operators, and Tenders, Metal and Plastic",51-4034,,,,,false,official_bridge_no_probability_allocation,unmapped_no_verified_2018_bridge
census_2010,8020,"Milling and Planing Machine Setters, Operators, and Tenders, Metal and Plastic",51-4035,,,,,false,official_bridge_no_probability_allocation,unmapped_no_verified_2018_bridge
census_2010,8030,Machinists,51-4041,8030,51,51-0000,Production Occupations,true,official_2010_to_2018_bridge_unique_SOC_major_group,mapped
census_2010,8040,"Metal Furnace Operators, Tenders, Pourers, and Casters",51-4050,8040,51,51-0000,Production Occupations,true,official_2010_to_2018_bridge_unique_SOC_major_group,mapped
census_2010,8060,"Model Makers and Patternmakers, Metal and Plastic",51-4060,8060,51,51-0000,Production Occupations,true,official_2010_to_2018_bridge_unique_SOC_major_group,mapped
census_2010,8100,"Molders and Molding Machine Setters, Operators, and Tenders, Metal and Plastic",51-4070,8100,51,51-0000,Production Occupations,true,official_2010_to_2018_bridge_unique_SOC_major_group,mapped
census_2010,8120,"Multiple Machine Tool Setters, Operators, and Tenders, Metal and Plastic",51-4081,8225,51,51-0000,Production Occupations,true,official_2010_to_2018_bridge_unique_SOC_major_group,mapped
census_2010,8130,Tool and Die Makers,51-4111,8130,51,51-0000,Production Occupations,true,official_2010_to_2018_bridge_unique_SOC_major_group,mapped
census_2010,8140,"Welding, Soldering, and Brazing Workers",51-4120,8140,51,51-0000,Production Occupations,true,official_2010_to_2018_bridge_unique_SOC_major_group,mapped
census_2010,8150,"Heat Treating Equipment Setters, Operators, and Tenders, Metal and Plastic",51-4191,,,,,false,official_bridge_no_probability_allocation,unmapped_no_verified_2018_bridge
census_2010,8160,"Layout Workers, Metal and Plastic",51-4192,,,,,false,official_bridge_no_probability_allocation,unmapped_no_verified_2018_bridge
census_2010,8200,"Plating and Coating Machine Setters, Operators, and Tenders, Metal and Plastic",51-4193,,,,,false,official_bridge_no_probability_allocation,unmapped_no_verified_2018_bridge
census_2010,8210,"Tool Grinders, Filers, and Sharpeners",51-4194,,,,,false,official_bridge_no_probability_allocation,unmapped_no_verified_2018_bridge
census_2010,8220,"Metal Workers and Plastic Workers, All Other",51-4199,,,,,false,official_bridge_no_probability_allocation,unmapped_no_verified_2018_bridge
census_2010,8250,Prepress Technicians and Workers,51-5111,8250,51,51-0000,Production Occupations,true,official_2010_to_2018_bridge_unique_SOC_major_group,mapped
census_2010,8255,Printing Press Operators,51-5112,8255,51,51-0000,Production Occupations,true,official_2010_to_2018_bridge_unique_SOC_major_group,mapped
census_2010,8256,Print Binding and Finishing Workers,51-5113,8256,51,51-0000,Production Occupations,true,official_2010_to_2018_bridge_unique_SOC_major_group,mapped
census_2010,8300,Laundry and Dry-Cleaning Workers,51-6011,8300,51,51-0000,Production Occupations,true,official_2010_to_2018_bridge_unique_SOC_major_group,mapped
census_2010,8310,"Pressers, Textile, Garment, and Related Materials",51-6021,8310,51,51-0000,Production Occupations,true,official_2010_to_2018_bridge_unique_SOC_major_group,mapped
census_2010,8320,Sewing Machine Operators,51-6031,8320,51,51-0000,Production Occupations,true,official_2010_to_2018_bridge_unique_SOC_major_group,mapped
census_2010,8330,Shoe and Leather Workers and Repairers,51-6041,8335,51,51-0000,Production Occupations,true,official_2010_to_2018_bridge_unique_SOC_major_group,mapped
census_2010,8340,Shoe Machine Operators and Tenders,51-6042,,,,,false,official_bridge_no_probability_allocation,unmapped_no_verified_2018_bridge
census_2010,8350,"Tailors, Dressmakers, and Sewers",51-6050,8350,51,51-0000,Production Occupations,true,official_2010_to_2018_bridge_unique_SOC_major_group,mapped
census_2010,8360,Textile Bleaching and Dyeing Machine Operators and Tenders,51-6061,8365,51,51-0000,Production Occupations,true,official_2010_to_2018_bridge_unique_SOC_major_group,mapped
census_2010,8400,"Textile Cutting Machine Setters, Operators, and Tenders",51-6062,,,,,false,official_bridge_no_probability_allocation,unmapped_no_verified_2018_bridge
census_2010,8410,"Textile Knitting and Weaving Machine Setters, Operators, and Tenders",51-6063,,,,,false,official_bridge_no_probability_allocation,unmapped_no_verified_2018_bridge
census_2010,8420,"Textile Winding, Twisting, and Drawing Out Machine Setters, Operators, and Tenders",51-6064,,,,,false,official_bridge_no_probability_allocation,unmapped_no_verified_2018_bridge
census_2010,8430,"Extruding and Forming Machine Setters, Operators, and Tenders, Synthetic and Glass Fibers",51-6091,8465,51,51-0000,Production Occupations,true,official_2010_to_2018_bridge_unique_SOC_major_group,mapped
census_2010,8440,Fabric and Apparel Patternmakers,51-6092,,,,,false,official_bridge_no_probability_allocation,unmapped_no_verified_2018_bridge
census_2010,8450,Upholsterers,51-6093,8450,51,51-0000,Production Occupations,true,official_2010_to_2018_bridge_unique_SOC_major_group,mapped
census_2010,8460,"Textile, Apparel, and Furnishings Workers, All Other",51-6099,,,,,false,official_bridge_no_probability_allocation,unmapped_no_verified_2018_bridge
census_2010,8500,Cabinetmakers and Bench Carpenters,51-7011,8500,51,51-0000,Production Occupations,true,official_2010_to_2018_bridge_unique_SOC_major_group,mapped
census_2010,8510,Furniture Finishers,51-7021,8510,51,51-0000,Production Occupations,true,official_2010_to_2018_bridge_unique_SOC_major_group,mapped
census_2010,8520,"Model Makers and Patternmakers, Wood",51-7030,8555,51,51-0000,Production Occupations,true,official_2010_to_2018_bridge_unique_SOC_major_group,mapped
census_2010,8530,"Sawing Machine Setters, Operators, and Tenders, Wood",51-7041,8530,51,51-0000,Production Occupations,true,official_2010_to_2018_bridge_unique_SOC_major_group,mapped
census_2010,8540,"Woodworking Machine Setters, Operators, and Tenders, Except Sawing",51-7042,8540,51,51-0000,Production Occupations,true,official_2010_to_2018_bridge_unique_SOC_major_group,mapped
census_2010,8550,"Woodworkers, All Other",51-7099,,,,,false,official_bridge_no_probability_allocation,unmapped_no_verified_2018_bridge
census_2010,8600,"Power Plant Operators, Distributors, and Dispatchers",51-8010,8600,51,51-0000,Production Occupations,true,official_2010_to_2018_bridge_unique_SOC_major_group,mapped
census_2010,8610,Stationary Engineers and Boiler Operators,51-8021,8610,51,51-0000,Production Occupations,true,official_2010_to_2018_bridge_unique_SOC_major_group,mapped
census_2010,8620,Water and Wastewater Treatment Plant and System Operators,51-8031,8620,51,51-0000,Production Occupations,true,official_2010_to_2018_bridge_unique_SOC_major_group,mapped
census_2010,8630,Miscellaneous Plant and System Operators,51-8090,8630,51,51-0000,Production Occupations,true,official_2010_to_2018_bridge_unique_SOC_major_group,mapped
census_2010,8640,"Chemical Processing Machine Setters, Operators, and Tenders",51-9010,8640,51,51-0000,Production Occupations,true,official_2010_to_2018_bridge_unique_SOC_major_group,mapped
census_2010,8650,"Crushing, Grinding, Polishing, Mixing, and Blending Workers",51-9020,8650,51,51-0000,Production Occupations,true,official_2010_to_2018_bridge_unique_SOC_major_group,mapped
census_2010,8710,Cutting Workers,51-9030,8710,51,51-0000,Production Occupations,true,official_2010_to_2018_bridge_unique_SOC_major_group,mapped
census_2010,8720,"Extruding, Forming, Pressing, and Compacting Machine Setters, Operators, and Tenders",51-9041,8720,51,51-0000,Production Occupations,true,official_2010_to_2018_bridge_unique_SOC_major_group,mapped
census_2010,8730,"Furnace, Kiln, Oven, Drier, and Kettle Operators and Tenders",51-9051,8730,51,51-0000,Production Occupations,true,official_2010_to_2018_bridge_unique_SOC_major_group,mapped
census_2010,8740,"Inspectors, Testers, Sorters, Samplers, and Weighers",51-9061,8740,51,51-0000,Production Occupations,true,official_2010_to_2018_bridge_unique_SOC_major_group,mapped
census_2010,8750,Jewelers and Precious Stone and Metal Workers,51-9071,8750,51,51-0000,Production Occupations,true,official_2010_to_2018_bridge_unique_SOC_major_group,mapped
census_2010,8760,"Medical, Dental, and Ophthalmic Laboratory Technicians",51-9080,8760,51,51-0000,Production Occupations,true,official_2010_to_2018_bridge_unique_SOC_major_group,mapped
census_2010,8800,Packaging and Filling Machine Operators and Tenders,51-9111,8800,51,51-0000,Production Occupations,true,official_2010_to_2018_bridge_unique_SOC_major_group,mapped
census_2010,8810,Painting Workers,51-9120,8810,51,51-0000,Production Occupations,true,official_2010_to_2018_bridge_unique_SOC_major_group,mapped
census_2010,8830,Photographic Process Workers and Processing Machine Operators,51-9151,8830,51,51-0000,Production Occupations,true,official_2010_to_2018_bridge_unique_SOC_major_group,mapped
census_2010,8840,Semiconductor Processors,51-9141,8990,51,51-0000,Production Occupations,true,official_2010_to_2018_bridge_unique_SOC_major_group,mapped
census_2010,8850,Adhesive Bonding Machine Operators and Tenders,51-9191,8850,51,51-0000,Production Occupations,true,official_2010_to_2018_bridge_unique_SOC_major_group,mapped
census_2010,8860,"Cleaning, Washing, and Metal Pickling Equipment Operators and Tenders",51-9192,8865,51,51-0000,Production Occupations,true,official_2010_to_2018_bridge_unique_SOC_major_group,mapped
census_2010,8900,Cooling and Freezing Equipment Operators and Tenders,51-9193,,,,,false,official_bridge_no_probability_allocation,unmapped_no_verified_2018_bridge
census_2010,8910,Etchers and Engravers,51-9194,8910,51,51-0000,Production Occupations,true,official_2010_to_2018_bridge_unique_SOC_major_group,mapped
census_2010,8920,"Molders, Shapers, and Casters, Except Metal and Plastic",51-9195,8920,51,51-0000,Production Occupations,true,official_2010_to_2018_bridge_unique_SOC_major_group,mapped
census_2010,8930,"Paper Goods Machine Setters, Operators, and Tenders",51-9196,8930,51,51-0000,Production Occupations,true,official_2010_to_2018_bridge_unique_SOC_major_group,mapped
census_2010,8940,Tire Builders,51-9197,8940,51,51-0000,Production Occupations,true,official_2010_to_2018_bridge_unique_SOC_major_group,mapped
census_2010,8950,Helpers--Production Workers,51-9198,8950,51,51-0000,Production Occupations,true,official_2010_to_2018_bridge_unique_SOC_major_group,mapped
census_2010,8965,"Production Workers, All Other",51-9199,7905;8990,51,51-0000,Production Occupations,true,official_2010_to_2018_bridge_unique_SOC_major_group,mapped
census_2010,9000,Supervisors of Transportation and Material Moving Workers,53-1000,9005,53,53-0000,Transportation and Material Moving Occupations,true,official_2010_to_2018_bridge_unique_SOC_major_group,mapped
census_2010,9030,Aircraft Pilots and Flight Engineers,53-2010,9030,53,53-0000,Transportation and Material Moving Occupations,true,official_2010_to_2018_bridge_unique_SOC_major_group,mapped
census_2010,9040,Air Traffic Controllers and Airfield Operations Specialists,53-2020,9040,53,53-0000,Transportation and Material Moving Occupations,true,official_2010_to_2018_bridge_unique_SOC_major_group,mapped
census_2010,9050,Flight Attendants,53-2031,9050,53,53-0000,Transportation and Material Moving Occupations,true,official_2010_to_2018_bridge_unique_SOC_major_group,mapped
census_2010,9110,"Ambulance Drivers and Attendants, Except Emergency Medical Technicians",53-3011,9110,53,53-0000,Transportation and Material Moving Occupations,true,official_2010_to_2018_bridge_unique_SOC_major_group,mapped
census_2010,9120,Bus Drivers,53-3020,9121;9122;9141,53,53-0000,Transportation and Material Moving Occupations,true,official_2010_to_2018_bridge_unique_SOC_major_group,mapped
census_2010,9130,Driver/Sales Workers and Truck Drivers,53-3030,9130,53,53-0000,Transportation and Material Moving Occupations,true,official_2010_to_2018_bridge_unique_SOC_major_group,mapped
census_2010,9140,Taxi Drivers and Chauffeurs,53-3041,9141;9142,53,53-0000,Transportation and Material Moving Occupations,true,official_2010_to_2018_bridge_unique_SOC_major_group,mapped
census_2010,9150,"Motor Vehicle Operators, All Other",53-3099,9150,53,53-0000,Transportation and Material Moving Occupations,true,official_2010_to_2018_bridge_unique_SOC_major_group,mapped
census_2010,9200,Locomotive Engineers and Operators,53-4010,9210;9265,53,53-0000,Transportation and Material Moving Occupations,true,official_2010_to_2018_bridge_unique_SOC_major_group,mapped
census_2010,9230,"Railroad Brake, Signal, and Switch Operators",53-4021,9265,53,53-0000,Transportation and Material Moving Occupations,true,official_2010_to_2018_bridge_unique_SOC_major_group,mapped
census_2010,9240,Railroad Conductors and Yardmasters,53-4031,9240,53,53-0000,Transportation and Material Moving Occupations,true,official_2010_to_2018_bridge_unique_SOC_major_group,mapped
census_2010,9260,"Subway, Streetcar, and Other Rail Transportation Workers",53-40XX,,,,,false,official_bridge_no_probability_allocation,unmapped_no_verified_2018_bridge
census_2010,9300,Sailors and Marine Oilers,53-5011,9300,53,53-0000,Transportation and Material Moving Occupations,true,official_2010_to_2018_bridge_unique_SOC_major_group,mapped
census_2010,9310,Ship and Boat Captains and Operators,53-5020,9310,53,53-0000,Transportation and Material Moving Occupations,true,official_2010_to_2018_bridge_unique_SOC_major_group,mapped
census_2010,9330,Ship Engineers,53-5031,9330,53,53-0000,Transportation and Material Moving Occupations,true,official_2010_to_2018_bridge_unique_SOC_major_group,mapped
census_2010,9340,Bridge and Lock Tenders,53-6011,9430,53,53-0000,Transportation and Material Moving Occupations,true,official_2010_to_2018_bridge_unique_SOC_major_group,mapped
census_2010,9350,Parking Lot Attendants,53-6021,9350,53,53-0000,Transportation and Material Moving Occupations,true,official_2010_to_2018_bridge_unique_SOC_major_group,mapped
census_2010,9360,Automotive and Watercraft Service Attendants,53-6031,9365,53,53-0000,Transportation and Material Moving Occupations,true,official_2010_to_2018_bridge_unique_SOC_major_group,mapped
census_2010,9410,Transportation Inspectors,53-6051,9410,53,53-0000,Transportation and Material Moving Occupations,true,official_2010_to_2018_bridge_unique_SOC_major_group,mapped
census_2010,9415,"Transportation Attendants, except Flight Attendants",53-6061,9415,53,53-0000,Transportation and Material Moving Occupations,true,official_2010_to_2018_bridge_unique_SOC_major_group,mapped
census_2010,9420,Other Transportation Workers,53-60XX,9365;9430,53,53-0000,Transportation and Material Moving Occupations,true,official_2010_to_2018_bridge_unique_SOC_major_group,mapped
census_2010,9500,Conveyor Operators and Tenders,53-7011,9570,53,53-0000,Transportation and Material Moving Occupations,true,official_2010_to_2018_bridge_unique_SOC_major_group,mapped
census_2010,9510,Crane and Tower Operators,53-7021,9510,53,53-0000,Transportation and Material Moving Occupations,true,official_2010_to_2018_bridge_unique_SOC_major_group,mapped
census_2010,9520,"Dredge, Excavating, and Loading Machine Operators",53-7030,6821;6850;9570;9760,47;53,,,false,official_bridge_no_probability_allocation,unmapped_ambiguous_cross_year_major_group
census_2010,9560,Hoist and Winch Operators,53-7041,9570,53,53-0000,Transportation and Material Moving Occupations,true,official_2010_to_2018_bridge_unique_SOC_major_group,mapped
census_2010,9600,Industrial Truck and Tractor Operators,53-7051,9600,53,53-0000,Transportation and Material Moving Occupations,true,official_2010_to_2018_bridge_unique_SOC_major_group,mapped
census_2010,9610,Cleaners of Vehicles and Equipment,53-7061,9610,53,53-0000,Transportation and Material Moving Occupations,true,official_2010_to_2018_bridge_unique_SOC_major_group,mapped
census_2010,9620,"Laborers and Freight, Stock, and Material Movers, Hand",53-7062,9620,53,53-0000,Transportation and Material Moving Occupations,true,official_2010_to_2018_bridge_unique_SOC_major_group,mapped
census_2010,9630,Machine Feeders and Offbearers,53-7063,9630,53,53-0000,Transportation and Material Moving Occupations,true,official_2010_to_2018_bridge_unique_SOC_major_group,mapped
census_2010,9640,"Packers and Packagers, Hand",53-7064,9640,53,53-0000,Transportation and Material Moving Occupations,true,official_2010_to_2018_bridge_unique_SOC_major_group,mapped
census_2010,9650,Pumping Station Operators,53-7070,9650,53,53-0000,Transportation and Material Moving Occupations,true,official_2010_to_2018_bridge_unique_SOC_major_group,mapped
census_2010,9720,Refuse and Recyclable Material Collectors,53-7081,9720,53,53-0000,Transportation and Material Moving Occupations,true,official_2010_to_2018_bridge_unique_SOC_major_group,mapped
census_2010,9730,Mine Shuttle Car Operators,53-7111,6850,47,47-0000,Construction and Extraction Occupations,true,official_2010_to_2018_bridge_unique_SOC_major_group,mapped
census_2010,9740,"Tank Car, Truck, and Ship Loaders",53-7121,9760,53,53-0000,Transportation and Material Moving Occupations,true,official_2010_to_2018_bridge_unique_SOC_major_group,mapped
census_2010,9750,"Material Moving Workers, All Other",53-7199,,,,,false,official_bridge_no_probability_allocation,unmapped_no_verified_2018_bridge
census_2010,9800,Military Officer Special and Tactical Operations Leaders,55-1010,9800,55,55-0000,Military Specific Occupations,false,official_2010_to_2018_bridge_unique_SOC_major_group,mapped
census_2010,9810,First-Line Enlisted Military Supervisors,55-2010,9810,55,55-0000,Military Specific Occupations,false,official_2010_to_2018_bridge_unique_SOC_major_group,mapped
census_2010,9820,Military Enlisted Tactical Operations and Air/Weapons Specialists and Crew Members,55-3010,1555;9825,17;55,,,false,official_bridge_no_probability_allocation,unmapped_ambiguous_cross_year_major_group
census_2010,9830,"Military, Rank Not Specified",none,9830,,,,false,official_bridge_no_probability_allocation,special_unmapped_no_civilian_occupation
census_2010,9920,"Unemployed, with no work experience in the last 5 years or earlier or never worked",none,9920,,,,false,official_bridge_no_probability_allocation,special_unmapped_no_civilian_occupation
census_2018,0010,Chief executives,11-1011,0010,11,11-0000,Management Occupations,true,official_equivalent_SOC_major_group_prefix,mapped
census_2018,0020,General and operations managers,11-1021,0020,11,11-0000,Management Occupations,true,official_equivalent_SOC_major_group_prefix,mapped
census_2018,0030,Legislators,11-1031,0030,11,11-0000,Management Occupations,true,official_equivalent_SOC_major_group_prefix,mapped
census_2018,0040,Advertising and promotions managers,11-2011,0040,11,11-0000,Management Occupations,true,official_equivalent_SOC_major_group_prefix,mapped
census_2018,0051,Marketing managers,11-2021,0051,11,11-0000,Management Occupations,true,official_equivalent_SOC_major_group_prefix,mapped
census_2018,0052,Sales managers,11-2022,0052,11,11-0000,Management Occupations,true,official_equivalent_SOC_major_group_prefix,mapped
census_2018,0060,Public relations and fundraising managers,11-2030,0060,11,11-0000,Management Occupations,true,official_equivalent_SOC_major_group_prefix,mapped
census_2018,0101,Administrative services managers,11-3012,0101,11,11-0000,Management Occupations,true,official_equivalent_SOC_major_group_prefix,mapped
census_2018,0102,Facilities managers,11-3013,0102,11,11-0000,Management Occupations,true,official_equivalent_SOC_major_group_prefix,mapped
census_2018,0110,Computer and information systems managers,11-3021,0110,11,11-0000,Management Occupations,true,official_equivalent_SOC_major_group_prefix,mapped
census_2018,0120,Financial managers,11-3031,0120,11,11-0000,Management Occupations,true,official_equivalent_SOC_major_group_prefix,mapped
census_2018,0135,Compensation and benefits managers,11-3111,0135,11,11-0000,Management Occupations,true,official_equivalent_SOC_major_group_prefix,mapped
census_2018,0136,Human resources managers,11-3121,0136,11,11-0000,Management Occupations,true,official_equivalent_SOC_major_group_prefix,mapped
census_2018,0137,Training and development managers,11-3131,0137,11,11-0000,Management Occupations,true,official_equivalent_SOC_major_group_prefix,mapped
census_2018,0140,Industrial production managers,11-3051,0140,11,11-0000,Management Occupations,true,official_equivalent_SOC_major_group_prefix,mapped
census_2018,0150,Purchasing managers,11-3061,0150,11,11-0000,Management Occupations,true,official_equivalent_SOC_major_group_prefix,mapped
census_2018,0160,"Transportation, storage, and distribution managers",11-3071,0160,11,11-0000,Management Occupations,true,official_equivalent_SOC_major_group_prefix,mapped
census_2018,0205,"Farmers, ranchers, and other agricultural managers",11-9013,0205,11,11-0000,Management Occupations,true,official_equivalent_SOC_major_group_prefix,mapped
census_2018,0220,Construction managers,11-9021,0220,11,11-0000,Management Occupations,true,official_equivalent_SOC_major_group_prefix,mapped
census_2018,0230,Education and childcare administrators,11-9030,0230,11,11-0000,Management Occupations,true,official_equivalent_SOC_major_group_prefix,mapped
census_2018,0300,Architectural and engineering managers,11-9041,0300,11,11-0000,Management Occupations,true,official_equivalent_SOC_major_group_prefix,mapped
census_2018,0310,Food service managers,11-9051,0310,11,11-0000,Management Occupations,true,official_equivalent_SOC_major_group_prefix,mapped
census_2018,0325,Funeral home managers,11-9171,0325,11,11-0000,Management Occupations,true,official_equivalent_SOC_major_group_prefix,mapped
census_2018,0335,Entertainment and recreation managers,11-9070,0335,11,11-0000,Management Occupations,true,official_equivalent_SOC_major_group_prefix,mapped
census_2018,0340,Lodging managers,11-9081,0340,11,11-0000,Management Occupations,true,official_equivalent_SOC_major_group_prefix,mapped
census_2018,0350,Medical and health services managers,11-9111,0350,11,11-0000,Management Occupations,true,official_equivalent_SOC_major_group_prefix,mapped
census_2018,0360,Natural sciences managers,11-9121,0360,11,11-0000,Management Occupations,true,official_equivalent_SOC_major_group_prefix,mapped
census_2018,0400,Postmasters and mail superintendents,11-9131,0400,11,11-0000,Management Occupations,true,official_equivalent_SOC_major_group_prefix,mapped
census_2018,0410,"Property, real estate, and community association managers",11-9141,0410,11,11-0000,Management Occupations,true,official_equivalent_SOC_major_group_prefix,mapped
census_2018,0420,Social and community service managers,11-9151,0420,11,11-0000,Management Occupations,true,official_equivalent_SOC_major_group_prefix,mapped
census_2018,0425,Emergency management directors,11-9161,0425,11,11-0000,Management Occupations,true,official_equivalent_SOC_major_group_prefix,mapped
census_2018,0426,"Personal service managers, all other",11-9179,0426,11,11-0000,Management Occupations,true,official_equivalent_SOC_major_group_prefix,mapped
census_2018,0440,"Managers, all other",11-9199,0440,11,11-0000,Management Occupations,true,official_equivalent_SOC_major_group_prefix,mapped
census_2018,0500,"Agents and business managers of artists, performers, and athletes",13-1011,0500,13,13-0000,Business and Financial Operations Occupations,true,official_equivalent_SOC_major_group_prefix,mapped
census_2018,0510,"Buyers and purchasing agents, farm products",13-1021,0510,13,13-0000,Business and Financial Operations Occupations,true,official_equivalent_SOC_major_group_prefix,mapped
census_2018,0520,"Wholesale and retail buyers, except farm products",13-1022,0520,13,13-0000,Business and Financial Operations Occupations,true,official_equivalent_SOC_major_group_prefix,mapped
census_2018,0530,"Purchasing agents, except wholesale, retail, and farm products",13-1023,0530,13,13-0000,Business and Financial Operations Occupations,true,official_equivalent_SOC_major_group_prefix,mapped
census_2018,0540,"Claims adjusters, appraisers, examiners, and investigators",13-1030,0540,13,13-0000,Business and Financial Operations Occupations,true,official_equivalent_SOC_major_group_prefix,mapped
census_2018,0565,Compliance officers,13-1041,0565,13,13-0000,Business and Financial Operations Occupations,true,official_equivalent_SOC_major_group_prefix,mapped
census_2018,0600,Cost estimators,13-1051,0600,13,13-0000,Business and Financial Operations Occupations,true,official_equivalent_SOC_major_group_prefix,mapped
census_2018,0630,Human resources workers,13-1070,0630,13,13-0000,Business and Financial Operations Occupations,true,official_equivalent_SOC_major_group_prefix,mapped
census_2018,0640,"Compensation, benefits, and job analysis specialists",13-1141,0640,13,13-0000,Business and Financial Operations Occupations,true,official_equivalent_SOC_major_group_prefix,mapped
census_2018,0650,Training and development specialists,13-1151,0650,13,13-0000,Business and Financial Operations Occupations,true,official_equivalent_SOC_major_group_prefix,mapped
census_2018,0700,Logisticians,13-1081,0700,13,13-0000,Business and Financial Operations Occupations,true,official_equivalent_SOC_major_group_prefix,mapped
census_2018,0705,Project management specialists,13-1082,0705,13,13-0000,Business and Financial Operations Occupations,true,official_equivalent_SOC_major_group_prefix,mapped
census_2018,0710,Management analysts,13-1111,0710,13,13-0000,Business and Financial Operations Occupations,true,official_equivalent_SOC_major_group_prefix,mapped
census_2018,0725,"Meeting, convention, and event planners",13-1121,0725,13,13-0000,Business and Financial Operations Occupations,true,official_equivalent_SOC_major_group_prefix,mapped
census_2018,0726,Fundraisers,13-1131,0726,13,13-0000,Business and Financial Operations Occupations,true,official_equivalent_SOC_major_group_prefix,mapped
census_2018,0735,Market research analysts and marketing specialists,13-1161,0735,13,13-0000,Business and Financial Operations Occupations,true,official_equivalent_SOC_major_group_prefix,mapped
census_2018,0750,"Business operations specialists, all other",13-1199,0750,13,13-0000,Business and Financial Operations Occupations,true,official_equivalent_SOC_major_group_prefix,mapped
census_2018,0800,Accountants and auditors,13-2011,0800,13,13-0000,Business and Financial Operations Occupations,true,official_equivalent_SOC_major_group_prefix,mapped
census_2018,0810,Property appraisers and assessors,13-2020,0810,13,13-0000,Business and Financial Operations Occupations,true,official_equivalent_SOC_major_group_prefix,mapped
census_2018,0820,Budget analysts,13-2031,0820,13,13-0000,Business and Financial Operations Occupations,true,official_equivalent_SOC_major_group_prefix,mapped
census_2018,0830,Credit analysts,13-2041,0830,13,13-0000,Business and Financial Operations Occupations,true,official_equivalent_SOC_major_group_prefix,mapped
census_2018,0845,Financial and investment analysts,13-2051,0845,13,13-0000,Business and Financial Operations Occupations,true,official_equivalent_SOC_major_group_prefix,mapped
census_2018,0850,Personal financial advisors,13-2052,0850,13,13-0000,Business and Financial Operations Occupations,true,official_equivalent_SOC_major_group_prefix,mapped
census_2018,0860,Insurance underwriters,13-2053,0860,13,13-0000,Business and Financial Operations Occupations,true,official_equivalent_SOC_major_group_prefix,mapped
census_2018,0900,Financial examiners,13-2061,0900,13,13-0000,Business and Financial Operations Occupations,true,official_equivalent_SOC_major_group_prefix,mapped
census_2018,0910,Credit counselors and loan officers,13-2070,0910,13,13-0000,Business and Financial Operations Occupations,true,official_equivalent_SOC_major_group_prefix,mapped
census_2018,0930,"Tax examiners and collectors, and revenue agents",13-2081,0930,13,13-0000,Business and Financial Operations Occupations,true,official_equivalent_SOC_major_group_prefix,mapped
census_2018,0940,Tax preparers,13-2082,0940,13,13-0000,Business and Financial Operations Occupations,true,official_equivalent_SOC_major_group_prefix,mapped
census_2018,0960,Other financial specialists,13-20XX,0960,13,13-0000,Business and Financial Operations Occupations,true,official_equivalent_SOC_major_group_prefix,mapped
census_2018,1005,Computer and information research scientists,15-1221,1005,15,15-0000,Computer and Mathematical Occupations,true,official_equivalent_SOC_major_group_prefix,mapped
census_2018,1006,Computer systems analysts,15-1211,1006,15,15-0000,Computer and Mathematical Occupations,true,official_equivalent_SOC_major_group_prefix,mapped
census_2018,1007,Information security analysts,15-1212,1007,15,15-0000,Computer and Mathematical Occupations,true,official_equivalent_SOC_major_group_prefix,mapped
census_2018,1010,Computer programmers,15-1251,1010,15,15-0000,Computer and Mathematical Occupations,true,official_equivalent_SOC_major_group_prefix,mapped
census_2018,1021,Software developers,15-1252,1021,15,15-0000,Computer and Mathematical Occupations,true,official_equivalent_SOC_major_group_prefix,mapped
census_2018,1022,Software quality assurance analysts and testers,15-1253,1022,15,15-0000,Computer and Mathematical Occupations,true,official_equivalent_SOC_major_group_prefix,mapped
census_2018,1031,Web developers,15-1254,1031,15,15-0000,Computer and Mathematical Occupations,true,official_equivalent_SOC_major_group_prefix,mapped
census_2018,1032,Web and digital interface designers,15-1255,1032,15,15-0000,Computer and Mathematical Occupations,true,official_equivalent_SOC_major_group_prefix,mapped
census_2018,1050,Computer support specialists,15-1230,1050,15,15-0000,Computer and Mathematical Occupations,true,official_equivalent_SOC_major_group_prefix,mapped
census_2018,1065,Database administrators and architects,15-124X,1065,15,15-0000,Computer and Mathematical Occupations,true,official_equivalent_SOC_major_group_prefix,mapped
census_2018,1105,Network and computer systems administrators,15-1244,1105,15,15-0000,Computer and Mathematical Occupations,true,official_equivalent_SOC_major_group_prefix,mapped
census_2018,1106,Computer network architects,15-1241,1106,15,15-0000,Computer and Mathematical Occupations,true,official_equivalent_SOC_major_group_prefix,mapped
census_2018,1108,"Computer occupations, all other",15-1299,1108,15,15-0000,Computer and Mathematical Occupations,true,official_equivalent_SOC_major_group_prefix,mapped
census_2018,1200,Actuaries,15-2011,1200,15,15-0000,Computer and Mathematical Occupations,true,official_equivalent_SOC_major_group_prefix,mapped
census_2018,1210,Mathematicians,15-2021,1210,15,15-0000,Computer and Mathematical Occupations,true,official_equivalent_SOC_major_group_prefix,mapped
census_2018,1220,Operations research analysts,15-2031,1220,15,15-0000,Computer and Mathematical Occupations,true,official_equivalent_SOC_major_group_prefix,mapped
census_2018,1230,Statisticians,15-2041,1230,15,15-0000,Computer and Mathematical Occupations,true,official_equivalent_SOC_major_group_prefix,mapped
census_2018,1240,Other mathematical science occupations,15-20XX,1240,15,15-0000,Computer and Mathematical Occupations,true,official_equivalent_SOC_major_group_prefix,mapped
census_2018,1305,"Architects, except landscape and naval",17-1011,1305,17,17-0000,Architecture and Engineering Occupations,true,official_equivalent_SOC_major_group_prefix,mapped
census_2018,1306,Landscape architects,17-1012,1306,17,17-0000,Architecture and Engineering Occupations,true,official_equivalent_SOC_major_group_prefix,mapped
census_2018,1310,"Surveyors, cartographers, and photogrammetrists",17-1020,1310,17,17-0000,Architecture and Engineering Occupations,true,official_equivalent_SOC_major_group_prefix,mapped
census_2018,1320,Aerospace engineers,17-2011,1320,17,17-0000,Architecture and Engineering Occupations,true,official_equivalent_SOC_major_group_prefix,mapped
census_2018,1330,Agricultural engineers,17-2021,1330,17,17-0000,Architecture and Engineering Occupations,true,official_equivalent_SOC_major_group_prefix,mapped
census_2018,1340,Bioengineers and biomedical engineers,17-2031,1340,17,17-0000,Architecture and Engineering Occupations,true,official_equivalent_SOC_major_group_prefix,mapped
census_2018,1350,Chemical engineers,17-2041,1350,17,17-0000,Architecture and Engineering Occupations,true,official_equivalent_SOC_major_group_prefix,mapped
census_2018,1360,Civil engineers,17-2051,1360,17,17-0000,Architecture and Engineering Occupations,true,official_equivalent_SOC_major_group_prefix,mapped
census_2018,1400,Computer hardware engineers,17-2061,1400,17,17-0000,Architecture and Engineering Occupations,true,official_equivalent_SOC_major_group_prefix,mapped
census_2018,1410,Electrical and electronics engineers,17-2070,1410,17,17-0000,Architecture and Engineering Occupations,true,official_equivalent_SOC_major_group_prefix,mapped
census_2018,1420,Environmental engineers,17-2081,1420,17,17-0000,Architecture and Engineering Occupations,true,official_equivalent_SOC_major_group_prefix,mapped
census_2018,1430,"Industrial engineers, including health and safety",17-2110,1430,17,17-0000,Architecture and Engineering Occupations,true,official_equivalent_SOC_major_group_prefix,mapped
census_2018,1440,Marine engineers and naval architects,17-2121,1440,17,17-0000,Architecture and Engineering Occupations,true,official_equivalent_SOC_major_group_prefix,mapped
census_2018,1450,Materials engineers,17-2131,1450,17,17-0000,Architecture and Engineering Occupations,true,official_equivalent_SOC_major_group_prefix,mapped
census_2018,1460,Mechanical engineers,17-2141,1460,17,17-0000,Architecture and Engineering Occupations,true,official_equivalent_SOC_major_group_prefix,mapped
census_2018,1500,"Mining and geological engineers, including mining safety engineers",17-2151,1500,17,17-0000,Architecture and Engineering Occupations,true,official_equivalent_SOC_major_group_prefix,mapped
census_2018,1510,Nuclear engineers,17-2161,1510,17,17-0000,Architecture and Engineering Occupations,true,official_equivalent_SOC_major_group_prefix,mapped
census_2018,1520,Petroleum engineers,17-2171,1520,17,17-0000,Architecture and Engineering Occupations,true,official_equivalent_SOC_major_group_prefix,mapped
census_2018,1530,"Engineers, all other",17-2199,1530,17,17-0000,Architecture and Engineering Occupations,true,official_equivalent_SOC_major_group_prefix,mapped
census_2018,1541,Architectural and civil drafters,17-3011,1541,17,17-0000,Architecture and Engineering Occupations,true,official_equivalent_SOC_major_group_prefix,mapped
census_2018,1545,Other drafters,17-301X,1545,17,17-0000,Architecture and Engineering Occupations,true,official_equivalent_SOC_major_group_prefix,mapped
census_2018,1551,Electrical and electronic engineering technologists and technicians,17-3023,1551,17,17-0000,Architecture and Engineering Occupations,true,official_equivalent_SOC_major_group_prefix,mapped
census_2018,1555,"Other engineering technologists and technicians, except drafters",17-302X,1555,17,17-0000,Architecture and Engineering Occupations,true,official_equivalent_SOC_major_group_prefix,mapped
census_2018,1560,Surveying and mapping technicians,17-3031,1560,17,17-0000,Architecture and Engineering Occupations,true,official_equivalent_SOC_major_group_prefix,mapped
census_2018,1600,Agricultural and food scientists,19-1010,1600,19,19-0000,"Life, Physical, and Social Science Occupations",true,official_equivalent_SOC_major_group_prefix,mapped
census_2018,1610,Biological scientists,19-1020,1610,19,19-0000,"Life, Physical, and Social Science Occupations",true,official_equivalent_SOC_major_group_prefix,mapped
census_2018,1640,Conservation scientists and foresters,19-1030,1640,19,19-0000,"Life, Physical, and Social Science Occupations",true,official_equivalent_SOC_major_group_prefix,mapped
census_2018,1650,Medical scientists,19-1040,1650,19,19-0000,"Life, Physical, and Social Science Occupations",true,official_equivalent_SOC_major_group_prefix,mapped
census_2018,1660,"Life scientists, all other",19-1099,1660,19,19-0000,"Life, Physical, and Social Science Occupations",true,official_equivalent_SOC_major_group_prefix,mapped
census_2018,1700,Astronomers and physicists,19-2010,1700,19,19-0000,"Life, Physical, and Social Science Occupations",true,official_equivalent_SOC_major_group_prefix,mapped
census_2018,1710,Atmospheric and space scientists,19-2021,1710,19,19-0000,"Life, Physical, and Social Science Occupations",true,official_equivalent_SOC_major_group_prefix,mapped
census_2018,1720,Chemists and materials scientists,19-2030,1720,19,19-0000,"Life, Physical, and Social Science Occupations",true,official_equivalent_SOC_major_group_prefix,mapped
census_2018,1745,"Environmental scientists and specialists, including health",19-2041,1745,19,19-0000,"Life, Physical, and Social Science Occupations",true,official_equivalent_SOC_major_group_prefix,mapped
census_2018,1750,"Geoscientists and hydrologists, except geographers",19-204X,1750,19,19-0000,"Life, Physical, and Social Science Occupations",true,official_equivalent_SOC_major_group_prefix,mapped
census_2018,1760,"Physical scientists, all other",19-2099,1760,19,19-0000,"Life, Physical, and Social Science Occupations",true,official_equivalent_SOC_major_group_prefix,mapped
census_2018,1800,Economists,19-3011,1800,19,19-0000,"Life, Physical, and Social Science Occupations",true,official_equivalent_SOC_major_group_prefix,mapped
census_2018,1815,Survey researchers,19-3022,1815,19,19-0000,"Life, Physical, and Social Science Occupations",true,official_equivalent_SOC_major_group_prefix,mapped
census_2018,1821,Clinical and counseling psychologists,19-3033,1821,19,19-0000,"Life, Physical, and Social Science Occupations",true,official_equivalent_SOC_major_group_prefix,mapped
census_2018,1822,School psychologists,19-3034,1822,19,19-0000,"Life, Physical, and Social Science Occupations",true,official_equivalent_SOC_major_group_prefix,mapped
census_2018,1825,Other psychologists,19-303X,1825,19,19-0000,"Life, Physical, and Social Science Occupations",true,official_equivalent_SOC_major_group_prefix,mapped
census_2018,1830,Sociologists,19-3041,1830,19,19-0000,"Life, Physical, and Social Science Occupations",true,official_equivalent_SOC_major_group_prefix,mapped
census_2018,1840,Urban and regional planners,19-3051,1840,19,19-0000,"Life, Physical, and Social Science Occupations",true,official_equivalent_SOC_major_group_prefix,mapped
census_2018,1860,Miscellaneous social scientists and related workers,19-3090,1860,19,19-0000,"Life, Physical, and Social Science Occupations",true,official_equivalent_SOC_major_group_prefix,mapped
census_2018,1900,Agricultural and food science technicians,19-4010,1900,19,19-0000,"Life, Physical, and Social Science Occupations",true,official_equivalent_SOC_major_group_prefix,mapped
census_2018,1910,Biological technicians,19-4021,1910,19,19-0000,"Life, Physical, and Social Science Occupations",true,official_equivalent_SOC_major_group_prefix,mapped
census_2018,1920,Chemical technicians,19-4031,1920,19,19-0000,"Life, Physical, and Social Science Occupations",true,official_equivalent_SOC_major_group_prefix,mapped
census_2018,1935,Environmental  science and geoscience technicians,19-4040,1935,19,19-0000,"Life, Physical, and Social Science Occupations",true,official_equivalent_SOC_major_group_prefix,mapped
census_2018,1940,Nuclear technicians,19-4051,1940,19,19-0000,"Life, Physical, and Social Science Occupations",true,official_equivalent_SOC_major_group_prefix,mapped
census_2018,1950,Social science research assistants,19-4061,1950,19,19-0000,"Life, Physical, and Social Science Occupations",true,official_equivalent_SOC_major_group_prefix,mapped
census_2018,1970,"Other life, physical, and social science technicians",19-40XX,1970,19,19-0000,"Life, Physical, and Social Science Occupations",true,official_equivalent_SOC_major_group_prefix,mapped
census_2018,1980,Occupational health and safety specialists and technicians,19-5010,1980,19,19-0000,"Life, Physical, and Social Science Occupations",true,official_equivalent_SOC_major_group_prefix,mapped
census_2018,2001,Substance abuse and behavioral disorder counselors,21-1011,2001,21,21-0000,Community and Social Service Occupations,true,official_equivalent_SOC_major_group_prefix,mapped
census_2018,2002,"Educational, guidance, and career counselors and advisors",21-1012,2002,21,21-0000,Community and Social Service Occupations,true,official_equivalent_SOC_major_group_prefix,mapped
census_2018,2003,Marriage and family therapists,21-1013,2003,21,21-0000,Community and Social Service Occupations,true,official_equivalent_SOC_major_group_prefix,mapped
census_2018,2004,Mental health counselors,21-1014,2004,21,21-0000,Community and Social Service Occupations,true,official_equivalent_SOC_major_group_prefix,mapped
census_2018,2005,Rehabilitation counselors,21-1015,2005,21,21-0000,Community and Social Service Occupations,true,official_equivalent_SOC_major_group_prefix,mapped
census_2018,2006,"Counselors, all other",21-1019,2006,21,21-0000,Community and Social Service Occupations,true,official_equivalent_SOC_major_group_prefix,mapped
census_2018,2011,"Child, family, and school social workers",21-1021,2011,21,21-0000,Community and Social Service Occupations,true,official_equivalent_SOC_major_group_prefix,mapped
census_2018,2012,Healthcare social workers,21-1022,2012,21,21-0000,Community and Social Service Occupations,true,official_equivalent_SOC_major_group_prefix,mapped
census_2018,2013,Mental health and substance abuse social workers,21-1023,2013,21,21-0000,Community and Social Service Occupations,true,official_equivalent_SOC_major_group_prefix,mapped
census_2018,2014,"Social workers, all other",21-1029,2014,21,21-0000,Community and Social Service Occupations,true,official_equivalent_SOC_major_group_prefix,mapped
census_2018,2015,Probation officers and correctional treatment specialists,21-1092,2015,21,21-0000,Community and Social Service Occupations,true,official_equivalent_SOC_major_group_prefix,mapped
census_2018,2016,Social and human service assistants,21-1093,2016,21,21-0000,Community and Social Service Occupations,true,official_equivalent_SOC_major_group_prefix,mapped
census_2018,2025,Other community and social service specialists,21-109X,2025,21,21-0000,Community and Social Service Occupations,true,official_equivalent_SOC_major_group_prefix,mapped
census_2018,2040,Clergy,21-2011,2040,21,21-0000,Community and Social Service Occupations,true,official_equivalent_SOC_major_group_prefix,mapped
census_2018,2050,"Directors, religious activities and education",21-2021,2050,21,21-0000,Community and Social Service Occupations,true,official_equivalent_SOC_major_group_prefix,mapped
census_2018,2060,"Religious workers, all other",21-2099,2060,21,21-0000,Community and Social Service Occupations,true,official_equivalent_SOC_major_group_prefix,mapped
census_2018,2100,Lawyers,23-1011,2100,23,23-0000,Legal Occupations,true,official_equivalent_SOC_major_group_prefix,mapped
census_2018,2105,Judicial law clerks,23-1012,2105,23,23-0000,Legal Occupations,true,official_equivalent_SOC_major_group_prefix,mapped
census_2018,2110,"Judges, magistrates, and other judicial workers",23-1020,2110,23,23-0000,Legal Occupations,true,official_equivalent_SOC_major_group_prefix,mapped
census_2018,2145,Paralegals and legal assistants,23-2011,2145,23,23-0000,Legal Occupations,true,official_equivalent_SOC_major_group_prefix,mapped
census_2018,2170,"Title examiners, abstractors, and searchers",23-2093,2170,23,23-0000,Legal Occupations,true,official_equivalent_SOC_major_group_prefix,mapped
census_2018,2180,"Legal support workers, all other",23-2099,2180,23,23-0000,Legal Occupations,true,official_equivalent_SOC_major_group_prefix,mapped
census_2018,2205,Postsecondary teachers,25-1000,2205,25,25-0000,"Education, Training, and Library Occupations",true,official_equivalent_SOC_major_group_prefix,mapped
census_2018,2300,Preschool and kindergarten teachers,25-2010,2300,25,25-0000,"Education, Training, and Library Occupations",true,official_equivalent_SOC_major_group_prefix,mapped
census_2018,2310,Elementary and middle school teachers,25-2020,2310,25,25-0000,"Education, Training, and Library Occupations",true,official_equivalent_SOC_major_group_prefix,mapped
census_2018,2320,Secondary school teachers,25-2030,2320,25,25-0000,"Education, Training, and Library Occupations",true,official_equivalent_SOC_major_group_prefix,mapped
census_2018,2330,Special education teachers,25-2050,2330,25,25-0000,"Education, Training, and Library Occupations",true,official_equivalent_SOC_major_group_prefix,mapped
census_2018,2350,Tutors,25-3041,2350,25,25-0000,"Education, Training, and Library Occupations",true,official_equivalent_SOC_major_group_prefix,mapped
census_2018,2360,Other teachers and instructors,25-30XX,2360,25,25-0000,"Education, Training, and Library Occupations",true,official_equivalent_SOC_major_group_prefix,mapped
census_2018,2400,"Archivists, curators, and museum technicians",25-4010,2400,25,25-0000,"Education, Training, and Library Occupations",true,official_equivalent_SOC_major_group_prefix,mapped
census_2018,2435,Librarians and media collections specialists,25-4022,2435,25,25-0000,"Education, Training, and Library Occupations",true,official_equivalent_SOC_major_group_prefix,mapped
census_2018,2440,Library technicians,25-4031,2440,25,25-0000,"Education, Training, and Library Occupations",true,official_equivalent_SOC_major_group_prefix,mapped
census_2018,2545,Teaching assistants,25-9040,2545,25,25-0000,"Education, Training, and Library Occupations",true,official_equivalent_SOC_major_group_prefix,mapped
census_2018,2555,Other educational instruction and library workers,25-90XX,2555,25,25-0000,"Education, Training, and Library Occupations",true,official_equivalent_SOC_major_group_prefix,mapped
census_2018,2600,Artists and related workers,27-1010,2600,27,27-0000,"Arts, Design, Entertainment, Sports, and Media Occupations",true,official_equivalent_SOC_major_group_prefix,mapped
census_2018,2631,Commercial and industrial designers,27-1021,2631,27,27-0000,"Arts, Design, Entertainment, Sports, and Media Occupations",true,official_equivalent_SOC_major_group_prefix,mapped
census_2018,2632,Fashion designers,27-1022,2632,27,27-0000,"Arts, Design, Entertainment, Sports, and Media Occupations",true,official_equivalent_SOC_major_group_prefix,mapped
census_2018,2633,Floral designers,27-1023,2633,27,27-0000,"Arts, Design, Entertainment, Sports, and Media Occupations",true,official_equivalent_SOC_major_group_prefix,mapped
census_2018,2634,Graphic designers,27-1024,2634,27,27-0000,"Arts, Design, Entertainment, Sports, and Media Occupations",true,official_equivalent_SOC_major_group_prefix,mapped
census_2018,2635,Interior designers,27-1025,2635,27,27-0000,"Arts, Design, Entertainment, Sports, and Media Occupations",true,official_equivalent_SOC_major_group_prefix,mapped
census_2018,2636,Merchandise displayers and window trimmers,27-1026,2636,27,27-0000,"Arts, Design, Entertainment, Sports, and Media Occupations",true,official_equivalent_SOC_major_group_prefix,mapped
census_2018,2640,Other designers,27-102X,2640,27,27-0000,"Arts, Design, Entertainment, Sports, and Media Occupations",true,official_equivalent_SOC_major_group_prefix,mapped
census_2018,2700,Actors,27-2011,2700,27,27-0000,"Arts, Design, Entertainment, Sports, and Media Occupations",true,official_equivalent_SOC_major_group_prefix,mapped
census_2018,2710,Producers and directors,27-2012,2710,27,27-0000,"Arts, Design, Entertainment, Sports, and Media Occupations",true,official_equivalent_SOC_major_group_prefix,mapped
census_2018,2721,Athletes and sports competitors,27-2021,2721,27,27-0000,"Arts, Design, Entertainment, Sports, and Media Occupations",true,official_equivalent_SOC_major_group_prefix,mapped
census_2018,2722,Coaches and scouts,27-2022,2722,27,27-0000,"Arts, Design, Entertainment, Sports, and Media Occupations",true,official_equivalent_SOC_major_group_prefix,mapped
census_2018,2723,"Umpires, referees, and other sports officials",27-2023,2723,27,27-0000,"Arts, Design, Entertainment, Sports, and Media Occupations",true,official_equivalent_SOC_major_group_prefix,mapped
census_2018,2740,Dancers and choreographers,27-2030,2740,27,27-0000,"Arts, Design, Entertainment, Sports, and Media Occupations",true,official_equivalent_SOC_major_group_prefix,mapped
census_2018,2751,Music directors and composers,27-2041,2751,27,27-0000,"Arts, Design, Entertainment, Sports, and Media Occupations",true,official_equivalent_SOC_major_group_prefix,mapped
census_2018,2752,Musicians and singers,27-2042,2752,27,27-0000,"Arts, Design, Entertainment, Sports, and Media Occupations",true,official_equivalent_SOC_major_group_prefix,mapped
census_2018,2755,"Disc jockeys, except radio",27-2091,2755,27,27-0000,"Arts, Design, Entertainment, Sports, and Media Occupations",true,official_equivalent_SOC_major_group_prefix,mapped
census_2018,2770,"Entertainers and performers, sports and related workers, all other",27-2099,2770,27,27-0000,"Arts, Design, Entertainment, Sports, and Media Occupations",true,official_equivalent_SOC_major_group_prefix,mapped
census_2018,2805,Broadcast announcers and radio disc jockeys,27-3011,2805,27,27-0000,"Arts, Design, Entertainment, Sports, and Media Occupations",true,official_equivalent_SOC_major_group_prefix,mapped
census_2018,2810,"News analysts, reporters, and journalists",27-3023,2810,27,27-0000,"Arts, Design, Entertainment, Sports, and Media Occupations",true,official_equivalent_SOC_major_group_prefix,mapped
census_2018,2825,Public relations specialists,27-3031,2825,27,27-0000,"Arts, Design, Entertainment, Sports, and Media Occupations",true,official_equivalent_SOC_major_group_prefix,mapped
census_2018,2830,Editors,27-3041,2830,27,27-0000,"Arts, Design, Entertainment, Sports, and Media Occupations",true,official_equivalent_SOC_major_group_prefix,mapped
census_2018,2840,Technical writers,27-3042,2840,27,27-0000,"Arts, Design, Entertainment, Sports, and Media Occupations",true,official_equivalent_SOC_major_group_prefix,mapped
census_2018,2850,Writers and authors,27-3043,2850,27,27-0000,"Arts, Design, Entertainment, Sports, and Media Occupations",true,official_equivalent_SOC_major_group_prefix,mapped
census_2018,2861,Interpreters and translators,27-3091,2861,27,27-0000,"Arts, Design, Entertainment, Sports, and Media Occupations",true,official_equivalent_SOC_major_group_prefix,mapped
census_2018,2862,Court reporters and simultaneous captioners,27-3092,2862,27,27-0000,"Arts, Design, Entertainment, Sports, and Media Occupations",true,official_equivalent_SOC_major_group_prefix,mapped
census_2018,2865,"Media and communication workers, all other",27-3099,2865,27,27-0000,"Arts, Design, Entertainment, Sports, and Media Occupations",true,official_equivalent_SOC_major_group_prefix,mapped
census_2018,2905,"Broadcast, sound, and lighting technicians",27-4010,2905,27,27-0000,"Arts, Design, Entertainment, Sports, and Media Occupations",true,official_equivalent_SOC_major_group_prefix,mapped
census_2018,2910,Photographers,27-4021,2910,27,27-0000,"Arts, Design, Entertainment, Sports, and Media Occupations",true,official_equivalent_SOC_major_group_prefix,mapped
census_2018,2920,"Television, video, and film camera operators and editors",27-4030,2920,27,27-0000,"Arts, Design, Entertainment, Sports, and Media Occupations",true,official_equivalent_SOC_major_group_prefix,mapped
census_2018,2970,"Media and communication equipment workers, all other",27-4099,2970,27,27-0000,"Arts, Design, Entertainment, Sports, and Media Occupations",true,official_equivalent_SOC_major_group_prefix,mapped
census_2018,3000,Chiropractors,29-1011,3000,29,29-0000,Healthcare Practitioners and Technical Occupations,true,official_equivalent_SOC_major_group_prefix,mapped
census_2018,3010,Dentists,29-1020,3010,29,29-0000,Healthcare Practitioners and Technical Occupations,true,official_equivalent_SOC_major_group_prefix,mapped
census_2018,3030,Dietitians and nutritionists,29-1031,3030,29,29-0000,Healthcare Practitioners and Technical Occupations,true,official_equivalent_SOC_major_group_prefix,mapped
census_2018,3040,Optometrists,29-1041,3040,29,29-0000,Healthcare Practitioners and Technical Occupations,true,official_equivalent_SOC_major_group_prefix,mapped
census_2018,3050,Pharmacists,29-1051,3050,29,29-0000,Healthcare Practitioners and Technical Occupations,true,official_equivalent_SOC_major_group_prefix,mapped
census_2018,3065,Emergency medicine physicians,29-1214,3065,29,29-0000,Healthcare Practitioners and Technical Occupations,true,official_equivalent_SOC_major_group_prefix,mapped
census_2018,3070,Radiologists,29-1224,3070,29,29-0000,Healthcare Practitioners and Technical Occupations,true,official_equivalent_SOC_major_group_prefix,mapped
census_2018,3090,Other physicians,29-12XX,3090,29,29-0000,Healthcare Practitioners and Technical Occupations,true,official_equivalent_SOC_major_group_prefix,mapped
census_2018,3100,Surgeons,29-1240,3100,29,29-0000,Healthcare Practitioners and Technical Occupations,true,official_equivalent_SOC_major_group_prefix,mapped
census_2018,3110,Physician assistants,29-1071,3110,29,29-0000,Healthcare Practitioners and Technical Occupations,true,official_equivalent_SOC_major_group_prefix,mapped
census_2018,3120,Podiatrists,29-1081,3120,29,29-0000,Healthcare Practitioners and Technical Occupations,true,official_equivalent_SOC_major_group_prefix,mapped
census_2018,3140,Audiologists,29-1181,3140,29,29-0000,Healthcare Practitioners and Technical Occupations,true,official_equivalent_SOC_major_group_prefix,mapped
census_2018,3150,Occupational therapists,29-1122,3150,29,29-0000,Healthcare Practitioners and Technical Occupations,true,official_equivalent_SOC_major_group_prefix,mapped
census_2018,3160,Physical therapists,29-1123,3160,29,29-0000,Healthcare Practitioners and Technical Occupations,true,official_equivalent_SOC_major_group_prefix,mapped
census_2018,3200,Radiation therapists,29-1124,3200,29,29-0000,Healthcare Practitioners and Technical Occupations,true,official_equivalent_SOC_major_group_prefix,mapped
census_2018,3210,Recreational therapists,29-1125,3210,29,29-0000,Healthcare Practitioners and Technical Occupations,true,official_equivalent_SOC_major_group_prefix,mapped
census_2018,3220,Respiratory therapists,29-1126,3220,29,29-0000,Healthcare Practitioners and Technical Occupations,true,official_equivalent_SOC_major_group_prefix,mapped
census_2018,3230,Speech-language pathologists,29-1127,3230,29,29-0000,Healthcare Practitioners and Technical Occupations,true,official_equivalent_SOC_major_group_prefix,mapped
census_2018,3235,Exercise physiologists,29-1128,3235,29,29-0000,Healthcare Practitioners and Technical Occupations,true,official_equivalent_SOC_major_group_prefix,mapped
census_2018,3245,"Therapists, all other",29-1129,3245,29,29-0000,Healthcare Practitioners and Technical Occupations,true,official_equivalent_SOC_major_group_prefix,mapped
census_2018,3250,Veterinarians,29-1131,3250,29,29-0000,Healthcare Practitioners and Technical Occupations,true,official_equivalent_SOC_major_group_prefix,mapped
census_2018,3255,Registered nurses,29-1141,3255,29,29-0000,Healthcare Practitioners and Technical Occupations,true,official_equivalent_SOC_major_group_prefix,mapped
census_2018,3256,Nurse anesthetists,29-1151,3256,29,29-0000,Healthcare Practitioners and Technical Occupations,true,official_equivalent_SOC_major_group_prefix,mapped
census_2018,3257,Nurse midwives,29-1161,3257,29,29-0000,Healthcare Practitioners and Technical Occupations,true,official_equivalent_SOC_major_group_prefix,mapped
census_2018,3258,Nurse practitioners,29-1171,3258,29,29-0000,Healthcare Practitioners and Technical Occupations,true,official_equivalent_SOC_major_group_prefix,mapped
census_2018,3261,Acupuncturists,29-1291,3261,29,29-0000,Healthcare Practitioners and Technical Occupations,true,official_equivalent_SOC_major_group_prefix,mapped
census_2018,3270,"Healthcare diagnosing or treating practitioners, all other",29-1299,3270,29,29-0000,Healthcare Practitioners and Technical Occupations,true,official_equivalent_SOC_major_group_prefix,mapped
census_2018,3300,Clinical laboratory technologists and technicians,29-2010,3300,29,29-0000,Healthcare Practitioners and Technical Occupations,true,official_equivalent_SOC_major_group_prefix,mapped
census_2018,3310,Dental hygienists,29-1292,3310,29,29-0000,Healthcare Practitioners and Technical Occupations,true,official_equivalent_SOC_major_group_prefix,mapped
census_2018,3321,Cardiovascular technologists and technicians,29-2031,3321,29,29-0000,Healthcare Practitioners and Technical Occupations,true,official_equivalent_SOC_major_group_prefix,mapped
census_2018,3322,Diagnostic medical sonographers,29-2032,3322,29,29-0000,Healthcare Practitioners and Technical Occupations,true,official_equivalent_SOC_major_group_prefix,mapped
census_2018,3323,Radiologic technologists and technicians,29-2034,3323,29,29-0000,Healthcare Practitioners and Technical Occupations,true,official_equivalent_SOC_major_group_prefix,mapped
census_2018,3324,Magnetic resonance imaging technologists,29-2035,3324,29,29-0000,Healthcare Practitioners and Technical Occupations,true,official_equivalent_SOC_major_group_prefix,mapped
census_2018,3330,Nuclear medicine technologists and medical dosimetrists,29-203X,3330,29,29-0000,Healthcare Practitioners and Technical Occupations,true,official_equivalent_SOC_major_group_prefix,mapped
census_2018,3401,Emergency medical technicians,29-2042,3401,29,29-0000,Healthcare Practitioners and Technical Occupations,true,official_equivalent_SOC_major_group_prefix,mapped
census_2018,3402,Paramedics,29-2043,3402,29,29-0000,Healthcare Practitioners and Technical Occupations,true,official_equivalent_SOC_major_group_prefix,mapped
census_2018,3421,Pharmacy technicians,29-2052,3421,29,29-0000,Healthcare Practitioners and Technical Occupations,true,official_equivalent_SOC_major_group_prefix,mapped
census_2018,3422,Psychiatric technicians,29-2053,3422,29,29-0000,Healthcare Practitioners and Technical Occupations,true,official_equivalent_SOC_major_group_prefix,mapped
census_2018,3423,Surgical technologists,29-2055,3423,29,29-0000,Healthcare Practitioners and Technical Occupations,true,official_equivalent_SOC_major_group_prefix,mapped
census_2018,3424,Veterinary technologists and technicians,29-2056,3424,29,29-0000,Healthcare Practitioners and Technical Occupations,true,official_equivalent_SOC_major_group_prefix,mapped
census_2018,3430,Dietetic technicians and ophthalmic medical technicians,29-205X,3430,29,29-0000,Healthcare Practitioners and Technical Occupations,true,official_equivalent_SOC_major_group_prefix,mapped
census_2018,3500,Licensed practical and licensed vocational nurses,29-2061,3500,29,29-0000,Healthcare Practitioners and Technical Occupations,true,official_equivalent_SOC_major_group_prefix,mapped
census_2018,3515,Medical records specialists,29-2072,3515,29,29-0000,Healthcare Practitioners and Technical Occupations,true,official_equivalent_SOC_major_group_prefix,mapped
census_2018,3520,"Opticians, dispensing",29-2081,3520,29,29-0000,Healthcare Practitioners and Technical Occupations,true,official_equivalent_SOC_major_group_prefix,mapped
census_2018,3545,Miscellaneous health technologists and technicians,29-2090,3545,29,29-0000,Healthcare Practitioners and Technical Occupations,true,official_equivalent_SOC_major_group_prefix,mapped
census_2018,3550,Other healthcare practitioners and technical occupations,29-9000,3550,29,29-0000,Healthcare Practitioners and Technical Occupations,true,official_equivalent_SOC_major_group_prefix,mapped
census_2018,3601,Home health aides,31-1121,3601,31,31-0000,Healthcare Support Occupations,true,official_equivalent_SOC_major_group_prefix,mapped
census_2018,3602,Personal care aides,31-1122,3602,31,31-0000,Healthcare Support Occupations,true,official_equivalent_SOC_major_group_prefix,mapped
census_2018,3603,Nursing assistants,31-1131,3603,31,31-0000,Healthcare Support Occupations,true,official_equivalent_SOC_major_group_prefix,mapped
census_2018,3605,Orderlies and psychiatric aides,31-113X,3605,31,31-0000,Healthcare Support Occupations,true,official_equivalent_SOC_major_group_prefix,mapped
census_2018,3610,Occupational therapy assistants and aides,31-2010,3610,31,31-0000,Healthcare Support Occupations,true,official_equivalent_SOC_major_group_prefix,mapped
census_2018,3620,Physical therapist assistants and aides,31-2020,3620,31,31-0000,Healthcare Support Occupations,true,official_equivalent_SOC_major_group_prefix,mapped
census_2018,3630,Massage therapists,31-9011,3630,31,31-0000,Healthcare Support Occupations,true,official_equivalent_SOC_major_group_prefix,mapped
census_2018,3640,Dental assistants,31-9091,3640,31,31-0000,Healthcare Support Occupations,true,official_equivalent_SOC_major_group_prefix,mapped
census_2018,3645,Medical assistants,31-9092,3645,31,31-0000,Healthcare Support Occupations,true,official_equivalent_SOC_major_group_prefix,mapped
census_2018,3646,Medical transcriptionists,31-9094,3646,31,31-0000,Healthcare Support Occupations,true,official_equivalent_SOC_major_group_prefix,mapped
census_2018,3647,Pharmacy aides,31-9095,3647,31,31-0000,Healthcare Support Occupations,true,official_equivalent_SOC_major_group_prefix,mapped
census_2018,3648,Veterinary assistants and laboratory animal caretakers,31-9096,3648,31,31-0000,Healthcare Support Occupations,true,official_equivalent_SOC_major_group_prefix,mapped
census_2018,3649,Phlebotomists,31-9097,3649,31,31-0000,Healthcare Support Occupations,true,official_equivalent_SOC_major_group_prefix,mapped
census_2018,3655,Other healthcare support workers,31-909X,3655,31,31-0000,Healthcare Support Occupations,true,official_equivalent_SOC_major_group_prefix,mapped
census_2018,3700,First-line supervisors of correctional officers,33-1011,3700,33,33-0000,Protective Service Occupations,true,official_equivalent_SOC_major_group_prefix,mapped
census_2018,3710,First-line supervisors of police and detectives,33-1012,3710,33,33-0000,Protective Service Occupations,true,official_equivalent_SOC_major_group_prefix,mapped
census_2018,3720,First-line supervisors of firefighting and prevention workers,33-1021,3720,33,33-0000,Protective Service Occupations,true,official_equivalent_SOC_major_group_prefix,mapped
census_2018,3725,First-line supervisors of security workers,33-1091,3725,33,33-0000,Protective Service Occupations,true,official_equivalent_SOC_major_group_prefix,mapped
census_2018,3735,"First-line supervisors of protective service workers, all other",33-1099,3735,33,33-0000,Protective Service Occupations,true,official_equivalent_SOC_major_group_prefix,mapped
census_2018,3740,Firefighters,33-2011,3740,33,33-0000,Protective Service Occupations,true,official_equivalent_SOC_major_group_prefix,mapped
census_2018,3750,Fire inspectors,33-2020,3750,33,33-0000,Protective Service Occupations,true,official_equivalent_SOC_major_group_prefix,mapped
census_2018,3801,Bailiffs,33-3011,3801,33,33-0000,Protective Service Occupations,true,official_equivalent_SOC_major_group_prefix,mapped
census_2018,3802,Correctional officers and jailers,33-3012,3802,33,33-0000,Protective Service Occupations,true,official_equivalent_SOC_major_group_prefix,mapped
census_2018,3820,Detectives and criminal investigators,33-3021,3820,33,33-0000,Protective Service Occupations,true,official_equivalent_SOC_major_group_prefix,mapped
census_2018,3830,Fish and game wardens,33-3031,3830,33,33-0000,Protective Service Occupations,true,official_equivalent_SOC_major_group_prefix,mapped
census_2018,3840,Parking enforcement workers,33-3041,3840,33,33-0000,Protective Service Occupations,true,official_equivalent_SOC_major_group_prefix,mapped
census_2018,3870,Police officers,33-3050,3870,33,33-0000,Protective Service Occupations,true,official_equivalent_SOC_major_group_prefix,mapped
census_2018,3900,Animal control workers,33-9011,3900,33,33-0000,Protective Service Occupations,true,official_equivalent_SOC_major_group_prefix,mapped
census_2018,3910,Private detectives and investigators,33-9021,3910,33,33-0000,Protective Service Occupations,true,official_equivalent_SOC_major_group_prefix,mapped
census_2018,3930,Security guards and gambling surveillance officers,33-9030,3930,33,33-0000,Protective Service Occupations,true,official_equivalent_SOC_major_group_prefix,mapped
census_2018,3940,Crossing guards and flaggers,33-9091,3940,33,33-0000,Protective Service Occupations,true,official_equivalent_SOC_major_group_prefix,mapped
census_2018,3945,Transportation security screeners,33-9093,3945,33,33-0000,Protective Service Occupations,true,official_equivalent_SOC_major_group_prefix,mapped
census_2018,3946,School bus monitors,33-9094,3946,33,33-0000,Protective Service Occupations,true,official_equivalent_SOC_major_group_prefix,mapped
census_2018,3960,Other protective service workers,33-909X,3960,33,33-0000,Protective Service Occupations,true,official_equivalent_SOC_major_group_prefix,mapped
census_2018,4000,Chefs and head cooks,35-1011,4000,35,35-0000,Food Preparation and Serving Related Occupations,true,official_equivalent_SOC_major_group_prefix,mapped
census_2018,4010,First-line supervisors of food preparation and serving workers,35-1012,4010,35,35-0000,Food Preparation and Serving Related Occupations,true,official_equivalent_SOC_major_group_prefix,mapped
census_2018,4020,Cooks,35-2010,4020,35,35-0000,Food Preparation and Serving Related Occupations,true,official_equivalent_SOC_major_group_prefix,mapped
census_2018,4030,Food preparation workers,35-2021,4030,35,35-0000,Food Preparation and Serving Related Occupations,true,official_equivalent_SOC_major_group_prefix,mapped
census_2018,4040,Bartenders,35-3011,4040,35,35-0000,Food Preparation and Serving Related Occupations,true,official_equivalent_SOC_major_group_prefix,mapped
census_2018,4055,Fast food and counter workers,35-3023,4055,35,35-0000,Food Preparation and Serving Related Occupations,true,official_equivalent_SOC_major_group_prefix,mapped
census_2018,4110,Waiters and waitresses,35-3031,4110,35,35-0000,Food Preparation and Serving Related Occupations,true,official_equivalent_SOC_major_group_prefix,mapped
census_2018,4120,"Food servers, nonrestaurant",35-3041,4120,35,35-0000,Food Preparation and Serving Related Occupations,true,official_equivalent_SOC_major_group_prefix,mapped
census_2018,4130,Dining room and cafeteria attendants and bartender helpers,35-9011,4130,35,35-0000,Food Preparation and Serving Related Occupations,true,official_equivalent_SOC_major_group_prefix,mapped
census_2018,4140,Dishwashers,35-9021,4140,35,35-0000,Food Preparation and Serving Related Occupations,true,official_equivalent_SOC_major_group_prefix,mapped
census_2018,4150,"Hosts and hostesses, restaurant, lounge, and coffee shop",35-9031,4150,35,35-0000,Food Preparation and Serving Related Occupations,true,official_equivalent_SOC_major_group_prefix,mapped
census_2018,4160,"Food preparation and serving related workers, all other",35-9099,4160,35,35-0000,Food Preparation and Serving Related Occupations,true,official_equivalent_SOC_major_group_prefix,mapped
census_2018,4200,First-line supervisors of housekeeping and janitorial workers,37-1011,4200,37,37-0000,Building and Grounds Cleaning and Maintenance Occupations,true,official_equivalent_SOC_major_group_prefix,mapped
census_2018,4210,"First-line supervisors of landscaping, lawn service, and groundskeeping workers",37-1012,4210,37,37-0000,Building and Grounds Cleaning and Maintenance Occupations,true,official_equivalent_SOC_major_group_prefix,mapped
census_2018,4220,Janitors and building cleaners,37-201X,4220,37,37-0000,Building and Grounds Cleaning and Maintenance Occupations,true,official_equivalent_SOC_major_group_prefix,mapped
census_2018,4230,Maids and housekeeping cleaners,37-2012,4230,37,37-0000,Building and Grounds Cleaning and Maintenance Occupations,true,official_equivalent_SOC_major_group_prefix,mapped
census_2018,4240,Pest control workers,37-2021,4240,37,37-0000,Building and Grounds Cleaning and Maintenance Occupations,true,official_equivalent_SOC_major_group_prefix,mapped
census_2018,4251,Landscaping and groundskeeping workers,37-3011,4251,37,37-0000,Building and Grounds Cleaning and Maintenance Occupations,true,official_equivalent_SOC_major_group_prefix,mapped
census_2018,4252,Tree trimmers and pruners,37-3013,4252,37,37-0000,Building and Grounds Cleaning and Maintenance Occupations,true,official_equivalent_SOC_major_group_prefix,mapped
census_2018,4255,Other grounds maintenance workers,37-301X,4255,37,37-0000,Building and Grounds Cleaning and Maintenance Occupations,true,official_equivalent_SOC_major_group_prefix,mapped
census_2018,4330,Supervisors of personal care and service workers,39-1000,4330,39,39-0000,Personal Care and Service Occupations,true,official_equivalent_SOC_major_group_prefix,mapped
census_2018,4340,Animal trainers,39-2011,4340,39,39-0000,Personal Care and Service Occupations,true,official_equivalent_SOC_major_group_prefix,mapped
census_2018,4350,Animal caretakers,39-2021,4350,39,39-0000,Personal Care and Service Occupations,true,official_equivalent_SOC_major_group_prefix,mapped
census_2018,4400,Gambling services workers,39-3010,4400,39,39-0000,Personal Care and Service Occupations,true,official_equivalent_SOC_major_group_prefix,mapped
census_2018,4420,"Ushers, lobby attendants, and ticket takers",39-3031,4420,39,39-0000,Personal Care and Service Occupations,true,official_equivalent_SOC_major_group_prefix,mapped
census_2018,4435,Other entertainment attendants and related workers,39-30XX,4435,39,39-0000,Personal Care and Service Occupations,true,official_equivalent_SOC_major_group_prefix,mapped
census_2018,4461,"Embalmers, crematory operators and funeral attendants",39-40XX,4461,39,39-0000,Personal Care and Service Occupations,true,official_equivalent_SOC_major_group_prefix,mapped
census_2018,4465,"Morticians, undertakers, and funeral arrangers",39-4031,4465,39,39-0000,Personal Care and Service Occupations,true,official_equivalent_SOC_major_group_prefix,mapped
census_2018,4500,Barbers,39-5011,4500,39,39-0000,Personal Care and Service Occupations,true,official_equivalent_SOC_major_group_prefix,mapped
census_2018,4510,"Hairdressers, hairstylists, and cosmetologists",39-5012,4510,39,39-0000,Personal Care and Service Occupations,true,official_equivalent_SOC_major_group_prefix,mapped
census_2018,4521,Manicurists and pedicurists,39-5092,4521,39,39-0000,Personal Care and Service Occupations,true,official_equivalent_SOC_major_group_prefix,mapped
census_2018,4522,Skincare specialists,39-5094,4522,39,39-0000,Personal Care and Service Occupations,true,official_equivalent_SOC_major_group_prefix,mapped
census_2018,4525,Other personal appearance workers,39-509X,4525,39,39-0000,Personal Care and Service Occupations,true,official_equivalent_SOC_major_group_prefix,mapped
census_2018,4530,"Baggage porters, bellhops, and concierges",39-6010,4530,39,39-0000,Personal Care and Service Occupations,true,official_equivalent_SOC_major_group_prefix,mapped
census_2018,4540,Tour and travel guides,39-7010,4540,39,39-0000,Personal Care and Service Occupations,true,official_equivalent_SOC_major_group_prefix,mapped
census_2018,4600,Childcare workers,39-9011,4600,39,39-0000,Personal Care and Service Occupations,true,official_equivalent_SOC_major_group_prefix,mapped
census_2018,4621,Exercise trainers and group fitness instructors,39-9031,4621,39,39-0000,Personal Care and Service Occupations,true,official_equivalent_SOC_major_group_prefix,mapped
census_2018,4622,Recreation workers,39-9032,4622,39,39-0000,Personal Care and Service Occupations,true,official_equivalent_SOC_major_group_prefix,mapped
census_2018,4640,Residential advisors,39-9041,4640,39,39-0000,Personal Care and Service Occupations,true,official_equivalent_SOC_major_group_prefix,mapped
census_2018,4655,"Personal care and service workers, all other",39-9099,4655,39,39-0000,Personal Care and Service Occupations,true,official_equivalent_SOC_major_group_prefix,mapped
census_2018,4700,First-Line supervisors of retail sales workers,41-1011,4700,41,41-0000,Sales and Related Occupations,true,official_equivalent_SOC_major_group_prefix,mapped
census_2018,4710,First-Line supervisors of non-retail sales workers,41-1012,4710,41,41-0000,Sales and Related Occupations,true,official_equivalent_SOC_major_group_prefix,mapped
census_2018,4720,Cashiers,41-2010,4720,41,41-0000,Sales and Related Occupations,true,official_equivalent_SOC_major_group_prefix,mapped
census_2018,4740,Counter and rental clerks,41-2021,4740,41,41-0000,Sales and Related Occupations,true,official_equivalent_SOC_major_group_prefix,mapped
census_2018,4750,Parts salespersons,41-2022,4750,41,41-0000,Sales and Related Occupations,true,official_equivalent_SOC_major_group_prefix,mapped
census_2018,4760,Retail salespersons,41-2031,4760,41,41-0000,Sales and Related Occupations,true,official_equivalent_SOC_major_group_prefix,mapped
census_2018,4800,Advertising sales agents,41-3011,4800,41,41-0000,Sales and Related Occupations,true,official_equivalent_SOC_major_group_prefix,mapped
census_2018,4810,Insurance sales agents,41-3021,4810,41,41-0000,Sales and Related Occupations,true,official_equivalent_SOC_major_group_prefix,mapped
census_2018,4820,"Securities, commodities, and financial services sales agents",41-3031,4820,41,41-0000,Sales and Related Occupations,true,official_equivalent_SOC_major_group_prefix,mapped
census_2018,4830,Travel agents,41-3041,4830,41,41-0000,Sales and Related Occupations,true,official_equivalent_SOC_major_group_prefix,mapped
census_2018,4840,"Sales representatives of services, except advertising, insurance, financial services, and travel",41-3091,4840,41,41-0000,Sales and Related Occupations,true,official_equivalent_SOC_major_group_prefix,mapped
census_2018,4850,"Sales representatives, wholesale and manufacturing",41-4010,4850,41,41-0000,Sales and Related Occupations,true,official_equivalent_SOC_major_group_prefix,mapped
census_2018,4900,"Models, demonstrators, and product promoters",41-9010,4900,41,41-0000,Sales and Related Occupations,true,official_equivalent_SOC_major_group_prefix,mapped
census_2018,4920,Real estate brokers and sales agents,41-9020,4920,41,41-0000,Sales and Related Occupations,true,official_equivalent_SOC_major_group_prefix,mapped
census_2018,4930,Sales engineers,41-9031,4930,41,41-0000,Sales and Related Occupations,true,official_equivalent_SOC_major_group_prefix,mapped
census_2018,4940,Telemarketers,41-9041,4940,41,41-0000,Sales and Related Occupations,true,official_equivalent_SOC_major_group_prefix,mapped
census_2018,4950,"Door-to-door sales workers, news and street vendors, and related workers",41-9091,4950,41,41-0000,Sales and Related Occupations,true,official_equivalent_SOC_major_group_prefix,mapped
census_2018,4965,"Sales and related workers, all other",41-9099,4965,41,41-0000,Sales and Related Occupations,true,official_equivalent_SOC_major_group_prefix,mapped
census_2018,5000,First-Line supervisors of office and administrative support workers,43-1011,5000,43,43-0000,Office and Administrative Support Occupations,true,official_equivalent_SOC_major_group_prefix,mapped
census_2018,5010,"Switchboard operators, including answering service",43-2011,5010,43,43-0000,Office and Administrative Support Occupations,true,official_equivalent_SOC_major_group_prefix,mapped
census_2018,5020,Telephone operators,43-2021,5020,43,43-0000,Office and Administrative Support Occupations,true,official_equivalent_SOC_major_group_prefix,mapped
census_2018,5040,"Communications equipment operators, all other",43-2099,5040,43,43-0000,Office and Administrative Support Occupations,true,official_equivalent_SOC_major_group_prefix,mapped
census_2018,5100,Bill and account collectors,43-3011,5100,43,43-0000,Office and Administrative Support Occupations,true,official_equivalent_SOC_major_group_prefix,mapped
census_2018,5110,Billing and posting clerks,43-3021,5110,43,43-0000,Office and Administrative Support Occupations,true,official_equivalent_SOC_major_group_prefix,mapped
census_2018,5120,"Bookkeeping, accounting, and auditing clerks",43-3031,5120,43,43-0000,Office and Administrative Support Occupations,true,official_equivalent_SOC_major_group_prefix,mapped
census_2018,5130,Gambling cage workers,43-3041,5130,43,43-0000,Office and Administrative Support Occupations,true,official_equivalent_SOC_major_group_prefix,mapped
census_2018,5140,Payroll and timekeeping clerks,43-3051,5140,43,43-0000,Office and Administrative Support Occupations,true,official_equivalent_SOC_major_group_prefix,mapped
census_2018,5150,Procurement clerks,43-3061,5150,43,43-0000,Office and Administrative Support Occupations,true,official_equivalent_SOC_major_group_prefix,mapped
census_2018,5160,Tellers,43-3071,5160,43,43-0000,Office and Administrative Support Occupations,true,official_equivalent_SOC_major_group_prefix,mapped
census_2018,5165,"Financial clerks, all other",43-3099,5165,43,43-0000,Office and Administrative Support Occupations,true,official_equivalent_SOC_major_group_prefix,mapped
census_2018,5200,Brokerage clerks,43-4011,5200,43,43-0000,Office and Administrative Support Occupations,true,official_equivalent_SOC_major_group_prefix,mapped
census_2018,5210,Correspondence clerks,43-4021,5210,43,43-0000,Office and Administrative Support Occupations,true,official_equivalent_SOC_major_group_prefix,mapped
census_2018,5220,"Court, municipal, and license clerks",43-4031,5220,43,43-0000,Office and Administrative Support Occupations,true,official_equivalent_SOC_major_group_prefix,mapped
census_2018,5230,"Credit authorizers, checkers, and clerks",43-4041,5230,43,43-0000,Office and Administrative Support Occupations,true,official_equivalent_SOC_major_group_prefix,mapped
census_2018,5240,Customer service representatives,43-4051,5240,43,43-0000,Office and Administrative Support Occupations,true,official_equivalent_SOC_major_group_prefix,mapped
census_2018,5250,"Eligibility interviewers, government programs",43-4061,5250,43,43-0000,Office and Administrative Support Occupations,true,official_equivalent_SOC_major_group_prefix,mapped
census_2018,5260,File clerks,43-4071,5260,43,43-0000,Office and Administrative Support Occupations,true,official_equivalent_SOC_major_group_prefix,mapped
census_2018,5300,"Hotel, motel, and resort desk clerks",43-4081,5300,43,43-0000,Office and Administrative Support Occupations,true,official_equivalent_SOC_major_group_prefix,mapped
census_2018,5310,"Interviewers, except eligibility and loan",43-4111,5310,43,43-0000,Office and Administrative Support Occupations,true,official_equivalent_SOC_major_group_prefix,mapped
census_2018,5320,"Library assistants, clerical",43-4121,5320,43,43-0000,Office and Administrative Support Occupations,true,official_equivalent_SOC_major_group_prefix,mapped
census_2018,5330,Loan interviewers and clerks,43-4131,5330,43,43-0000,Office and Administrative Support Occupations,true,official_equivalent_SOC_major_group_prefix,mapped
census_2018,5340,New accounts clerks,43-4141,5340,43,43-0000,Office and Administrative Support Occupations,true,official_equivalent_SOC_major_group_prefix,mapped
census_2018,5350,Order clerks,43-4151,5350,43,43-0000,Office and Administrative Support Occupations,true,official_equivalent_SOC_major_group_prefix,mapped
census_2018,5360,"Human resources assistants, except payroll and timekeeping",43-4161,5360,43,43-0000,Office and Administrative Support Occupations,true,official_equivalent_SOC_major_group_prefix,mapped
census_2018,5400,Receptionists and information clerks,43-4171,5400,43,43-0000,Office and Administrative Support Occupations,true,official_equivalent_SOC_major_group_prefix,mapped
census_2018,5410,Reservation and transportation ticket agents and travel clerks,43-4181,5410,43,43-0000,Office and Administrative Support Occupations,true,official_equivalent_SOC_major_group_prefix,mapped
census_2018,5420,"Information and record clerks, all other",43-4199,5420,43,43-0000,Office and Administrative Support Occupations,true,official_equivalent_SOC_major_group_prefix,mapped
census_2018,5500,Cargo and freight agents,43-5011,5500,43,43-0000,Office and Administrative Support Occupations,true,official_equivalent_SOC_major_group_prefix,mapped
census_2018,5510,Couriers and messengers,43-5021,5510,43,43-0000,Office and Administrative Support Occupations,true,official_equivalent_SOC_major_group_prefix,mapped
census_2018,5521,Public safety telecommunicators,43-5031,5521,43,43-0000,Office and Administrative Support Occupations,true,official_equivalent_SOC_major_group_prefix,mapped
census_2018,5522,"Dispatchers, except police, fire, and ambulance",43-5032,5522,43,43-0000,Office and Administrative Support Occupations,true,official_equivalent_SOC_major_group_prefix,mapped
census_2018,5530,"Meter readers, utilities",43-5041,5530,43,43-0000,Office and Administrative Support Occupations,true,official_equivalent_SOC_major_group_prefix,mapped
census_2018,5540,Postal service clerks,43-5051,5540,43,43-0000,Office and Administrative Support Occupations,true,official_equivalent_SOC_major_group_prefix,mapped
census_2018,5550,Postal service mail carriers,43-5052,5550,43,43-0000,Office and Administrative Support Occupations,true,official_equivalent_SOC_major_group_prefix,mapped
census_2018,5560,"Postal service mail sorters, processors, and processing machine operators",43-5053,5560,43,43-0000,Office and Administrative Support Occupations,true,official_equivalent_SOC_major_group_prefix,mapped
census_2018,5600,"Production, planning, and expediting clerks",43-5061,5600,43,43-0000,Office and Administrative Support Occupations,true,official_equivalent_SOC_major_group_prefix,mapped
census_2018,5610,"Shipping, receiving, and inventory clerks",43-5071,5610,43,43-0000,Office and Administrative Support Occupations,true,official_equivalent_SOC_major_group_prefix,mapped
census_2018,5630,"Weighers, measurers, checkers, and samplers, recordkeeping",43-5111,5630,43,43-0000,Office and Administrative Support Occupations,true,official_equivalent_SOC_major_group_prefix,mapped
census_2018,5710,Executive secretaries and executive administrative assistants,43-6011,5710,43,43-0000,Office and Administrative Support Occupations,true,official_equivalent_SOC_major_group_prefix,mapped
census_2018,5720,Legal secretaries and administrative assistants,43-6012,5720,43,43-0000,Office and Administrative Support Occupations,true,official_equivalent_SOC_major_group_prefix,mapped
census_2018,5730,Medical secretaries and administrative assistants,43-6013,5730,43,43-0000,Office and Administrative Support Occupations,true,official_equivalent_SOC_major_group_prefix,mapped
census_2018,5740,"Secretaries and administrative assistants, except legal, medical, and executive",43-6014,5740,43,43-0000,Office and Administrative Support Occupations,true,official_equivalent_SOC_major_group_prefix,mapped
census_2018,5810,Data entry keyers,43-9021,5810,43,43-0000,Office and Administrative Support Occupations,true,official_equivalent_SOC_major_group_prefix,mapped
census_2018,5820,Word processors and typists,43-9022,5820,43,43-0000,Office and Administrative Support Occupations,true,official_equivalent_SOC_major_group_prefix,mapped
census_2018,5830,Desktop publishers,43-9031,5830,43,43-0000,Office and Administrative Support Occupations,true,official_equivalent_SOC_major_group_prefix,mapped
census_2018,5840,Insurance claims and policy processing clerks,43-9041,5840,43,43-0000,Office and Administrative Support Occupations,true,official_equivalent_SOC_major_group_prefix,mapped
census_2018,5850,"Mail clerks and mail machine operators, except postal service",43-9051,5850,43,43-0000,Office and Administrative Support Occupations,true,official_equivalent_SOC_major_group_prefix,mapped
census_2018,5860,"Office clerks, general",43-9061,5860,43,43-0000,Office and Administrative Support Occupations,true,official_equivalent_SOC_major_group_prefix,mapped
census_2018,5900,"Office machine operators, except computer",43-9071,5900,43,43-0000,Office and Administrative Support Occupations,true,official_equivalent_SOC_major_group_prefix,mapped
census_2018,5910,Proofreaders and copy markers,43-9081,5910,43,43-0000,Office and Administrative Support Occupations,true,official_equivalent_SOC_major_group_prefix,mapped
census_2018,5920,Statistical assistants,43-9111,5920,43,43-0000,Office and Administrative Support Occupations,true,official_equivalent_SOC_major_group_prefix,mapped
census_2018,5940,"Office and administrative support workers, all other",43-9199,5940,43,43-0000,Office and Administrative Support Occupations,true,official_equivalent_SOC_major_group_prefix,mapped
census_2018,6005,"First-line supervisors of farming, fishing, and forestry workers",45-1011,6005,45,45-0000,"Farming, Fishing, and Forestry Occupations",true,official_equivalent_SOC_major_group_prefix,mapped
census_2018,6010,Agricultural inspectors,45-2011,6010,45,45-0000,"Farming, Fishing, and Forestry Occupations",true,official_equivalent_SOC_major_group_prefix,mapped
census_2018,6020,Animal breeders,45-2021,6020,45,45-0000,"Farming, Fishing, and Forestry Occupations",true,official_equivalent_SOC_major_group_prefix,mapped
census_2018,6040,"Graders and sorters, agricultural products",45-2041,6040,45,45-0000,"Farming, Fishing, and Forestry Occupations",true,official_equivalent_SOC_major_group_prefix,mapped
census_2018,6050,Miscellaneous agricultural workers,45-2090,6050,45,45-0000,"Farming, Fishing, and Forestry Occupations",true,official_equivalent_SOC_major_group_prefix,mapped
census_2018,6115,Fishing and hunting workers,45-3031,6115,45,45-0000,"Farming, Fishing, and Forestry Occupations",true,official_equivalent_SOC_major_group_prefix,mapped
census_2018,6120,Forest and conservation workers,45-4011,6120,45,45-0000,"Farming, Fishing, and Forestry Occupations",true,official_equivalent_SOC_major_group_prefix,mapped
census_2018,6130,Logging workers,45-4020,6130,45,45-0000,"Farming, Fishing, and Forestry Occupations",true,official_equivalent_SOC_major_group_prefix,mapped
census_2018,6200,First-line supervisors of construction trades and extraction workers,47-1011,6200,47,47-0000,Construction and Extraction Occupations,true,official_equivalent_SOC_major_group_prefix,mapped
census_2018,6210,Boilermakers,47-2011,6210,47,47-0000,Construction and Extraction Occupations,true,official_equivalent_SOC_major_group_prefix,mapped
census_2018,6220,"Brickmasons, blockmasons, and stonemasons",47-2020,6220,47,47-0000,Construction and Extraction Occupations,true,official_equivalent_SOC_major_group_prefix,mapped
census_2018,6230,Carpenters,47-2031,6230,47,47-0000,Construction and Extraction Occupations,true,official_equivalent_SOC_major_group_prefix,mapped
census_2018,6240,"Carpet, floor, and tile installers and finishers",47-2040,6240,47,47-0000,Construction and Extraction Occupations,true,official_equivalent_SOC_major_group_prefix,mapped
census_2018,6250,"Cement masons, concrete finishers, and terrazzo workers",47-2050,6250,47,47-0000,Construction and Extraction Occupations,true,official_equivalent_SOC_major_group_prefix,mapped
census_2018,6260,Construction laborers,47-2061,6260,47,47-0000,Construction and Extraction Occupations,true,official_equivalent_SOC_major_group_prefix,mapped
census_2018,6305,Construction equipment operators,47-2070,6305,47,47-0000,Construction and Extraction Occupations,true,official_equivalent_SOC_major_group_prefix,mapped
census_2018,6330,"Drywall installers, ceiling tile installers, and tapers",47-2080,6330,47,47-0000,Construction and Extraction Occupations,true,official_equivalent_SOC_major_group_prefix,mapped
census_2018,6355,Electricians,47-2111,6355,47,47-0000,Construction and Extraction Occupations,true,official_equivalent_SOC_major_group_prefix,mapped
census_2018,6360,Glaziers,47-2121,6360,47,47-0000,Construction and Extraction Occupations,true,official_equivalent_SOC_major_group_prefix,mapped
census_2018,6400,Insulation workers,47-2130,6400,47,47-0000,Construction and Extraction Occupations,true,official_equivalent_SOC_major_group_prefix,mapped
census_2018,6410,Painters and paperhangers,47-2140,6410,47,47-0000,Construction and Extraction Occupations,true,official_equivalent_SOC_major_group_prefix,mapped
census_2018,6441,Pipelayers,47-2151,6441,47,47-0000,Construction and Extraction Occupations,true,official_equivalent_SOC_major_group_prefix,mapped
census_2018,6442,"Plumbers, pipefitters, and steamfitters",47-2152,6442,47,47-0000,Construction and Extraction Occupations,true,official_equivalent_SOC_major_group_prefix,mapped
census_2018,6460,Plasterers and stucco masons,47-2161,6460,47,47-0000,Construction and Extraction Occupations,true,official_equivalent_SOC_major_group_prefix,mapped
census_2018,6500,Reinforcing iron and rebar workers,47-2171,6500,47,47-0000,Construction and Extraction Occupations,true,official_equivalent_SOC_major_group_prefix,mapped
census_2018,6515,Roofers,47-2181,6515,47,47-0000,Construction and Extraction Occupations,true,official_equivalent_SOC_major_group_prefix,mapped
census_2018,6520,Sheet metal workers,47-2211,6520,47,47-0000,Construction and Extraction Occupations,true,official_equivalent_SOC_major_group_prefix,mapped
census_2018,6530,Structural iron and steel workers,47-2221,6530,47,47-0000,Construction and Extraction Occupations,true,official_equivalent_SOC_major_group_prefix,mapped
census_2018,6540,Solar photovoltaic installers,47-2231,6540,47,47-0000,Construction and Extraction Occupations,true,official_equivalent_SOC_major_group_prefix,mapped
census_2018,6600,"Helpers, construction trades",47-3010,6600,47,47-0000,Construction and Extraction Occupations,true,official_equivalent_SOC_major_group_prefix,mapped
census_2018,6660,Construction and building inspectors,47-4011,6660,47,47-0000,Construction and Extraction Occupations,true,official_equivalent_SOC_major_group_prefix,mapped
census_2018,6700,Elevator and escalator installers and repairers,47-4021,6700,47,47-0000,Construction and Extraction Occupations,true,official_equivalent_SOC_major_group_prefix,mapped
census_2018,6710,Fence erectors,47-4031,6710,47,47-0000,Construction and Extraction Occupations,true,official_equivalent_SOC_major_group_prefix,mapped
census_2018,6720,Hazardous materials removal workers,47-4041,6720,47,47-0000,Construction and Extraction Occupations,true,official_equivalent_SOC_major_group_prefix,mapped
census_2018,6730,Highway maintenance workers,47-4051,6730,47,47-0000,Construction and Extraction Occupations,true,official_equivalent_SOC_major_group_prefix,mapped
census_2018,6740,Rail-track laying and maintenance equipment operators,47-4061,6740,47,47-0000,Construction and Extraction Occupations,true,official_equivalent_SOC_major_group_prefix,mapped
census_2018,6750,Septic tank servicers and sewer pipe cleaners,47-4071,6750,47,47-0000,Construction and Extraction Occupations,true,official_equivalent_SOC_major_group_prefix,mapped
census_2018,6765,Miscellaneous construction and related workers,47-4090,6765,47,47-0000,Construction and Extraction Occupations,true,official_equivalent_SOC_major_group_prefix,mapped
census_2018,6800,"Derrick, rotary drill, and service unit operators, oil and gas",47-5010,6800,47,47-0000,Construction and Extraction Occupations,true,official_equivalent_SOC_major_group_prefix,mapped
census_2018,6821,"Excavating and loading machine and dragline operators, surface mining",47-5022,6821,47,47-0000,Construction and Extraction Occupations,true,official_equivalent_SOC_major_group_prefix,mapped
census_2018,6825,"Earth drillers, except oil and gas",47-5023,6825,47,47-0000,Construction and Extraction Occupations,true,official_equivalent_SOC_major_group_prefix,mapped
census_2018,6835,"Explosives workers, ordnance handling experts, and blasters",47-5032,6835,47,47-0000,Construction and Extraction Occupations,true,official_equivalent_SOC_major_group_prefix,mapped
census_2018,6850,Underground mining machine operators,47-5040,6850,47,47-0000,Construction and Extraction Occupations,true,official_equivalent_SOC_major_group_prefix,mapped
census_2018,6920,"Roustabouts, oil and gas",47-5071,6920,47,47-0000,Construction and Extraction Occupations,true,official_equivalent_SOC_major_group_prefix,mapped
census_2018,6950,Other extraction workers,47-50XX,6950,47,47-0000,Construction and Extraction Occupations,true,official_equivalent_SOC_major_group_prefix,mapped
census_2018,7000,"First-line supervisors of mechanics, installers, and repairers",49-1011,7000,49,49-0000,"Installation, Maintenance, and Repair Occupations",true,official_equivalent_SOC_major_group_prefix,mapped
census_2018,7010,"Computer, automated teller, and office machine repairers",49-2011,7010,49,49-0000,"Installation, Maintenance, and Repair Occupations",true,official_equivalent_SOC_major_group_prefix,mapped
census_2018,7020,Radio and telecommunications equipment installers and repairers,49-2020,7020,49,49-0000,"Installation, Maintenance, and Repair Occupations",true,official_equivalent_SOC_major_group_prefix,mapped
census_2018,7030,Avionics technicians,49-2091,7030,49,49-0000,"Installation, Maintenance, and Repair Occupations",true,official_equivalent_SOC_major_group_prefix,mapped
census_2018,7040,"Electric motor, power tool, and related repairers",49-2092,7040,49,49-0000,"Installation, Maintenance, and Repair Occupations",true,official_equivalent_SOC_major_group_prefix,mapped
census_2018,7050,"Electrical and electronics installers and repairers, transportation equipment",49-2093,7050,49,49-0000,"Installation, Maintenance, and Repair Occupations",true,official_equivalent_SOC_major_group_prefix,mapped
census_2018,7100,"Electrical and electronics repairers, industrial and utility",49-209X,7100,49,49-0000,"Installation, Maintenance, and Repair Occupations",true,official_equivalent_SOC_major_group_prefix,mapped
census_2018,7110,"Electronic equipment installers and repairers, motor vehicles",49-2096,7110,49,49-0000,"Installation, Maintenance, and Repair Occupations",true,official_equivalent_SOC_major_group_prefix,mapped
census_2018,7120,Audiovisual equipment installers and repairers,49-2097,7120,49,49-0000,"Installation, Maintenance, and Repair Occupations",true,official_equivalent_SOC_major_group_prefix,mapped
census_2018,7130,Security and fire alarm systems installers,49-2098,7130,49,49-0000,"Installation, Maintenance, and Repair Occupations",true,official_equivalent_SOC_major_group_prefix,mapped
census_2018,7140,Aircraft mechanics and service technicians,49-3011,7140,49,49-0000,"Installation, Maintenance, and Repair Occupations",true,official_equivalent_SOC_major_group_prefix,mapped
census_2018,7150,Automotive body and related repairers,49-3021,7150,49,49-0000,"Installation, Maintenance, and Repair Occupations",true,official_equivalent_SOC_major_group_prefix,mapped
census_2018,7160,Automotive glass installers and repairers,49-3022,7160,49,49-0000,"Installation, Maintenance, and Repair Occupations",true,official_equivalent_SOC_major_group_prefix,mapped
census_2018,7200,Automotive service technicians and mechanics,49-3023,7200,49,49-0000,"Installation, Maintenance, and Repair Occupations",true,official_equivalent_SOC_major_group_prefix,mapped
census_2018,7210,Bus and truck mechanics and diesel engine specialists,49-3031,7210,49,49-0000,"Installation, Maintenance, and Repair Occupations",true,official_equivalent_SOC_major_group_prefix,mapped
census_2018,7220,Heavy vehicle and mobile equipment service technicians and mechanics,49-3040,7220,49,49-0000,"Installation, Maintenance, and Repair Occupations",true,official_equivalent_SOC_major_group_prefix,mapped
census_2018,7240,Small engine mechanics,49-3050,7240,49,49-0000,"Installation, Maintenance, and Repair Occupations",true,official_equivalent_SOC_major_group_prefix,mapped
census_2018,7260,"Miscellaneous vehicle and mobile equipment mechanics, installers, and repairers",49-3090,7260,49,49-0000,"Installation, Maintenance, and Repair Occupations",true,official_equivalent_SOC_major_group_prefix,mapped
census_2018,7300,Control and valve installers and repairers,49-9010,7300,49,49-0000,"Installation, Maintenance, and Repair Occupations",true,official_equivalent_SOC_major_group_prefix,mapped
census_2018,7315,"Heating, air conditioning, and refrigeration mechanics and installers",49-9021,7315,49,49-0000,"Installation, Maintenance, and Repair Occupations",true,official_equivalent_SOC_major_group_prefix,mapped
census_2018,7320,Home appliance repairers,49-9031,7320,49,49-0000,"Installation, Maintenance, and Repair Occupations",true,official_equivalent_SOC_major_group_prefix,mapped
census_2018,7330,Industrial and refractory machinery mechanics,49-904X,7330,49,49-0000,"Installation, Maintenance, and Repair Occupations",true,official_equivalent_SOC_major_group_prefix,mapped
census_2018,7340,"Maintenance and repair workers, general",49-9071,7340,49,49-0000,"Installation, Maintenance, and Repair Occupations",true,official_equivalent_SOC_major_group_prefix,mapped
census_2018,7350,"Maintenance workers, machinery",49-9043,7350,49,49-0000,"Installation, Maintenance, and Repair Occupations",true,official_equivalent_SOC_major_group_prefix,mapped
census_2018,7360,Millwrights,49-9044,7360,49,49-0000,"Installation, Maintenance, and Repair Occupations",true,official_equivalent_SOC_major_group_prefix,mapped
census_2018,7410,Electrical power-line installers and repairers,49-9051,7410,49,49-0000,"Installation, Maintenance, and Repair Occupations",true,official_equivalent_SOC_major_group_prefix,mapped
census_2018,7420,Telecommunications line installers and repairers,49-9052,7420,49,49-0000,"Installation, Maintenance, and Repair Occupations",true,official_equivalent_SOC_major_group_prefix,mapped
census_2018,7430,Precision instrument and equipment repairers,49-9060,7430,49,49-0000,"Installation, Maintenance, and Repair Occupations",true,official_equivalent_SOC_major_group_prefix,mapped
census_2018,7440,Wind turbine service technicians,49-9081,7440,49,49-0000,"Installation, Maintenance, and Repair Occupations",true,official_equivalent_SOC_major_group_prefix,mapped
census_2018,7510,"Coin, vending, and amusement machine servicers and repairers",49-9091,7510,49,49-0000,"Installation, Maintenance, and Repair Occupations",true,official_equivalent_SOC_major_group_prefix,mapped
census_2018,7520,Commercial divers,49-9092,7520,49,49-0000,"Installation, Maintenance, and Repair Occupations",true,official_equivalent_SOC_major_group_prefix,mapped
census_2018,7540,Locksmiths and safe repairers,49-9094,7540,49,49-0000,"Installation, Maintenance, and Repair Occupations",true,official_equivalent_SOC_major_group_prefix,mapped
census_2018,7550,Manufactured building and mobile home installers,49-9095,7550,49,49-0000,"Installation, Maintenance, and Repair Occupations",true,official_equivalent_SOC_major_group_prefix,mapped
census_2018,7560,Riggers,49-9096,7560,49,49-0000,"Installation, Maintenance, and Repair Occupations",true,official_equivalent_SOC_major_group_prefix,mapped
census_2018,7610,"Helpers--installation, maintenance, and repair workers",49-9098,7610,49,49-0000,"Installation, Maintenance, and Repair Occupations",true,official_equivalent_SOC_major_group_prefix,mapped
census_2018,7640,"Other installation, maintenance, and repair workers",49-909X,7640,49,49-0000,"Installation, Maintenance, and Repair Occupations",true,official_equivalent_SOC_major_group_prefix,mapped
census_2018,7700,First-line supervisors of production and operating workers,51-1011,7700,51,51-0000,Production Occupations,true,official_equivalent_SOC_major_group_prefix,mapped
census_2018,7710,"Aircraft structure, surfaces, rigging, and systems assemblers",51-2011,7710,51,51-0000,Production Occupations,true,official_equivalent_SOC_major_group_prefix,mapped
census_2018,7720,"Electrical, electronics, and electromechanical assemblers",51-2020,7720,51,51-0000,Production Occupations,true,official_equivalent_SOC_major_group_prefix,mapped
census_2018,7730,Engine and other machine assemblers,51-2031,7730,51,51-0000,Production Occupations,true,official_equivalent_SOC_major_group_prefix,mapped
census_2018,7740,Structural metal fabricators and fitters,51-2041,7740,51,51-0000,Production Occupations,true,official_equivalent_SOC_major_group_prefix,mapped
census_2018,7750,Other assemblers and fabricators,51-20XX,7750,51,51-0000,Production Occupations,true,official_equivalent_SOC_major_group_prefix,mapped
census_2018,7800,Bakers,51-3011,7800,51,51-0000,Production Occupations,true,official_equivalent_SOC_major_group_prefix,mapped
census_2018,7810,"Butchers and other meat, poultry, and fish processing workers",51-3020,7810,51,51-0000,Production Occupations,true,official_equivalent_SOC_major_group_prefix,mapped
census_2018,7830,"Food and tobacco roasting, baking, and drying machine operators and tenders",51-3091,7830,51,51-0000,Production Occupations,true,official_equivalent_SOC_major_group_prefix,mapped
census_2018,7840,Food batchmakers,51-3092,7840,51,51-0000,Production Occupations,true,official_equivalent_SOC_major_group_prefix,mapped
census_2018,7850,Food cooking machine operators and tenders,51-3093,7850,51,51-0000,Production Occupations,true,official_equivalent_SOC_major_group_prefix,mapped
census_2018,7855,"Food processing workers, all other",51-3099,7855,51,51-0000,Production Occupations,true,official_equivalent_SOC_major_group_prefix,mapped
census_2018,7905,Computer numerically controlled tool operators and programmers,51-9160,7905,51,51-0000,Production Occupations,true,official_equivalent_SOC_major_group_prefix,mapped
census_2018,7925,"Forming machine setters, operators, and tenders, metal and plastic",51-4020,7925,51,51-0000,Production Occupations,true,official_equivalent_SOC_major_group_prefix,mapped
census_2018,7950,"Cutting, punching, and press machine setters, operators, and tenders, metal and plastic",51-4031,7950,51,51-0000,Production Occupations,true,official_equivalent_SOC_major_group_prefix,mapped
census_2018,8000,"Grinding, lapping, polishing, and buffing machine tool setters, operators, and tenders, metal and plastic",51-4033,8000,51,51-0000,Production Occupations,true,official_equivalent_SOC_major_group_prefix,mapped
census_2018,8025,"Other machine tool setters, operators, and tenders, metal and plastic",51-403X,8025,51,51-0000,Production Occupations,true,official_equivalent_SOC_major_group_prefix,mapped
census_2018,8030,Machinists,51-4041,8030,51,51-0000,Production Occupations,true,official_equivalent_SOC_major_group_prefix,mapped
census_2018,8040,"Metal furnace operators, tenders, pourers, and casters",51-4050,8040,51,51-0000,Production Occupations,true,official_equivalent_SOC_major_group_prefix,mapped
census_2018,8060,"Model makers and patternmakers, metal and plastic",51-4060,8060,51,51-0000,Production Occupations,true,official_equivalent_SOC_major_group_prefix,mapped
census_2018,8100,"Molders and molding machine setters, operators, and tenders, metal and plastic",51-4070,8100,51,51-0000,Production Occupations,true,official_equivalent_SOC_major_group_prefix,mapped
census_2018,8130,Tool and die makers,51-4111,8130,51,51-0000,Production Occupations,true,official_equivalent_SOC_major_group_prefix,mapped
census_2018,8140,"Welding, soldering, and brazing workers",51-4120,8140,51,51-0000,Production Occupations,true,official_equivalent_SOC_major_group_prefix,mapped
census_2018,8225,Other metal workers and plastic workers,51-4XXX,8225,51,51-0000,Production Occupations,true,official_equivalent_SOC_major_group_prefix,mapped
census_2018,8250,Prepress technicians and workers,51-5111,8250,51,51-0000,Production Occupations,true,official_equivalent_SOC_major_group_prefix,mapped
census_2018,8255,Printing press operators,51-5112,8255,51,51-0000,Production Occupations,true,official_equivalent_SOC_major_group_prefix,mapped
census_2018,8256,Print binding and finishing workers,51-5113,8256,51,51-0000,Production Occupations,true,official_equivalent_SOC_major_group_prefix,mapped
census_2018,8300,Laundry and dry-cleaning workers,51-6011,8300,51,51-0000,Production Occupations,true,official_equivalent_SOC_major_group_prefix,mapped
census_2018,8310,"Pressers, textile, garment, and related materials",51-6021,8310,51,51-0000,Production Occupations,true,official_equivalent_SOC_major_group_prefix,mapped
census_2018,8320,Sewing machine operators,51-6031,8320,51,51-0000,Production Occupations,true,official_equivalent_SOC_major_group_prefix,mapped
census_2018,8335,Shoe and leather workers,51-6040,8335,51,51-0000,Production Occupations,true,official_equivalent_SOC_major_group_prefix,mapped
census_2018,8350,"Tailors, dressmakers, and sewers",51-6050,8350,51,51-0000,Production Occupations,true,official_equivalent_SOC_major_group_prefix,mapped
census_2018,8365,"Textile machine setters, operators, and tenders",51-6060,8365,51,51-0000,Production Occupations,true,official_equivalent_SOC_major_group_prefix,mapped
census_2018,8450,Upholsterers,51-6093,8450,51,51-0000,Production Occupations,true,official_equivalent_SOC_major_group_prefix,mapped
census_2018,8465,"Other textile, apparel, and furnishings workers",51-609X,8465,51,51-0000,Production Occupations,true,official_equivalent_SOC_major_group_prefix,mapped
census_2018,8500,Cabinetmakers and bench carpenters,51-7011,8500,51,51-0000,Production Occupations,true,official_equivalent_SOC_major_group_prefix,mapped
census_2018,8510,Furniture finishers,51-7021,8510,51,51-0000,Production Occupations,true,official_equivalent_SOC_major_group_prefix,mapped
census_2018,8530,"Sawing machine setters, operators, and tenders, wood",51-7041,8530,51,51-0000,Production Occupations,true,official_equivalent_SOC_major_group_prefix,mapped
census_2018,8540,"Woodworking machine setters, operators, and tenders, except sawing",51-7042,8540,51,51-0000,Production Occupations,true,official_equivalent_SOC_major_group_prefix,mapped
census_2018,8555,Other woodworkers,51-70XX,8555,51,51-0000,Production Occupations,true,official_equivalent_SOC_major_group_prefix,mapped
census_2018,8600,"Power plant operators, distributors, and dispatchers",51-8010,8600,51,51-0000,Production Occupations,true,official_equivalent_SOC_major_group_prefix,mapped
census_2018,8610,Stationary engineers and boiler operators,51-8021,8610,51,51-0000,Production Occupations,true,official_equivalent_SOC_major_group_prefix,mapped
census_2018,8620,Water and wastewater treatment plant and system operators,51-8031,8620,51,51-0000,Production Occupations,true,official_equivalent_SOC_major_group_prefix,mapped
census_2018,8630,Miscellaneous plant and system operators,51-8090,8630,51,51-0000,Production Occupations,true,official_equivalent_SOC_major_group_prefix,mapped
census_2018,8640,"Chemical processing machine setters, operators, and tenders",51-9010,8640,51,51-0000,Production Occupations,true,official_equivalent_SOC_major_group_prefix,mapped
census_2018,8650,"Crushing, grinding, polishing, mixing, and blending workers",51-9020,8650,51,51-0000,Production Occupations,true,official_equivalent_SOC_major_group_prefix,mapped
census_2018,8710,Cutting workers,51-9030,8710,51,51-0000,Production Occupations,true,official_equivalent_SOC_major_group_prefix,mapped
census_2018,8720,"Extruding, forming, pressing, and compacting machine setters, operators, and tenders",51-9041,8720,51,51-0000,Production Occupations,true,official_equivalent_SOC_major_group_prefix,mapped
census_2018,8730,"Furnace, kiln, oven, drier, and kettle operators and tenders",51-9051,8730,51,51-0000,Production Occupations,true,official_equivalent_SOC_major_group_prefix,mapped
census_2018,8740,"Inspectors, testers, sorters, samplers, and weighers",51-9061,8740,51,51-0000,Production Occupations,true,official_equivalent_SOC_major_group_prefix,mapped
census_2018,8750,Jewelers and precious stone and metal workers,51-9071,8750,51,51-0000,Production Occupations,true,official_equivalent_SOC_major_group_prefix,mapped
census_2018,8760,Dental and ophthalmic laboratory technicians and medical appliance technicians,51-9080,8760,51,51-0000,Production Occupations,true,official_equivalent_SOC_major_group_prefix,mapped
census_2018,8800,Packaging and filling machine operators and tenders,51-9111,8800,51,51-0000,Production Occupations,true,official_equivalent_SOC_major_group_prefix,mapped
census_2018,8810,Painting workers,51-9120,8810,51,51-0000,Production Occupations,true,official_equivalent_SOC_major_group_prefix,mapped
census_2018,8830,Photographic process workers and processing machine operators,51-9151,8830,51,51-0000,Production Occupations,true,official_equivalent_SOC_major_group_prefix,mapped
census_2018,8850,Adhesive bonding machine operators and tenders,51-9191,8850,51,51-0000,Production Occupations,true,official_equivalent_SOC_major_group_prefix,mapped
census_2018,8865,Other production equipment operators and tenders,51-919X,8865,51,51-0000,Production Occupations,true,official_equivalent_SOC_major_group_prefix,mapped
census_2018,8910,Etchers and engravers,51-9194,8910,51,51-0000,Production Occupations,true,official_equivalent_SOC_major_group_prefix,mapped
census_2018,8920,"Molders, shapers, and casters, except metal and plastic",51-9195,8920,51,51-0000,Production Occupations,true,official_equivalent_SOC_major_group_prefix,mapped
census_2018,8930,"Paper goods machine setters, operators, and tenders",51-9196,8930,51,51-0000,Production Occupations,true,official_equivalent_SOC_major_group_prefix,mapped
census_2018,8940,Tire builders,51-9197,8940,51,51-0000,Production Occupations,true,official_equivalent_SOC_major_group_prefix,mapped
census_2018,8950,Helpers--production workers,51-9198,8950,51,51-0000,Production Occupations,true,official_equivalent_SOC_major_group_prefix,mapped
census_2018,8990,Other production workers,51-91XX,8990,51,51-0000,Production Occupations,true,official_equivalent_SOC_major_group_prefix,mapped
census_2018,9005,Supervisors of transportation and material moving workers,53-1000,9005,53,53-0000,Transportation and Material Moving Occupations,true,official_equivalent_SOC_major_group_prefix,mapped
census_2018,9030,Aircraft pilots and flight engineers,53-2010,9030,53,53-0000,Transportation and Material Moving Occupations,true,official_equivalent_SOC_major_group_prefix,mapped
census_2018,9040,Air traffic controllers and airfield operations specialists,53-2020,9040,53,53-0000,Transportation and Material Moving Occupations,true,official_equivalent_SOC_major_group_prefix,mapped
census_2018,9050,Flight attendants,53-2031,9050,53,53-0000,Transportation and Material Moving Occupations,true,official_equivalent_SOC_major_group_prefix,mapped
census_2018,9110,"Ambulance drivers and attendants, except emergency medical technicians",53-3011,9110,53,53-0000,Transportation and Material Moving Occupations,true,official_equivalent_SOC_major_group_prefix,mapped
census_2018,9121,"Bus drivers, school",53-3051,9121,53,53-0000,Transportation and Material Moving Occupations,true,official_equivalent_SOC_major_group_prefix,mapped
census_2018,9122,"Bus drivers, transit and intercity",53-3052,9122,53,53-0000,Transportation and Material Moving Occupations,true,official_equivalent_SOC_major_group_prefix,mapped
census_2018,9130,Driver/sales workers and truck drivers,53-3030,9130,53,53-0000,Transportation and Material Moving Occupations,true,official_equivalent_SOC_major_group_prefix,mapped
census_2018,9141,Shuttle drivers and chauffeurs,53-3053,9141,53,53-0000,Transportation and Material Moving Occupations,true,official_equivalent_SOC_major_group_prefix,mapped
census_2018,9142,Taxi drivers,53-3054,9142,53,53-0000,Transportation and Material Moving Occupations,true,official_equivalent_SOC_major_group_prefix,mapped
census_2018,9150,"Motor vehicle operators, all other",53-3099,9150,53,53-0000,Transportation and Material Moving Occupations,true,official_equivalent_SOC_major_group_prefix,mapped
census_2018,9210,Locomotive engineers and operators,53-4010,9210,53,53-0000,Transportation and Material Moving Occupations,true,official_equivalent_SOC_major_group_prefix,mapped
census_2018,9240,Railroad conductors and yardmasters,53-4031,9240,53,53-0000,Transportation and Material Moving Occupations,true,official_equivalent_SOC_major_group_prefix,mapped
census_2018,9265,Other rail transportation workers,53-40XX,9265,53,53-0000,Transportation and Material Moving Occupations,true,official_equivalent_SOC_major_group_prefix,mapped
census_2018,9300,Sailors and marine oilers,53-5011,9300,53,53-0000,Transportation and Material Moving Occupations,true,official_equivalent_SOC_major_group_prefix,mapped
census_2018,9310,Ship and boat captains and operators,53-5020,9310,53,53-0000,Transportation and Material Moving Occupations,true,official_equivalent_SOC_major_group_prefix,mapped
census_2018,9330,Ship engineers,53-5031,9330,53,53-0000,Transportation and Material Moving Occupations,true,official_equivalent_SOC_major_group_prefix,mapped
census_2018,9350,Parking attendants,53-6021,9350,53,53-0000,Transportation and Material Moving Occupations,true,official_equivalent_SOC_major_group_prefix,mapped
census_2018,9365,Transportation service attendants,53-6030,9365,53,53-0000,Transportation and Material Moving Occupations,true,official_equivalent_SOC_major_group_prefix,mapped
census_2018,9410,Transportation inspectors,53-6051,9410,53,53-0000,Transportation and Material Moving Occupations,true,official_equivalent_SOC_major_group_prefix,mapped
census_2018,9415,Passenger attendants,53-6061,9415,53,53-0000,Transportation and Material Moving Occupations,true,official_equivalent_SOC_major_group_prefix,mapped
census_2018,9430,Other transportation workers,53-60XX,9430,53,53-0000,Transportation and Material Moving Occupations,true,official_equivalent_SOC_major_group_prefix,mapped
census_2018,9510,Crane and tower operators,53-7021,9510,53,53-0000,Transportation and Material Moving Occupations,true,official_equivalent_SOC_major_group_prefix,mapped
census_2018,9570,"Conveyor, dredge, and hoist and winch operators",53-70XX,9570,53,53-0000,Transportation and Material Moving Occupations,true,official_equivalent_SOC_major_group_prefix,mapped
census_2018,9600,Industrial truck and tractor operators,53-7051,9600,53,53-0000,Transportation and Material Moving Occupations,true,official_equivalent_SOC_major_group_prefix,mapped
census_2018,9610,Cleaners of vehicles and equipment,53-7061,9610,53,53-0000,Transportation and Material Moving Occupations,true,official_equivalent_SOC_major_group_prefix,mapped
census_2018,9620,"Laborers and freight, stock, and material movers, hand",53-7062,9620,53,53-0000,Transportation and Material Moving Occupations,true,official_equivalent_SOC_major_group_prefix,mapped
census_2018,9630,Machine feeders and offbearers,53-7063,9630,53,53-0000,Transportation and Material Moving Occupations,true,official_equivalent_SOC_major_group_prefix,mapped
census_2018,9640,"Packers and packagers, hand",53-7064,9640,53,53-0000,Transportation and Material Moving Occupations,true,official_equivalent_SOC_major_group_prefix,mapped
census_2018,9645,Stockers and order fillers,53-7065,9645,53,53-0000,Transportation and Material Moving Occupations,true,official_equivalent_SOC_major_group_prefix,mapped
census_2018,9650,Pumping station operators,53-7070,9650,53,53-0000,Transportation and Material Moving Occupations,true,official_equivalent_SOC_major_group_prefix,mapped
census_2018,9720,Refuse and recyclable material collectors,53-7081,9720,53,53-0000,Transportation and Material Moving Occupations,true,official_equivalent_SOC_major_group_prefix,mapped
census_2018,9760,Other material moving workers,53-71XX,9760,53,53-0000,Transportation and Material Moving Occupations,true,official_equivalent_SOC_major_group_prefix,mapped
census_2018,9800,Military officer special and tactical operations leaders,55-1010,9800,55,55-0000,Military Specific Occupations,false,official_equivalent_SOC_major_group_prefix,mapped
census_2018,9810,First-line enlisted military supervisors,55-2010,9810,55,55-0000,Military Specific Occupations,false,official_equivalent_SOC_major_group_prefix,mapped
census_2018,9825,Military enlisted tactical operations and air/weapons specialists and crew members,55-3010,9825,55,55-0000,Military Specific Occupations,false,official_equivalent_SOC_major_group_prefix,mapped
census_2018,9830,"Military, rank not Specified",,9830,,,,false,official_equivalent_SOC_major_group_prefix,special_unmapped_no_civilian_occupation
census_2018,9920,"Unemployed, with no work experience in the last 5 years or earlier or never worked",,9920,,,,false,official_equivalent_SOC_major_group_prefix,special_unmapped_no_civilian_occupation
